# Blender v2.90.1 OBJ File: 'нож.blend'
# www.blender.org
mtllib knife.mtl
o Cube
v -1.114374 -0.111186 -0.221462
v -1.108858 -0.136053 -0.027167
v -1.114429 -0.149900 -0.178855
v -1.112074 -0.159597 -0.111435
v -1.108858 0.081304 -0.112419
v -1.114374 -0.069023 -0.238000
v -1.112074 0.041281 -0.190222
v -1.114429 -0.011665 -0.233073
v -1.104163 -0.072868 0.115011
v -1.097284 0.091739 0.249016
v -1.100723 -0.020184 0.200917
v -1.098206 0.038724 0.246545
v -1.097284 0.102016 0.244985
v -1.104163 0.131628 0.034805
v -1.098206 0.139214 0.207131
v -1.100723 0.151395 0.133621
v -1.004367 -0.138204 -0.025191
v -1.006594 -0.124867 -0.217833
v -1.005480 -0.162841 -0.109233
v -1.006296 -0.157960 -0.179745
v -1.006594 -0.056522 -0.244638
v -1.004367 0.084226 -0.112432
v -1.006296 -0.006360 -0.239205
v -1.005480 0.045157 -0.190814
v -1.000000 0.083207 0.255421
v -1.002354 -0.072947 0.118620
v -1.000315 0.033054 0.248559
v -1.001177 -0.024103 0.198486
v -1.002354 0.134140 0.037398
v -1.000000 0.112627 0.243882
v -1.001177 0.152616 0.129174
v -1.000315 0.144742 0.204753
v -1.095081 0.078543 0.208895
v -1.095081 0.084417 0.206591
v -1.103099 -0.103523 -0.171459
v -1.103099 -0.040647 -0.196120
v -2.104593 0.080805 0.206024
v -2.067877 -0.102803 -0.169621
v -2.067877 -0.039927 -0.194282
v -1.161263 0.080806 0.206023
v -1.095081 0.078543 0.208895
v -1.095081 0.084417 0.206591
v -1.103099 -0.103523 -0.171459
v -1.153851 -0.103799 -0.172163
v -1.153851 -0.040924 -0.196824
v -1.103099 -0.040647 -0.196120
v -2.875524 0.026158 0.066694
v -3.073607 -0.016654 -0.042459
v -2.704486 0.048650 0.124040
v -2.477638 0.067352 0.171723
v -3.161870 -0.038210 -0.097419
v -3.159662 -0.040358 -0.103692
v -3.159662 -0.040899 -0.103479
v -1.160910 0.075009 0.186840
v -1.160557 0.069212 0.167657
v -1.160204 0.063416 0.148474
v -1.159851 0.057619 0.129291
v -1.159498 0.051822 0.110107
v -1.159145 0.046026 0.090924
v -1.158792 0.040229 0.071741
v -1.158439 0.034433 0.052558
v -1.158086 0.028636 0.033375
v -1.157733 0.022839 0.014192
v -1.157380 0.017043 -0.004992
v -1.157027 0.011246 -0.024175
v -1.156675 0.005449 -0.043358
v -1.156322 -0.000347 -0.062541
v -1.155969 -0.006144 -0.081724
v -1.155616 -0.011940 -0.100908
v -1.155263 -0.017737 -0.120091
v -1.154910 -0.023534 -0.139274
v -1.154557 -0.029330 -0.158457
v -1.154204 -0.035127 -0.177640
v -2.059673 0.080805 0.206024
v -2.014752 0.080805 0.206024
v -1.969832 0.080805 0.206024
v -1.924911 0.080805 0.206024
v -1.879991 0.080805 0.206024
v -1.835070 0.080805 0.206024
v -1.790150 0.080805 0.206024
v -1.745230 0.080805 0.206024
v -1.700309 0.080805 0.206024
v -1.655389 0.080805 0.206024
v -1.610468 0.080805 0.206024
v -1.565548 0.080805 0.206024
v -1.520627 0.080805 0.206024
v -1.475707 0.080805 0.206023
v -1.430786 0.080805 0.206023
v -1.385866 0.080805 0.206023
v -1.340945 0.080805 0.206023
v -1.296025 0.080805 0.206023
v -1.251104 0.080805 0.206023
v -1.206184 0.080806 0.206023
v -2.102845 0.075056 0.186962
v -2.101097 0.069307 0.167899
v -2.099348 0.063558 0.148837
v -2.097600 0.057809 0.129775
v -2.083582 0.053201 0.119530
v -2.074697 0.047435 0.105806
v -2.067926 0.041415 0.090593
v -2.059066 0.035144 0.077100
v -2.053598 0.028830 0.061034
v -2.049209 0.022444 0.044215
v -2.044927 0.013372 0.028399
v -2.041148 0.005414 0.011886
v -2.038951 -0.001704 -0.006105
v -2.038452 -0.007446 -0.026018
v -2.039342 -0.012883 -0.047184
v -2.042355 -0.017973 -0.070110
v -2.048270 -0.020382 -0.096541
v -2.056662 -0.023972 -0.124340
v -2.071374 -0.028429 -0.156158
v -2.069625 -0.034178 -0.175220
v -1.197376 -0.040876 -0.196703
v -1.240901 -0.040829 -0.196582
v -1.284426 -0.040781 -0.196460
v -1.327951 -0.040734 -0.196339
v -1.371476 -0.040686 -0.196218
v -1.415001 -0.040639 -0.196097
v -1.458526 -0.040591 -0.195976
v -1.502051 -0.040544 -0.195855
v -1.545577 -0.040496 -0.195734
v -1.589102 -0.040449 -0.195613
v -1.632627 -0.040401 -0.195492
v -1.676152 -0.040354 -0.195371
v -1.719677 -0.040307 -0.195250
v -1.763202 -0.040259 -0.195129
v -1.806727 -0.040212 -0.195008
v -1.850252 -0.040164 -0.194887
v -1.893777 -0.040117 -0.194766
v -1.937302 -0.040069 -0.194645
v -1.980827 -0.040022 -0.194524
v -2.024352 -0.039974 -0.194403
v -2.712630 0.047579 0.121309
v -2.720775 0.046508 0.118578
v -2.728920 0.045437 0.115848
v -2.737064 0.044366 0.113117
v -2.745209 0.043295 0.110386
v -2.753353 0.042224 0.107655
v -2.761498 0.041153 0.104925
v -2.769643 0.040082 0.102194
v -2.777787 0.039010 0.099463
v -2.785932 0.037939 0.096732
v -2.794076 0.036868 0.094002
v -2.802221 0.035797 0.091271
v -2.810366 0.034726 0.088540
v -2.818511 0.033655 0.085809
v -2.826655 0.032584 0.083079
v -2.834800 0.031513 0.080348
v -2.842945 0.030442 0.077617
v -2.851089 0.029371 0.074887
v -2.859234 0.028300 0.072156
v -2.867379 0.027229 0.069425
v -2.884956 0.024119 0.061497
v -2.894389 0.022081 0.056299
v -2.903821 0.020042 0.051101
v -2.913254 0.018003 0.045903
v -2.922686 0.015965 0.040706
v -2.932119 0.013926 0.035508
v -2.941551 0.011887 0.030310
v -2.950984 0.009849 0.025112
v -2.960417 0.007810 0.019915
v -2.969849 0.005772 0.014717
v -2.979282 0.003733 0.009519
v -2.988714 0.001694 0.004321
v -2.998147 -0.000344 -0.000876
v -3.007579 -0.002383 -0.006074
v -3.017012 -0.004422 -0.011272
v -3.026444 -0.006460 -0.016470
v -3.035877 -0.008499 -0.021667
v -3.045310 -0.010538 -0.026865
v -3.054742 -0.012576 -0.032063
v -3.064175 -0.014615 -0.037261
v -2.122357 0.080165 0.204390
v -2.140121 0.079524 0.202757
v -2.157886 0.078884 0.201124
v -2.175650 0.078243 0.199490
v -2.193414 0.077602 0.197857
v -2.211178 0.076962 0.196223
v -2.228942 0.076321 0.194590
v -2.246706 0.075680 0.192957
v -2.264470 0.075040 0.191323
v -2.282234 0.074399 0.189690
v -2.299998 0.073758 0.188057
v -2.317762 0.073118 0.186423
v -2.335526 0.072477 0.184790
v -2.353291 0.071836 0.183157
v -2.371055 0.071196 0.181523
v -2.388819 0.070555 0.179890
v -2.406583 0.069915 0.178256
v -2.424346 0.069274 0.176623
v -2.442111 0.068633 0.174990
v -2.459875 0.067993 0.173356
v -2.488441 0.066461 0.169452
v -2.499243 0.065571 0.167182
v -2.510045 0.064680 0.164911
v -2.520848 0.063790 0.162640
v -2.531650 0.062899 0.160370
v -2.542452 0.062009 0.158099
v -2.553254 0.061118 0.155829
v -2.564057 0.060227 0.153558
v -2.574859 0.059337 0.151287
v -2.585661 0.058446 0.149017
v -2.596463 0.057556 0.146746
v -2.607266 0.056665 0.144475
v -2.618068 0.055774 0.142205
v -2.628870 0.054884 0.139934
v -2.639673 0.053993 0.137664
v -2.650475 0.053103 0.135393
v -2.661277 0.052212 0.133122
v -2.672079 0.051322 0.130852
v -2.682881 0.050431 0.128581
v -2.693684 0.049540 0.126310
v -3.161765 -0.038312 -0.097718
v -3.161659 -0.038415 -0.098017
v -3.161554 -0.038517 -0.098315
v -3.161449 -0.038619 -0.098614
v -3.161344 -0.038722 -0.098913
v -3.161239 -0.038824 -0.099211
v -3.161134 -0.038926 -0.099510
v -3.161029 -0.039028 -0.099809
v -3.160923 -0.039131 -0.100107
v -3.160818 -0.039233 -0.100406
v -3.160713 -0.039335 -0.100705
v -3.160608 -0.039438 -0.101004
v -3.160503 -0.039540 -0.101302
v -3.160398 -0.039642 -0.101601
v -3.160293 -0.039744 -0.101900
v -3.160187 -0.039847 -0.102198
v -3.160082 -0.039949 -0.102497
v -3.159977 -0.040051 -0.102796
v -3.159872 -0.040154 -0.103094
v -3.159767 -0.040256 -0.103393
v -3.077810 -0.017680 -0.045076
v -3.082013 -0.018707 -0.047693
v -3.086216 -0.019733 -0.050310
v -3.090419 -0.020760 -0.052927
v -3.094622 -0.021786 -0.055544
v -3.098825 -0.022813 -0.058162
v -3.103028 -0.023839 -0.060779
v -3.107231 -0.024866 -0.063396
v -3.111434 -0.025892 -0.066013
v -3.115637 -0.026919 -0.068630
v -3.119840 -0.027945 -0.071247
v -3.124043 -0.028972 -0.073865
v -3.128246 -0.029998 -0.076482
v -3.132449 -0.031025 -0.079099
v -3.136652 -0.032051 -0.081716
v -3.140855 -0.033078 -0.084333
v -3.145058 -0.034104 -0.086951
v -3.149261 -0.035131 -0.089568
v -3.153464 -0.036157 -0.092185
v -3.157667 -0.037184 -0.094802
v -3.107672 -0.040338 -0.108006
v -3.055682 -0.040317 -0.112319
v -3.003692 -0.040296 -0.116633
v -2.951702 -0.040276 -0.120947
v -2.899713 -0.040255 -0.125261
v -2.847723 -0.040235 -0.129575
v -2.795733 -0.040214 -0.133889
v -2.743743 -0.040194 -0.138202
v -2.691753 -0.040173 -0.142516
v -2.639764 -0.040153 -0.146830
v -2.587774 -0.040132 -0.151144
v -2.535784 -0.040112 -0.155458
v -2.483794 -0.040091 -0.159772
v -2.431805 -0.040071 -0.164085
v -2.379815 -0.040050 -0.168399
v -2.327826 -0.040030 -0.172713
v -2.275836 -0.040009 -0.177027
v -2.223846 -0.039989 -0.181341
v -2.171856 -0.039968 -0.185654
v -2.119867 -0.039947 -0.189968
v -2.115769 -0.038819 -0.187052
v -2.163661 -0.037710 -0.179823
v -2.211553 -0.036602 -0.172593
v -2.259444 -0.035494 -0.165363
v -2.307336 -0.034386 -0.158134
v -2.355228 -0.033277 -0.150904
v -2.403120 -0.032169 -0.143674
v -2.451012 -0.031061 -0.136445
v -2.504834 -0.029895 -0.127833
v -2.568085 -0.029347 -0.116780
v -2.614146 -0.028376 -0.109864
v -2.674701 -0.028386 -0.099206
v -2.725748 -0.026914 -0.091389
v -2.766853 -0.025224 -0.085980
v -2.798681 -0.023462 -0.082821
v -2.834147 -0.022195 -0.078607
v -2.900443 -0.020955 -0.067009
v -2.944968 -0.019726 -0.060626
v -2.977823 -0.018870 -0.056918
v -3.025715 -0.017762 -0.049688
v -2.837064 0.023011 0.054267
v -2.798605 0.019864 0.041839
v -2.760146 0.016717 0.029412
v -2.738452 0.013842 0.021444
v -2.717443 0.010055 0.014008
v -2.687083 0.005706 0.004233
v -2.657669 0.000910 -0.005072
v -2.624599 -0.005850 -0.014747
v -2.588771 -0.010896 -0.025780
v -2.553805 -0.011884 -0.037941
v -2.517704 -0.014524 -0.049975
v -2.477420 -0.017894 -0.062997
v -2.431665 -0.019590 -0.078184
v -2.380034 -0.028604 -0.092866
v -2.323883 -0.024980 -0.112179
v -2.280094 -0.026894 -0.126568
v -2.221715 -0.027339 -0.144572
v -2.183255 -0.030486 -0.157000
v -2.144796 -0.033633 -0.169427
v -2.106337 -0.036780 -0.181855
v -2.674171 0.044432 0.108882
v -2.643856 0.040214 0.093723
v -2.613542 0.035996 0.078565
v -2.583227 0.031778 0.063407
v -2.560349 0.027846 0.052531
v -2.545788 0.023137 0.046836
v -2.525358 0.017759 0.037894
v -2.500776 0.012439 0.026438
v -2.474706 0.007182 0.014024
v -2.449313 0.006703 0.000617
v -2.423168 0.000395 -0.011282
v -2.393826 -0.003162 -0.026017
v -2.361190 -0.005484 -0.043567
v -2.325432 -0.014867 -0.060420
v -2.284363 -0.021286 -0.081463
v -2.245147 -0.024156 -0.102489
v -2.191999 -0.023103 -0.132019
v -2.158821 -0.027273 -0.148808
v -2.128507 -0.031491 -0.163966
v -2.098192 -0.035709 -0.179124
v -2.458126 0.062244 0.154294
v -2.438614 0.057135 0.136865
v -2.419101 0.052026 0.119437
v -2.399589 0.046918 0.102008
v -2.380076 0.041809 0.084579
v -2.360564 0.036701 0.067150
v -2.347183 0.032926 0.058351
v -2.332472 0.027766 0.048024
v -2.315467 0.022243 0.034512
v -2.299828 0.015322 0.023922
v -2.283229 0.009241 0.011564
v -2.265288 0.003778 -0.003029
v -2.245848 -0.001551 -0.019644
v -2.224670 -0.010278 -0.036705
v -2.203376 -0.016752 -0.055721
v -2.180882 -0.021801 -0.077449
v -2.156214 -0.024794 -0.104128
v -2.126511 -0.024602 -0.141831
v -2.106902 -0.029710 -0.159424
v -2.087389 -0.034818 -0.176853
v -3.155564 -0.039229 -0.100776
v -3.151466 -0.038101 -0.097860
v -3.147368 -0.036972 -0.094944
v -3.143270 -0.035843 -0.092028
v -3.139172 -0.034714 -0.089112
v -3.135074 -0.033585 -0.086197
v -3.130976 -0.032457 -0.083281
v -3.126879 -0.031328 -0.080365
v -3.122781 -0.030199 -0.077449
v -3.118683 -0.029070 -0.074533
v -3.114585 -0.027941 -0.071617
v -3.110487 -0.026813 -0.068701
v -3.106390 -0.025684 -0.065785
v -3.102292 -0.024555 -0.062870
v -3.098194 -0.023426 -0.059954
v -3.094096 -0.022298 -0.057038
v -3.089998 -0.021169 -0.054122
v -3.085900 -0.020040 -0.051206
v -3.081803 -0.018911 -0.048290
v -3.077705 -0.017782 -0.045374
v -1.204435 0.075056 0.186961
v -1.247607 0.069307 0.167899
v -1.290780 0.063558 0.148837
v -1.333952 0.057809 0.129775
v -1.377124 0.052058 0.110713
v -1.421222 0.038966 0.093891
v -1.464832 0.029839 0.075858
v -1.508283 0.019805 0.058167
v -1.551621 0.011509 0.039980
v -1.594808 0.005725 0.021007
v -1.637848 0.000225 0.001888
v -1.680794 -0.005850 -0.017098
v -1.723676 -0.009208 -0.036855
v -1.766490 -0.014445 -0.056268
v -1.809343 -0.015368 -0.076570
v -1.852388 -0.018846 -0.096404
v -1.895712 -0.022267 -0.116545
v -1.938777 -0.024477 -0.136686
v -1.981533 -0.028429 -0.156158
v -2.024705 -0.034178 -0.175220
v -1.249356 0.075056 0.186961
v -1.292528 0.069307 0.167899
v -1.294276 0.075056 0.186961
v -1.335700 0.063558 0.148837
v -1.337448 0.069307 0.167899
v -1.339197 0.075056 0.186961
v -1.378872 0.057809 0.129775
v -1.380620 0.063558 0.148837
v -1.382369 0.069307 0.167899
v -1.384117 0.075056 0.186961
v -1.422308 0.048916 0.111691
v -1.423793 0.057800 0.129777
v -1.425541 0.063558 0.148837
v -1.427289 0.069307 0.167899
v -1.429038 0.075056 0.186961
v -1.465850 0.037583 0.094340
v -1.467171 0.047898 0.112004
v -1.468730 0.057153 0.129984
v -1.470462 0.063558 0.148837
v -1.472210 0.069307 0.167899
v -1.473958 0.075056 0.186961
v -1.509318 0.028376 0.076382
v -1.510556 0.039373 0.093780
v -1.512009 0.048646 0.111757
v -1.513637 0.056634 0.130136
v -1.515382 0.063558 0.148837
v -1.517130 0.069307 0.167899
v -1.518879 0.075056 0.186961
v -1.552680 0.018266 0.058799
v -1.553891 0.026524 0.077066
v -1.555273 0.035944 0.094933
v -1.556817 0.047582 0.112110
v -1.558545 0.055962 0.130342
v -1.560302 0.063558 0.148837
v -1.562051 0.069307 0.167899
v -1.563799 0.075056 0.186961
v -1.595875 0.011579 0.040175
v -1.597093 0.018921 0.058763
v -1.598474 0.027530 0.076851
v -1.600000 0.035915 0.094984
v -1.601666 0.045638 0.112739
v -1.603440 0.055647 0.130447
v -1.605223 0.063533 0.148845
v -1.606971 0.069307 0.167899
v -1.608720 0.075056 0.186961
v -1.638873 0.004899 0.021532
v -1.640071 0.011460 0.040454
v -1.641473 0.019780 0.058662
v -1.643045 0.028177 0.076743
v -1.644744 0.037275 0.094598
v -1.646524 0.047764 0.112093
v -1.648318 0.055480 0.130517
v -1.650127 0.062841 0.149056
v -1.651892 0.069307 0.167899
v -1.653640 0.075056 0.186961
v -1.681731 -0.001395 0.002717
v -1.682829 0.003746 0.022224
v -1.684183 0.010479 0.041031
v -1.685806 0.018606 0.059193
v -1.687635 0.029066 0.076530
v -1.689556 0.041101 0.093406
v -1.691359 0.048655 0.111868
v -1.693186 0.055261 0.130613
v -1.695019 0.062214 0.149260
v -1.696812 0.069307 0.167899
v -1.698561 0.075056 0.186961
v -1.724503 -0.005125 -0.016833
v -1.725435 -0.000589 0.003036
v -1.726617 0.004889 0.022431
v -1.728157 0.011918 0.041066
v -1.730009 0.020089 0.059123
v -1.732018 0.028309 0.077105
v -1.734066 0.038683 0.094497
v -1.736013 0.047723 0.112431
v -1.738046 0.055069 0.130749
v -1.739928 0.062005 0.149352
v -1.741733 0.069307 0.167899
v -1.743481 0.075056 0.186961
v -1.767133 -0.010338 -0.036071
v -1.767876 -0.005327 -0.015937
v -1.768791 -0.000415 0.003889
v -1.770079 0.005487 0.023125
v -1.771821 0.012752 0.041598
v -1.773917 0.020869 0.059572
v -1.776198 0.029835 0.077201
v -1.778422 0.040350 0.094474
v -1.780564 0.047860 0.112698
v -1.782929 0.055293 0.130737
v -1.784862 0.062182 0.149299
v -1.786653 0.069307 0.167899
v -1.788402 0.075056 0.186961
v -1.809800 -0.011622 -0.056203
v -1.810279 -0.008115 -0.035509
v -1.810758 -0.005130 -0.014707
v -1.811639 -0.000303 0.005222
v -1.813081 0.006142 0.024225
v -1.815109 0.014535 0.042203
v -1.817725 0.025219 0.059075
v -1.820397 0.034774 0.076288
v -1.822684 0.041606 0.094610
v -1.825148 0.048532 0.112755
v -1.827957 0.056297 0.130343
v -1.829814 0.062759 0.149100
v -1.831574 0.069307 0.167899
v -1.833322 0.075056 0.186961
v -1.852497 -0.015388 -0.075732
v -1.852682 -0.009514 -0.055562
v -1.852757 -0.006014 -0.034492
v -1.853016 -0.002102 -0.013757
v -1.853993 0.003102 0.006021
v -1.855667 0.009778 0.024814
v -1.857960 0.017867 0.042724
v -1.860710 0.027458 0.059876
v -1.863259 0.034471 0.077956
v -1.866411 0.042140 0.095377
v -1.869491 0.049353 0.112958
v -1.872998 0.057808 0.129775
v -1.874746 0.063558 0.148837
v -1.876494 0.069307 0.167899
v -1.878243 0.075056 0.186961
v -1.895602 -0.019795 -0.095417
v -1.894954 -0.016003 -0.074066
v -1.894114 -0.011913 -0.052530
v -1.893990 -0.006116 -0.031772
v -1.894133 -0.001966 -0.011004
v -1.895383 0.003755 0.008438
v -1.897410 0.010808 0.026876
v -1.899916 0.019049 0.044603
v -1.902633 0.027757 0.062065
v -1.905697 0.034869 0.079729
v -1.909699 0.042671 0.096452
v -1.913947 0.050128 0.113062
v -1.917918 0.057809 0.129775
v -1.919666 0.063558 0.148837
v -1.921415 0.069307 0.167899
v -1.923163 0.075056 0.186961
v -1.939628 -0.021493 -0.116384
v -1.938395 -0.018292 -0.094410
v -1.936273 -0.014148 -0.071926
v -1.934118 -0.011167 -0.048900
v -1.933530 -0.005688 -0.027876
v -1.933914 -0.001145 -0.007346
v -1.935372 0.005040 0.011844
v -1.937713 0.012399 0.029954
v -1.941012 0.020626 0.047031
v -1.943867 0.029004 0.064462
v -1.947843 0.036093 0.081440
v -1.952886 0.043351 0.097531
v -1.958704 0.050430 0.113067
v -1.962838 0.057809 0.129775
v -1.964587 0.063558 0.148837
v -1.966335 0.069307 0.167899
v -1.968084 0.075056 0.186962
v -1.983125 -0.024330 -0.136570
v -1.981440 -0.021770 -0.114110
v -1.977888 -0.017994 -0.090458
v -1.973741 -0.015617 -0.065765
v -1.971386 -0.010729 -0.043153
v -1.970953 -0.005279 -0.022216
v -1.971972 0.000816 -0.002660
v -1.974025 0.007777 0.015784
v -1.976827 0.015250 0.033483
v -1.981043 0.023859 0.049722
v -1.984286 0.030643 0.067339
v -1.989037 0.037347 0.083827
v -1.995512 0.043993 0.099020
v -2.003824 0.050622 0.112816
v -2.007759 0.057809 0.129775
v -2.009507 0.063558 0.148837
v -2.011256 0.069307 0.167899
v -2.013004 0.075056 0.186962
v -2.026453 -0.028429 -0.156158
v -2.027388 -0.024641 -0.136074
v -2.021337 -0.021308 -0.110487
v -2.013439 -0.018422 -0.083076
v -2.008041 -0.014812 -0.057628
v -2.006269 -0.009050 -0.035824
v -2.006093 -0.003870 -0.014986
v -2.007409 0.002625 0.004120
v -2.010001 0.009924 0.021936
v -2.013713 0.017880 0.038686
v -2.018150 0.025992 0.054891
v -2.022533 0.032480 0.071727
v -2.028874 0.038907 0.087095
v -2.036977 0.045137 0.101199
v -2.047231 0.051254 0.113721
v -2.052679 0.057809 0.129775
v -2.054428 0.063558 0.148837
v -2.056176 0.069307 0.167899
v -2.057924 0.075056 0.186962
v -3.029813 -0.018891 -0.052604
v -2.981921 -0.019999 -0.059834
v -3.033911 -0.020019 -0.055520
v -2.936599 -0.021425 -0.066336
v -2.986019 -0.021128 -0.062750
v -3.038008 -0.021148 -0.058436
v -2.889197 -0.022549 -0.073445
v -2.938558 -0.022595 -0.069750
v -2.990116 -0.022256 -0.065665
v -3.042106 -0.022277 -0.061352
v -2.838245 -0.023324 -0.081523
v -2.890235 -0.023344 -0.077209
v -2.942288 -0.023687 -0.072767
v -2.994214 -0.023385 -0.068581
v -3.046204 -0.023406 -0.064268
v -2.790353 -0.024432 -0.088753
v -2.842343 -0.024452 -0.084439
v -2.894333 -0.024473 -0.080125
v -2.946322 -0.024544 -0.075793
v -2.998312 -0.024514 -0.071497
v -3.050302 -0.024535 -0.067183
v -2.754651 -0.026642 -0.092690
v -2.794451 -0.025561 -0.091668
v -2.846441 -0.025581 -0.087355
v -2.898430 -0.025602 -0.083041
v -2.950420 -0.025622 -0.078727
v -3.002410 -0.025643 -0.074413
v -3.054400 -0.025663 -0.070099
v -2.709070 -0.028422 -0.099115
v -2.749070 -0.027392 -0.098044
v -2.798549 -0.026689 -0.094584
v -2.850538 -0.026710 -0.090270
v -2.902528 -0.026731 -0.085957
v -2.954518 -0.026751 -0.081643
v -3.006508 -0.026772 -0.077329
v -3.058498 -0.026792 -0.073015
v -2.658341 -0.029437 -0.107058
v -2.703347 -0.029371 -0.104450
v -2.750732 -0.027871 -0.101770
v -2.802647 -0.027818 -0.097500
v -2.854636 -0.027839 -0.093186
v -2.906626 -0.027859 -0.088872
v -2.958616 -0.027880 -0.084559
v -3.010606 -0.027900 -0.080245
v -3.062595 -0.027921 -0.075931
v -2.599684 -0.029187 -0.117344
v -2.652090 -0.029781 -0.112731
v -2.703794 -0.030191 -0.108350
v -2.754755 -0.028927 -0.104730
v -2.806745 -0.028947 -0.100416
v -2.858734 -0.028968 -0.096102
v -2.910724 -0.028988 -0.091788
v -2.962714 -0.029009 -0.087475
v -3.014704 -0.029029 -0.083161
v -3.066693 -0.029050 -0.078847
v -2.555294 -0.030422 -0.123732
v -2.602883 -0.029995 -0.120587
v -2.654964 -0.030476 -0.116091
v -2.707028 -0.031044 -0.111569
v -2.758853 -0.030055 -0.107646
v -2.810843 -0.030076 -0.103332
v -2.862832 -0.030096 -0.099018
v -2.914822 -0.030117 -0.094704
v -2.966812 -0.030137 -0.090390
v -3.018801 -0.030158 -0.086077
v -3.070791 -0.030178 -0.081763
v -2.503002 -0.031081 -0.132131
v -2.555092 -0.031171 -0.127774
v -2.606981 -0.031122 -0.123503
v -2.658971 -0.031149 -0.119187
v -2.710964 -0.031777 -0.114661
v -2.762951 -0.031184 -0.110562
v -2.814940 -0.031205 -0.106248
v -2.866930 -0.031225 -0.101934
v -2.918920 -0.031246 -0.097620
v -2.970910 -0.031266 -0.093306
v -3.022899 -0.031287 -0.088992
v -3.074889 -0.031307 -0.084679
v -2.455110 -0.032190 -0.139360
v -2.507100 -0.032210 -0.135047
v -2.559089 -0.032231 -0.130733
v -2.611079 -0.032251 -0.126419
v -2.663069 -0.032272 -0.122105
v -2.715057 -0.032348 -0.117772
v -2.767049 -0.032313 -0.113477
v -2.819038 -0.032333 -0.109164
v -2.871028 -0.032354 -0.104850
v -2.923018 -0.032374 -0.100536
v -2.975008 -0.032395 -0.096222
v -3.026997 -0.032416 -0.091908
v -3.078987 -0.032436 -0.087594
v -2.407218 -0.033298 -0.146590
v -2.459208 -0.033318 -0.142276
v -2.511198 -0.033339 -0.137962
v -2.563187 -0.033360 -0.133649
v -2.615177 -0.033380 -0.129335
v -2.667167 -0.033401 -0.125021
v -2.719157 -0.033421 -0.120707
v -2.771146 -0.033442 -0.116393
v -2.823136 -0.033462 -0.112079
v -2.875126 -0.033483 -0.107766
v -2.927115 -0.033503 -0.103452
v -2.979105 -0.033524 -0.099138
v -3.031095 -0.033544 -0.094824
v -3.083085 -0.033565 -0.090510
v -2.359326 -0.034406 -0.153820
v -2.411316 -0.034427 -0.149506
v -2.463306 -0.034447 -0.145192
v -2.515296 -0.034468 -0.140878
v -2.567285 -0.034488 -0.136564
v -2.619275 -0.034509 -0.132251
v -2.671265 -0.034529 -0.127937
v -2.723255 -0.034550 -0.123623
v -2.775244 -0.034570 -0.119309
v -2.827234 -0.034591 -0.114995
v -2.879224 -0.034612 -0.110682
v -2.931213 -0.034632 -0.106368
v -2.983203 -0.034653 -0.102054
v -3.035193 -0.034673 -0.097740
v -3.087183 -0.034694 -0.093426
v -2.311434 -0.035514 -0.161050
v -2.363424 -0.035535 -0.156736
v -2.415414 -0.035556 -0.152422
v -2.467404 -0.035576 -0.148108
v -2.519393 -0.035597 -0.143794
v -2.571383 -0.035617 -0.139480
v -2.623373 -0.035638 -0.135167
v -2.675363 -0.035658 -0.130853
v -2.727353 -0.035679 -0.126539
v -2.779342 -0.035699 -0.122225
v -2.831332 -0.035720 -0.117911
v -2.883322 -0.035740 -0.113597
v -2.935311 -0.035761 -0.109284
v -2.987301 -0.035781 -0.104970
v -3.039291 -0.035802 -0.100656
v -3.091280 -0.035822 -0.096342
v -2.263542 -0.036623 -0.168279
v -2.315532 -0.036643 -0.163965
v -2.367522 -0.036664 -0.159652
v -2.419512 -0.036684 -0.155338
v -2.471502 -0.036705 -0.151024
v -2.523491 -0.036725 -0.146710
v -2.575481 -0.036746 -0.142396
v -2.627471 -0.036766 -0.138082
v -2.679461 -0.036787 -0.133769
v -2.731450 -0.036807 -0.129455
v -2.783440 -0.036828 -0.125141
v -2.835430 -0.036849 -0.120827
v -2.887419 -0.036869 -0.116513
v -2.939409 -0.036890 -0.112199
v -2.991399 -0.036910 -0.107886
v -3.043388 -0.036931 -0.103572
v -3.095378 -0.036951 -0.099258
v -2.215651 -0.037731 -0.175509
v -2.267640 -0.037751 -0.171195
v -2.319630 -0.037772 -0.166881
v -2.371620 -0.037793 -0.162567
v -2.423610 -0.037813 -0.158254
v -2.475600 -0.037834 -0.153940
v -2.527589 -0.037854 -0.149626
v -2.579579 -0.037875 -0.145312
v -2.631569 -0.037895 -0.140998
v -2.683558 -0.037916 -0.136684
v -2.735548 -0.037936 -0.132371
v -2.787538 -0.037957 -0.128057
v -2.839528 -0.037977 -0.123743
v -2.891517 -0.037998 -0.119429
v -2.943507 -0.038018 -0.115115
v -2.995497 -0.038039 -0.110801
v -3.047486 -0.038059 -0.106488
v -3.099476 -0.038080 -0.102174
v -2.167759 -0.038839 -0.182739
v -2.219748 -0.038860 -0.178425
v -2.271738 -0.038880 -0.174111
v -2.323728 -0.038901 -0.169797
v -2.375718 -0.038921 -0.165483
v -2.427708 -0.038942 -0.161169
v -2.479697 -0.038962 -0.156856
v -2.531687 -0.038983 -0.152542
v -2.583677 -0.039003 -0.148228
v -2.635667 -0.039024 -0.143914
v -2.687656 -0.039045 -0.139600
v -2.739646 -0.039065 -0.135286
v -2.791636 -0.039086 -0.130973
v -2.843626 -0.039106 -0.126659
v -2.895615 -0.039127 -0.122345
v -2.947605 -0.039147 -0.118031
v -2.999595 -0.039168 -0.113717
v -3.051584 -0.039188 -0.109403
v -3.103574 -0.039209 -0.105090
v -2.089138 -0.029069 -0.157791
v -2.108056 -0.024792 -0.139408
v -2.086183 -0.025198 -0.134320
v -2.129164 -0.023863 -0.112009
v -2.104900 -0.023059 -0.111442
v -2.078421 -0.022207 -0.105871
v -2.153457 -0.022895 -0.084564
v -2.127297 -0.022731 -0.087219
v -2.101093 -0.021867 -0.085201
v -2.073137 -0.020329 -0.079315
v -2.176742 -0.018497 -0.061910
v -2.150645 -0.019372 -0.065288
v -2.124697 -0.019242 -0.065340
v -2.098075 -0.018149 -0.062147
v -2.069875 -0.015933 -0.056045
v -2.198830 -0.012139 -0.042428
v -2.173477 -0.013538 -0.046060
v -2.148299 -0.014306 -0.047091
v -2.122832 -0.013632 -0.045714
v -2.096573 -0.011994 -0.041900
v -2.068783 -0.009629 -0.035535
v -2.220012 -0.006611 -0.024648
v -2.195524 -0.007923 -0.028228
v -2.171260 -0.008216 -0.030107
v -2.146976 -0.007693 -0.030009
v -2.122346 -0.006352 -0.027910
v -2.096302 -0.006662 -0.022099
v -2.068465 -0.004601 -0.014906
v -2.240735 0.002063 -0.008745
v -2.216483 -0.002017 -0.012011
v -2.193292 -0.002603 -0.013971
v -2.170188 -0.002420 -0.014433
v -2.147003 -0.001423 -0.013364
v -2.123184 -0.000303 -0.010146
v -2.097362 0.000405 -0.004087
v -2.070121 0.002306 0.003260
v -2.259884 0.008541 0.006343
v -2.236755 0.007265 0.002436
v -2.214133 0.004192 0.000805
v -2.192254 0.004099 0.000219
v -2.170317 0.004581 0.000966
v -2.147992 0.005635 0.003042
v -2.124853 0.006671 0.006795
v -2.100129 0.007732 0.012640
v -2.073560 0.009903 0.019869
v -2.277517 0.014126 0.020021
v -2.255631 0.014066 0.016594
v -2.233830 0.010853 0.015442
v -2.212859 0.010290 0.014938
v -2.192105 0.010672 0.015293
v -2.171240 0.011493 0.016724
v -2.149952 0.012811 0.019081
v -2.128312 0.014774 0.022235
v -2.103810 0.015368 0.028889
v -2.078100 0.018256 0.035525
v -2.293562 0.020411 0.031114
v -2.273142 0.019106 0.030127
v -2.252501 0.017367 0.029295
v -2.232361 0.017120 0.028764
v -2.212718 0.017622 0.028930
v -2.193377 0.018424 0.030023
v -2.173710 0.019289 0.032192
v -2.153067 0.020353 0.035451
v -2.130771 0.021615 0.040091
v -2.107113 0.023561 0.045595
v -2.082048 0.026199 0.051982
v -2.311484 0.025708 0.046006
v -2.291419 0.024186 0.045370
v -2.271628 0.023251 0.045124
v -2.251998 0.023041 0.044978
v -2.232729 0.023517 0.045277
v -2.213717 0.023853 0.046786
v -2.194532 0.024524 0.048707
v -2.174959 0.025484 0.051129
v -2.154568 0.026622 0.054333
v -2.132548 0.027905 0.058857
v -2.109710 0.029857 0.063804
v -2.086019 0.032450 0.069192
v -2.328130 0.031456 0.058847
v -2.309299 0.030368 0.059718
v -2.290533 0.029480 0.060763
v -2.271553 0.029049 0.061475
v -2.252631 0.029104 0.062278
v -2.233775 0.029487 0.063369
v -2.215022 0.030166 0.065039
v -2.196089 0.031004 0.067124
v -2.176776 0.032044 0.069581
v -2.156640 0.033095 0.072791
v -2.135463 0.034516 0.076696
v -2.113780 0.036327 0.080856
v -2.091712 0.038619 0.085147
v -2.342801 0.037339 0.068785
v -2.326728 0.036634 0.073465
v -2.308892 0.036119 0.075593
v -2.290659 0.035613 0.077240
v -2.272230 0.035568 0.078568
v -2.253780 0.035787 0.079962
v -2.235304 0.036234 0.081514
v -2.216802 0.036974 0.083349
v -2.198107 0.037850 0.085420
v -2.179113 0.038874 0.087750
v -2.159713 0.040046 0.090387
v -2.139409 0.041262 0.093756
v -2.118766 0.042884 0.097219
v -2.097802 0.044923 0.100758
v -2.362312 0.042450 0.086212
v -2.344548 0.043091 0.087846
v -2.326864 0.043285 0.089769
v -2.309291 0.042516 0.092332
v -2.291422 0.042594 0.094218
v -2.273441 0.042785 0.095997
v -2.255376 0.043135 0.097719
v -2.237253 0.043784 0.099417
v -2.219059 0.044539 0.101213
v -2.200754 0.045390 0.103116
v -2.182286 0.046320 0.105149
v -2.163600 0.047316 0.107343
v -2.144633 0.048402 0.109726
v -2.125273 0.049625 0.112365
v -2.105238 0.051108 0.115432
v -2.381825 0.047559 0.103641
v -2.364061 0.048199 0.105274
v -2.346297 0.048840 0.106908
v -2.328532 0.049480 0.108541
v -2.310768 0.050119 0.110176
v -2.293005 0.050472 0.111944
v -2.275208 0.050854 0.113691
v -2.257406 0.051503 0.115325
v -2.239603 0.052176 0.116962
v -2.221810 0.052907 0.118580
v -2.204053 0.053701 0.120156
v -2.186314 0.054463 0.121732
v -2.168587 0.055184 0.123312
v -2.150867 0.055872 0.124898
v -2.133128 0.056527 0.126508
v -2.115364 0.057168 0.128142
v -2.401337 0.052667 0.121070
v -2.383573 0.053308 0.122703
v -2.365809 0.053948 0.124337
v -2.348045 0.054589 0.125970
v -2.330281 0.055230 0.127603
v -2.312517 0.055870 0.129237
v -2.294753 0.056511 0.130870
v -2.276989 0.057152 0.132504
v -2.259224 0.057792 0.134137
v -2.241460 0.058433 0.135770
v -2.223696 0.059074 0.137404
v -2.205932 0.059714 0.139037
v -2.188168 0.060355 0.140670
v -2.170404 0.060995 0.142304
v -2.152640 0.061636 0.143937
v -2.134876 0.062277 0.145570
v -2.117112 0.062917 0.147204
v -2.420850 0.057776 0.138499
v -2.403085 0.058416 0.140132
v -2.385321 0.059057 0.141765
v -2.367557 0.059698 0.143399
v -2.349793 0.060338 0.145032
v -2.332029 0.060979 0.146666
v -2.314265 0.061619 0.148299
v -2.296501 0.062260 0.149932
v -2.278737 0.062901 0.151566
v -2.260973 0.063541 0.153199
v -2.243209 0.064182 0.154832
v -2.225445 0.064823 0.156466
v -2.207680 0.065463 0.158099
v -2.189917 0.066104 0.159733
v -2.172153 0.066745 0.161366
v -2.154388 0.067385 0.162999
v -2.136625 0.068026 0.164633
v -2.118861 0.068666 0.166266
v -2.440362 0.062884 0.155928
v -2.422598 0.063525 0.157561
v -2.404834 0.064165 0.159194
v -2.387070 0.064806 0.160828
v -2.369306 0.065447 0.162461
v -2.351542 0.066087 0.164094
v -2.333777 0.066728 0.165728
v -2.316013 0.067369 0.167361
v -2.298249 0.068009 0.168995
v -2.280485 0.068650 0.170628
v -2.262721 0.069291 0.172261
v -2.244957 0.069931 0.173895
v -2.227193 0.070572 0.175528
v -2.209429 0.071212 0.177161
v -2.191665 0.071853 0.178795
v -2.173901 0.072494 0.180428
v -2.156137 0.073134 0.182061
v -2.138373 0.073775 0.183695
v -2.120609 0.074416 0.185328
v -2.117704 -0.030600 -0.161695
v -2.148019 -0.026383 -0.146537
v -2.137217 -0.025492 -0.144266
v -2.178956 -0.023434 -0.130537
v -2.169192 -0.023853 -0.126170
v -2.161127 -0.024532 -0.118617
v -2.220355 -0.024606 -0.107164
v -2.205237 -0.024756 -0.105638
v -2.194417 -0.024572 -0.100199
v -2.186497 -0.023222 -0.090837
v -2.259855 -0.021600 -0.086160
v -2.241236 -0.022184 -0.086705
v -2.227493 -0.021910 -0.083605
v -2.217167 -0.021043 -0.077139
v -2.209342 -0.019067 -0.067652
v -2.299217 -0.016991 -0.065588
v -2.276455 -0.017289 -0.069090
v -2.259854 -0.017856 -0.067984
v -2.247629 -0.017175 -0.063669
v -2.237965 -0.015184 -0.056891
v -2.230546 -0.012977 -0.047661
v -2.336131 -0.009412 -0.047546
v -2.314017 -0.011210 -0.050280
v -2.295587 -0.012112 -0.050653
v -2.280966 -0.011685 -0.048483
v -2.269331 -0.009152 -0.044462
v -2.259907 -0.006117 -0.038269
v -2.252124 -0.005435 -0.029035
v -2.369620 -0.002461 -0.031240
v -2.348019 -0.004438 -0.033910
v -2.329246 -0.005294 -0.034882
v -2.313344 -0.005473 -0.033918
v -2.300118 -0.004617 -0.031107
v -2.289072 -0.003872 -0.025970
v -2.279749 -0.002417 -0.019308
v -2.271880 0.000181 -0.011625
v -2.400240 0.000357 -0.015414
v -2.379279 0.001784 -0.018913
v -2.360611 0.001376 -0.020371
v -2.344314 -0.000028 -0.019645
v -2.330173 -0.000624 -0.017375
v -2.317993 -0.000555 -0.013609
v -2.307416 0.000656 -0.008745
v -2.298177 0.002735 -0.002887
v -2.290125 0.005610 0.003871
v -2.428186 0.002996 -0.001357
v -2.408545 0.003009 -0.003599
v -2.390141 0.004619 -0.005532
v -2.373638 0.007403 -0.006962
v -2.359172 0.006337 -0.005379
v -2.346410 0.005238 -0.002397
v -2.335002 0.005509 0.001524
v -2.324702 0.007259 0.005764
v -2.315369 0.009395 0.010852
v -2.307057 0.011944 0.016944
v -2.452735 0.006114 0.010460
v -2.435308 0.006217 0.009463
v -2.418305 0.006800 0.008582
v -2.402563 0.007860 0.008407
v -2.387961 0.008597 0.009492
v -2.374962 0.008526 0.012055
v -2.363136 0.009141 0.014787
v -2.352075 0.010811 0.017492
v -2.341048 0.014370 0.018396
v -2.331545 0.015667 0.023274
v -2.323053 0.018449 0.028599
v -2.479403 0.011471 0.023144
v -2.460562 0.011059 0.021178
v -2.443722 0.011084 0.020307
v -2.429764 0.011872 0.021188
v -2.415775 0.012925 0.021989
v -2.402732 0.013825 0.023609
v -2.390900 0.014828 0.026190
v -2.379857 0.015844 0.029017
v -2.369121 0.017624 0.031560
v -2.358856 0.019589 0.034581
v -2.349068 0.021810 0.038032
v -2.338923 0.025367 0.039882
v -2.504104 0.016977 0.034617
v -2.486688 0.016915 0.033360
v -2.470684 0.017319 0.032756
v -2.455919 0.017978 0.032800
v -2.442474 0.019093 0.033552
v -2.429330 0.020889 0.034189
v -2.417674 0.022466 0.035869
v -2.407397 0.022577 0.039240
v -2.396765 0.023619 0.041964
v -2.386496 0.025027 0.045307
v -2.376300 0.026635 0.048323
v -2.366086 0.028455 0.051086
v -2.355762 0.030673 0.053371
v -2.526469 0.022589 0.044630
v -2.510310 0.022843 0.043959
v -2.496665 0.023669 0.044618
v -2.483721 0.024418 0.045705
v -2.471383 0.025229 0.047143
v -2.459332 0.026387 0.048615
v -2.447726 0.027639 0.050307
v -2.436608 0.028738 0.052386
v -2.425700 0.029925 0.054525
v -2.414701 0.031787 0.056169
v -2.403823 0.033037 0.058183
v -2.393639 0.033482 0.061571
v -2.383147 0.034531 0.064247
v -2.371657 0.035789 0.065327
v -2.545005 0.028046 0.052391
v -2.531670 0.029218 0.053052
v -2.520505 0.030232 0.055061
v -2.509703 0.031122 0.057331
v -2.499078 0.031859 0.059773
v -2.488835 0.031907 0.062752
v -2.477804 0.032693 0.064956
v -2.466623 0.034136 0.066757
v -2.455842 0.034682 0.069233
v -2.444987 0.035744 0.071395
v -2.434112 0.036984 0.073433
v -2.423285 0.038230 0.075504
v -2.412483 0.039138 0.077767
v -2.401681 0.040028 0.080038
v -2.390879 0.040919 0.082308
v -2.572425 0.032669 0.065678
v -2.561622 0.033559 0.067948
v -2.550820 0.034450 0.070219
v -2.540018 0.035340 0.072490
v -2.529216 0.036231 0.074760
v -2.518413 0.037122 0.077031
v -2.507611 0.038012 0.079301
v -2.496809 0.038903 0.081572
v -2.486006 0.039793 0.083843
v -2.475204 0.040684 0.086113
v -2.464402 0.041574 0.088384
v -2.453600 0.042465 0.090655
v -2.442797 0.043356 0.092925
v -2.431995 0.044246 0.095196
v -2.421193 0.045137 0.097466
v -2.410391 0.046027 0.099737
v -2.602739 0.036887 0.080836
v -2.591937 0.037777 0.083106
v -2.581135 0.038668 0.085377
v -2.570333 0.039558 0.087648
v -2.559530 0.040449 0.089918
v -2.548728 0.041339 0.092189
v -2.537926 0.042230 0.094460
v -2.527123 0.043121 0.096730
v -2.516321 0.044011 0.099001
v -2.505519 0.044902 0.101271
v -2.494717 0.045792 0.103542
v -2.483914 0.046683 0.105813
v -2.473112 0.047574 0.108083
v -2.462310 0.048464 0.110354
v -2.451508 0.049355 0.112625
v -2.440706 0.050245 0.114895
v -2.429904 0.051136 0.117166
v -2.633054 0.041105 0.095994
v -2.622252 0.041995 0.098265
v -2.611449 0.042886 0.100535
v -2.600647 0.043776 0.102806
v -2.589845 0.044667 0.105077
v -2.579043 0.045557 0.107347
v -2.568240 0.046448 0.109618
v -2.557438 0.047339 0.111888
v -2.546636 0.048229 0.114159
v -2.535834 0.049120 0.116430
v -2.525031 0.050010 0.118700
v -2.514229 0.050901 0.120971
v -2.503427 0.051791 0.123242
v -2.492625 0.052682 0.125512
v -2.481822 0.053573 0.127783
v -2.471020 0.054463 0.130053
v -2.460218 0.055354 0.132324
v -2.449416 0.056244 0.134595
v -2.663369 0.045322 0.111152
v -2.652566 0.046213 0.113423
v -2.641764 0.047104 0.115693
v -2.630962 0.047994 0.117964
v -2.620160 0.048885 0.120235
v -2.609357 0.049775 0.122505
v -2.598555 0.050666 0.124776
v -2.587753 0.051557 0.127047
v -2.576951 0.052447 0.129317
v -2.566148 0.053338 0.131588
v -2.555346 0.054228 0.133858
v -2.544544 0.055119 0.136129
v -2.533741 0.056009 0.138400
v -2.522939 0.056900 0.140670
v -2.512137 0.057791 0.142941
v -2.501335 0.058681 0.145212
v -2.490532 0.059572 0.147482
v -2.479730 0.060462 0.149753
v -2.468928 0.061353 0.152024
v -2.136651 -0.032562 -0.166696
v -2.175111 -0.029415 -0.154269
v -2.166966 -0.028344 -0.151538
v -2.213570 -0.026268 -0.141842
v -2.205426 -0.025197 -0.139111
v -2.197281 -0.024126 -0.136380
v -2.258667 -0.027283 -0.126927
v -2.247575 -0.026802 -0.124545
v -2.240817 -0.026207 -0.120492
v -2.238226 -0.025111 -0.114288
v -2.302366 -0.024656 -0.112823
v -2.288488 -0.024500 -0.111131
v -2.280317 -0.024520 -0.107407
v -2.276483 -0.023728 -0.101691
v -2.277606 -0.022326 -0.093311
v -2.353081 -0.029480 -0.094523
v -2.334859 -0.029101 -0.094019
v -2.322902 -0.028591 -0.091493
v -2.316202 -0.028046 -0.086839
v -2.314248 -0.026697 -0.080034
v -2.317878 -0.019443 -0.071749
v -2.404537 -0.022529 -0.079355
v -2.382405 -0.019339 -0.080686
v -2.367029 -0.019836 -0.078883
v -2.357279 -0.019275 -0.075337
v -2.352342 -0.017463 -0.070055
v -2.351920 -0.014131 -0.062855
v -2.355215 -0.010100 -0.053840
v -2.451222 -0.018768 -0.064471
v -2.429313 -0.018272 -0.065039
v -2.412141 -0.017126 -0.064329
v -2.399863 -0.016932 -0.061576
v -2.391941 -0.016098 -0.057253
v -2.387859 -0.014019 -0.051432
v -2.387192 -0.010907 -0.044186
v -2.389260 -0.006359 -0.035782
v -2.493077 -0.014501 -0.051235
v -2.471716 -0.014140 -0.051609
v -2.454300 -0.015069 -0.050407
v -2.440535 -0.014191 -0.048457
v -2.430460 -0.013173 -0.045145
v -2.423752 -0.011566 -0.040587
v -2.420048 -0.009097 -0.034892
v -2.418859 -0.005551 -0.027996
v -2.420032 -0.002137 -0.020272
v -2.531040 -0.012881 -0.038430
v -2.510862 -0.011229 -0.038920
v -2.493428 -0.010569 -0.038255
v -2.479068 -0.010264 -0.036461
v -2.467856 -0.009890 -0.033568
v -2.459425 -0.009158 -0.029699
v -2.453410 -0.007249 -0.025115
v -2.449559 -0.003726 -0.019992
v -2.447729 0.000631 -0.014256
v -2.447653 0.003558 -0.007229
v -2.564825 -0.011207 -0.026802
v -2.547013 -0.009167 -0.026841
v -2.530329 -0.009534 -0.025784
v -2.515919 -0.008735 -0.024322
v -2.504095 -0.007238 -0.022185
v -2.494551 -0.005750 -0.019201
v -2.486975 -0.004036 -0.015491
v -2.481178 -0.001941 -0.011131
v -2.477111 0.000442 -0.006079
v -2.474508 0.003811 -0.000642
v -2.472532 0.004518 0.005796
v -2.602295 -0.007031 -0.015003
v -2.582347 -0.007113 -0.014993
v -2.565035 -0.006850 -0.014366
v -2.550311 -0.006261 -0.013099
v -2.539012 -0.004358 -0.011159
v -2.529475 -0.002504 -0.008552
v -2.521038 -0.000815 -0.005448
v -2.513628 0.000700 -0.001886
v -2.507224 0.001468 0.002272
v -2.503063 0.003732 0.007068
v -2.500592 0.006372 0.012661
v -2.499784 0.009118 0.019140
v -2.635943 0.000040 -0.005273
v -2.618365 -0.002340 -0.003846
v -2.602362 -0.002360 -0.002785
v -2.588267 -0.001844 -0.001357
v -2.576065 -0.001125 0.000571
v -2.565533 -0.000176 0.002956
v -2.556468 0.000941 0.005799
v -2.548688 0.002218 0.009099
v -2.542045 0.003613 0.012865
v -2.536476 0.005166 0.017102
v -2.531977 0.007399 0.021668
v -2.528582 0.010464 0.026550
v -2.526326 0.014017 0.031896
v -2.667387 0.005196 0.004460
v -2.651185 0.005056 0.005503
v -2.636852 0.005296 0.006916
v -2.623937 0.004938 0.008917
v -2.612643 0.004448 0.011431
v -2.602410 0.004792 0.013994
v -2.593148 0.005756 0.016680
v -2.584817 0.006947 0.019638
v -2.577297 0.008275 0.022888
v -2.570503 0.009697 0.026442
v -2.564396 0.011459 0.030227
v -2.558928 0.013712 0.034183
v -2.554003 0.016482 0.038252
v -2.549524 0.019709 0.042386
v -2.695413 0.009954 0.013403
v -2.680687 0.010245 0.014650
v -2.668294 0.010814 0.016435
v -2.657938 0.011406 0.018799
v -2.647731 0.012220 0.021117
v -2.638168 0.013142 0.023589
v -2.629094 0.014093 0.026206
v -2.620668 0.015089 0.029028
v -2.612731 0.016477 0.031910
v -2.605095 0.017704 0.034980
v -2.597797 0.018959 0.038204
v -2.590803 0.020343 0.041539
v -2.583956 0.021799 0.044920
v -2.576811 0.023265 0.048127
v -2.568953 0.025342 0.050648
v -2.725111 0.014173 0.023043
v -2.712813 0.014746 0.024835
v -2.698704 0.016089 0.025805
v -2.689746 0.017182 0.028305
v -2.681183 0.018305 0.030904
v -2.672877 0.019420 0.033576
v -2.664682 0.020521 0.036282
v -2.656523 0.021650 0.038990
v -2.648377 0.022835 0.041683
v -2.640239 0.024216 0.044313
v -2.632096 0.025351 0.047023
v -2.623967 0.026404 0.049771
v -2.615831 0.027471 0.052508
v -2.607667 0.028561 0.055220
v -2.599516 0.029636 0.057946
v -2.591372 0.030707 0.060676
v -2.752001 0.017788 0.032143
v -2.743856 0.018859 0.034873
v -2.735712 0.019930 0.037604
v -2.727567 0.021001 0.040335
v -2.719423 0.022072 0.043066
v -2.711278 0.023144 0.045796
v -2.703133 0.024215 0.048527
v -2.694989 0.025286 0.051258
v -2.686844 0.026357 0.053989
v -2.678699 0.027428 0.056719
v -2.670555 0.028499 0.059450
v -2.662410 0.029570 0.062181
v -2.654265 0.030641 0.064912
v -2.646121 0.031712 0.067642
v -2.637976 0.032783 0.070373
v -2.629831 0.033854 0.073104
v -2.621686 0.034925 0.075834
v -2.790460 0.020935 0.044570
v -2.782316 0.022006 0.047301
v -2.774171 0.023077 0.050032
v -2.766026 0.024148 0.052762
v -2.757882 0.025219 0.055493
v -2.749737 0.026290 0.058224
v -2.741593 0.027361 0.060955
v -2.733448 0.028433 0.063685
v -2.725303 0.029504 0.066416
v -2.717159 0.030575 0.069147
v -2.709014 0.031646 0.071878
v -2.700870 0.032717 0.074608
v -2.692725 0.033788 0.077339
v -2.684580 0.034859 0.080070
v -2.676435 0.035930 0.082800
v -2.668291 0.037001 0.085531
v -2.660146 0.038072 0.088262
v -2.652001 0.039143 0.090993
v -2.828920 0.024082 0.056998
v -2.820775 0.025153 0.059728
v -2.812630 0.026224 0.062459
v -2.804486 0.027295 0.065190
v -2.796341 0.028366 0.067921
v -2.788197 0.029437 0.070651
v -2.780052 0.030508 0.073382
v -2.771907 0.031579 0.076113
v -2.763763 0.032650 0.078844
v -2.755618 0.033721 0.081574
v -2.747473 0.034793 0.084305
v -2.739329 0.035864 0.087036
v -2.731184 0.036935 0.089766
v -2.723039 0.038006 0.092497
v -2.714895 0.039077 0.095228
v -2.706750 0.040148 0.097959
v -2.698605 0.041219 0.100689
v -2.690460 0.042290 0.103420
v -2.682316 0.043361 0.106151
v -2.154228 -0.035672 -0.174625
v -2.202120 -0.034564 -0.167395
v -2.192688 -0.032525 -0.162198
v -2.250012 -0.033455 -0.160166
v -2.240580 -0.031417 -0.154968
v -2.231147 -0.029378 -0.149770
v -2.297904 -0.032347 -0.152936
v -2.288481 -0.030701 -0.147692
v -2.279108 -0.029406 -0.142396
v -2.273568 -0.028531 -0.136022
v -2.345796 -0.031239 -0.145706
v -2.336410 -0.029628 -0.140404
v -2.327043 -0.027810 -0.135143
v -2.318440 -0.027202 -0.129548
v -2.315505 -0.025820 -0.122487
v -2.393687 -0.030131 -0.138476
v -2.384475 -0.029203 -0.132949
v -2.375458 -0.027778 -0.127480
v -2.367173 -0.027107 -0.121623
v -2.362772 -0.028673 -0.114156
v -2.367044 -0.029504 -0.104493
v -2.441585 -0.029063 -0.131235
v -2.432493 -0.028686 -0.125507
v -2.423616 -0.027568 -0.119910
v -2.415509 -0.027168 -0.113918
v -2.409500 -0.027690 -0.107118
v -2.408489 -0.027679 -0.099095
v -2.415746 -0.023809 -0.089837
v -2.490661 -0.029090 -0.123399
v -2.480949 -0.028346 -0.117894
v -2.471804 -0.027303 -0.112332
v -2.463358 -0.025981 -0.106656
v -2.456258 -0.024293 -0.100706
v -2.453954 -0.021485 -0.093728
v -2.456654 -0.022273 -0.084323
v -2.464743 -0.020073 -0.074297
v -2.543092 -0.028538 -0.114883
v -2.529601 -0.027457 -0.110335
v -2.520098 -0.026679 -0.104809
v -2.511239 -0.024028 -0.099577
v -2.503684 -0.021781 -0.093849
v -2.498748 -0.021819 -0.086755
v -2.497695 -0.021535 -0.078704
v -2.500614 -0.019936 -0.069939
v -2.507535 -0.017352 -0.060368
v -2.597066 -0.028225 -0.105903
v -2.580707 -0.027165 -0.102039
v -2.569095 -0.025876 -0.097148
v -2.558881 -0.024786 -0.091825
v -2.549839 -0.023770 -0.086159
v -2.543180 -0.021296 -0.080203
v -2.539165 -0.021326 -0.072846
v -2.538036 -0.020503 -0.064965
v -2.540201 -0.018551 -0.056520
v -2.545805 -0.016299 -0.047241
v -2.647387 -0.027470 -0.097909
v -2.631850 -0.026545 -0.093831
v -2.618871 -0.025236 -0.089277
v -2.607546 -0.023749 -0.084355
v -2.597660 -0.023137 -0.078765
v -2.588943 -0.023001 -0.072674
v -2.581658 -0.022048 -0.066455
v -2.576680 -0.020390 -0.059851
v -2.574530 -0.018541 -0.052545
v -2.575546 -0.016325 -0.044515
v -2.580207 -0.013665 -0.035665
v -2.701564 -0.026446 -0.089188
v -2.682866 -0.025454 -0.085863
v -2.668549 -0.024202 -0.081585
v -2.656330 -0.022667 -0.076870
v -2.645798 -0.020981 -0.071807
v -2.636307 -0.019255 -0.066475
v -2.627727 -0.017687 -0.060820
v -2.620847 -0.017235 -0.054322
v -2.616030 -0.016526 -0.047360
v -2.613380 -0.014775 -0.040183
v -2.613037 -0.012297 -0.032638
v -2.617141 -0.009566 -0.023975
v -2.748337 -0.024833 -0.082436
v -2.731614 -0.023924 -0.078600
v -2.717278 -0.022710 -0.074290
v -2.704908 -0.021239 -0.069596
v -2.693912 -0.019575 -0.064621
v -2.683914 -0.017673 -0.059466
v -2.674757 -0.015851 -0.054070
v -2.666260 -0.014103 -0.048454
v -2.659232 -0.012245 -0.042489
v -2.653548 -0.010107 -0.036277
v -2.648876 -0.007727 -0.029895
v -2.645781 -0.005130 -0.023147
v -2.650474 -0.002550 -0.014264
v -2.788293 -0.023058 -0.077317
v -2.775937 -0.022088 -0.072447
v -2.763717 -0.020865 -0.067633
v -2.752334 -0.019456 -0.062715
v -2.741308 -0.017721 -0.057775
v -2.731307 -0.015994 -0.052554
v -2.721790 -0.014100 -0.047282
v -2.712773 -0.012025 -0.041948
v -2.704337 -0.009870 -0.036497
v -2.696537 -0.007777 -0.030845
v -2.689922 -0.005562 -0.024929
v -2.684691 -0.003275 -0.018669
v -2.682636 -0.000737 -0.011627
v -2.682859 0.002240 -0.004138
v -2.827515 -0.021342 -0.072371
v -2.819029 -0.020116 -0.066671
v -2.809541 -0.018834 -0.061219
v -2.798836 -0.017290 -0.056154
v -2.788633 -0.015601 -0.051029
v -2.778629 -0.013720 -0.045899
v -2.769108 -0.011921 -0.040573
v -2.759772 -0.009873 -0.035315
v -2.750816 -0.007747 -0.029990
v -2.742276 -0.005744 -0.024525
v -2.734077 -0.003574 -0.019034
v -2.725563 -0.001118 -0.013731
v -2.717920 0.001450 -0.008246
v -2.714076 0.003936 -0.001679
v -2.715578 0.006702 0.006241
v -2.876354 -0.019853 -0.065017
v -2.864048 -0.018252 -0.060361
v -2.854398 -0.016632 -0.055063
v -2.845321 -0.015174 -0.049578
v -2.835920 -0.013728 -0.044153
v -2.826220 -0.011850 -0.038958
v -2.816557 -0.009707 -0.033838
v -2.807020 -0.007444 -0.028714
v -2.797655 -0.005350 -0.023478
v -2.788523 -0.003364 -0.018166
v -2.779537 -0.001237 -0.012888
v -2.771002 0.000922 -0.007486
v -2.762436 0.003276 -0.002164
v -2.754847 0.005692 0.003397
v -2.748587 0.008193 0.009280
v -2.743406 0.010887 0.015380
v -2.923096 -0.018432 -0.058156
v -2.911726 -0.016739 -0.053304
v -2.901911 -0.014916 -0.048127
v -2.892419 -0.013026 -0.042897
v -2.883010 -0.011173 -0.037634
v -2.873560 -0.009248 -0.032406
v -2.864049 -0.007147 -0.027247
v -2.854518 -0.004596 -0.022241
v -2.845135 -0.002509 -0.017015
v -2.835812 -0.000897 -0.011615
v -2.826443 0.001162 -0.006404
v -2.817031 0.003407 -0.001274
v -2.807587 0.005690 0.003836
v -2.798116 0.007931 0.008951
v -2.788493 0.010226 0.013998
v -2.779011 0.012634 0.019019
v -2.769578 0.014679 0.024214
v -2.968390 -0.016831 -0.051720
v -2.959074 -0.014898 -0.046457
v -2.949569 -0.013155 -0.041174
v -2.940092 -0.011091 -0.035996
v -2.930661 -0.008807 -0.030884
v -2.921228 -0.006638 -0.025731
v -2.911795 -0.004600 -0.020534
v -2.902363 -0.002561 -0.015336
v -2.892930 -0.000522 -0.010138
v -2.883497 0.001516 -0.004940
v -2.874065 0.003555 0.000257
v -2.864632 0.005594 0.005455
v -2.855200 0.007632 0.010653
v -2.845767 0.009671 0.015851
v -2.836335 0.011710 0.021048
v -2.826902 0.013748 0.026246
v -2.817470 0.015787 0.031444
v -2.808037 0.017826 0.036642
v -3.016282 -0.015723 -0.044490
v -3.006850 -0.013685 -0.039293
v -2.997417 -0.011646 -0.034095
v -2.987985 -0.009607 -0.028897
v -2.978552 -0.007569 -0.023699
v -2.969120 -0.005530 -0.018502
v -2.959687 -0.003491 -0.013304
v -2.950254 -0.001453 -0.008106
v -2.940822 0.000586 -0.002908
v -2.931389 0.002625 0.002289
v -2.921957 0.004663 0.007487
v -2.912524 0.006702 0.012685
v -2.903092 0.008741 0.017883
v -2.893659 0.010779 0.023080
v -2.884227 0.012818 0.028278
v -2.874794 0.014857 0.033476
v -2.865362 0.016895 0.038674
v -2.855929 0.018934 0.043871
v -2.846497 0.020972 0.049069
v -1.197729 -0.035079 -0.177519
v -1.241254 -0.035032 -0.177398
v -1.198082 -0.029283 -0.158336
v -1.284779 -0.034985 -0.177277
v -1.241607 -0.029235 -0.158215
v -1.198435 -0.023486 -0.139153
v -1.328304 -0.034937 -0.177156
v -1.285132 -0.029188 -0.158094
v -1.241960 -0.023439 -0.139032
v -1.198788 -0.017690 -0.119970
v -1.371829 -0.034890 -0.177035
v -1.328657 -0.029140 -0.157973
v -1.285485 -0.023391 -0.138911
v -1.242313 -0.017642 -0.119849
v -1.199141 -0.011893 -0.100787
v -1.415354 -0.034842 -0.176914
v -1.372182 -0.029093 -0.157852
v -1.329010 -0.023344 -0.138790
v -1.285838 -0.017595 -0.119728
v -1.242666 -0.011845 -0.100666
v -1.199494 -0.006096 -0.081603
v -1.458879 -0.034795 -0.176793
v -1.415707 -0.029046 -0.157731
v -1.372535 -0.023296 -0.138669
v -1.329363 -0.017547 -0.119607
v -1.286191 -0.011808 -0.100541
v -1.243019 -0.006049 -0.081482
v -1.199847 -0.000300 -0.062420
v -1.502404 -0.034747 -0.176672
v -1.459232 -0.028998 -0.157610
v -1.416060 -0.023249 -0.138548
v -1.372863 -0.018858 -0.119109
v -1.329676 -0.014149 -0.099730
v -1.286544 -0.007497 -0.080910
v -1.243372 -0.000252 -0.062299
v -1.200200 0.005497 -0.043237
v -1.545930 -0.034700 -0.176551
v -1.502757 -0.028951 -0.157489
v -1.459585 -0.023201 -0.138427
v -1.416410 -0.017668 -0.119306
v -1.373178 -0.015366 -0.099243
v -1.329999 -0.010207 -0.079946
v -1.286898 -0.002209 -0.061572
v -1.243725 0.005544 -0.043116
v -1.200552 0.011294 -0.024054
v -1.589455 -0.034652 -0.176430
v -1.546282 -0.028903 -0.157368
v -1.503110 -0.023154 -0.138306
v -1.459938 -0.017405 -0.119244
v -1.416729 -0.015174 -0.099199
v -1.373507 -0.011449 -0.079467
v -1.330334 -0.005519 -0.060383
v -1.287219 0.002804 -0.042134
v -1.244078 0.011341 -0.023933
v -1.200906 0.017090 -0.004871
v -1.632980 -0.034605 -0.176309
v -1.589808 -0.028856 -0.157247
v -1.546635 -0.023107 -0.138185
v -1.503463 -0.017357 -0.119123
v -1.460282 -0.015235 -0.099052
v -1.417017 -0.013727 -0.078679
v -1.373824 -0.008041 -0.059510
v -1.330669 -0.000394 -0.040965
v -1.287550 0.008199 -0.022797
v -1.244431 0.017138 -0.004750
v -1.201258 0.022887 0.014313
v -1.676505 -0.034557 -0.176188
v -1.633332 -0.028808 -0.157126
v -1.590160 -0.023059 -0.138064
v -1.546988 -0.017311 -0.119001
v -1.503829 -0.014985 -0.099005
v -1.460569 -0.014319 -0.078377
v -1.417326 -0.011235 -0.058422
v -1.374143 -0.004641 -0.039543
v -1.331017 0.005394 -0.021755
v -1.287897 0.014175 -0.003647
v -1.244784 0.022934 0.014434
v -1.201612 0.028683 0.033496
v -1.720030 -0.034510 -0.176067
v -1.676857 -0.028761 -0.157005
v -1.633685 -0.023012 -0.137943
v -1.590513 -0.017263 -0.118881
v -1.547371 -0.014854 -0.098914
v -1.504185 -0.012064 -0.078971
v -1.460903 -0.011522 -0.058225
v -1.417704 -0.006159 -0.038966
v -1.374503 0.000258 -0.020042
v -1.331391 0.012037 -0.002829
v -1.288262 0.020789 0.015283
v -1.245136 0.028731 0.033617
v -1.201964 0.034480 0.052679
v -1.763555 -0.034462 -0.175946
v -1.720383 -0.028713 -0.156884
v -1.677210 -0.022964 -0.137822
v -1.634038 -0.017215 -0.118760
v -1.590916 -0.014644 -0.098842
v -1.547770 -0.011079 -0.079151
v -1.504514 -0.010501 -0.058439
v -1.461299 -0.006486 -0.038761
v -1.418101 -0.000484 -0.019706
v -1.374892 0.006419 -0.000950
v -1.331768 0.018749 0.016075
v -1.288639 0.027740 0.034088
v -1.245489 0.034527 0.052800
v -1.202317 0.040277 0.071862
v -1.807080 -0.034415 -0.175825
v -1.763908 -0.028666 -0.156763
v -1.720735 -0.023129 -0.137656
v -1.677563 -0.017168 -0.118639
v -1.634465 -0.014435 -0.098767
v -1.591343 -0.011947 -0.078759
v -1.548174 -0.009067 -0.058785
v -1.504920 -0.006752 -0.038577
v -1.461730 -0.000956 -0.019457
v -1.418518 0.005523 -0.000561
v -1.375292 0.012805 0.018062
v -1.332148 0.025389 0.034997
v -1.289013 0.034472 0.052956
v -1.245842 0.040324 0.071983
v -1.202670 0.046073 0.091045
v -1.850605 -0.034368 -0.175704
v -1.807433 -0.028618 -0.156642
v -1.764269 -0.024378 -0.137247
v -1.721105 -0.018683 -0.118149
v -1.678029 -0.015634 -0.098355
v -1.634966 -0.012248 -0.078546
v -1.591809 -0.011461 -0.057906
v -1.548619 -0.008326 -0.037975
v -1.505404 -0.002010 -0.019028
v -1.462199 0.004879 -0.000259
v -1.418957 0.011813 0.018481
v -1.375698 0.019368 0.037006
v -1.332529 0.032097 0.053887
v -1.289367 0.040372 0.072104
v -1.246195 0.046121 0.091166
v -1.203023 0.051870 0.110228
v -1.894130 -0.034320 -0.175583
v -1.850958 -0.028571 -0.156521
v -1.807827 -0.024956 -0.136979
v -1.764717 -0.020275 -0.117621
v -1.721657 -0.016838 -0.097841
v -1.678546 -0.015341 -0.077778
v -1.635512 -0.010683 -0.058021
v -1.592373 -0.008399 -0.037822
v -1.549198 -0.004281 -0.018191
v -1.505971 0.002524 0.000588
v -1.462728 0.010770 0.018912
v -1.419436 0.018116 0.037508
v -1.376130 0.026425 0.055783
v -1.332906 0.039343 0.072587
v -1.289721 0.046168 0.091287
v -1.246548 0.051917 0.110349
v -1.203376 0.057666 0.129412
v -1.937655 -0.034273 -0.175462
v -1.894483 -0.028524 -0.156400
v -1.851398 -0.025120 -0.136807
v -1.808348 -0.021098 -0.117278
v -1.765321 -0.019656 -0.097052
v -1.722251 -0.015905 -0.077103
v -1.679170 -0.013699 -0.057217
v -1.636165 -0.008484 -0.037624
v -1.593067 -0.003806 -0.018181
v -1.549890 0.000686 0.001311
v -1.506639 0.007314 0.020117
v -1.463331 0.016741 0.038044
v -1.419982 0.024476 0.056499
v -1.376605 0.034741 0.074152
v -1.333246 0.046216 0.091408
v -1.290073 0.051965 0.110471
v -1.246901 0.057714 0.129533
v -1.203729 0.063463 0.148595
v -1.981180 -0.034225 -0.175341
v -1.938008 -0.028476 -0.156279
v -1.895009 -0.024890 -0.136720
v -1.852052 -0.021396 -0.117020
v -1.808881 -0.018080 -0.097023
v -1.765888 -0.017306 -0.076611
v -1.722904 -0.013889 -0.056584
v -1.679921 -0.010487 -0.036934
v -1.636949 -0.003978 -0.017922
v -1.593871 0.000871 0.001447
v -1.550698 0.005877 0.020736
v -1.507416 0.013115 0.039308
v -1.464053 0.023162 0.057007
v -1.420594 0.031223 0.075351
v -1.377043 0.043752 0.092302
v -1.333598 0.052012 0.110592
v -1.290426 0.057761 0.129654
v -1.247254 0.063511 0.148716
v -1.204082 0.069260 0.167778
v -3.081908 -0.018809 -0.047992
v -3.086006 -0.019938 -0.050907
v -3.086111 -0.019835 -0.050609
v -3.090104 -0.021066 -0.053823
v -3.090209 -0.020964 -0.053525
v -3.090314 -0.020862 -0.053226
v -3.094201 -0.022195 -0.056739
v -3.094306 -0.022093 -0.056440
v -3.094412 -0.021991 -0.056142
v -3.094517 -0.021888 -0.055843
v -3.098299 -0.023324 -0.059655
v -3.098404 -0.023222 -0.059356
v -3.098510 -0.023119 -0.059058
v -3.098615 -0.023017 -0.058759
v -3.098720 -0.022915 -0.058460
v -3.102397 -0.024453 -0.062571
v -3.102502 -0.024351 -0.062272
v -3.102607 -0.024248 -0.061974
v -3.102713 -0.024146 -0.061675
v -3.102818 -0.024044 -0.061376
v -3.102923 -0.023941 -0.061077
v -3.106495 -0.025582 -0.065487
v -3.106600 -0.025479 -0.065188
v -3.106705 -0.025377 -0.064889
v -3.106810 -0.025275 -0.064591
v -3.106915 -0.025172 -0.064292
v -3.107021 -0.025070 -0.063993
v -3.107126 -0.024968 -0.063695
v -3.110593 -0.026710 -0.068403
v -3.110698 -0.026608 -0.068104
v -3.110803 -0.026506 -0.067805
v -3.110908 -0.026404 -0.067507
v -3.111013 -0.026301 -0.067208
v -3.111118 -0.026199 -0.066909
v -3.111224 -0.026097 -0.066610
v -3.111329 -0.025994 -0.066312
v -3.114690 -0.027839 -0.071318
v -3.114795 -0.027737 -0.071020
v -3.114901 -0.027635 -0.070721
v -3.115006 -0.027532 -0.070422
v -3.115111 -0.027430 -0.070124
v -3.115216 -0.027328 -0.069825
v -3.115322 -0.027225 -0.069526
v -3.115427 -0.027123 -0.069228
v -3.115532 -0.027021 -0.068929
v -3.118788 -0.028968 -0.074234
v -3.118893 -0.028866 -0.073936
v -3.118998 -0.028763 -0.073637
v -3.119103 -0.028661 -0.073338
v -3.119209 -0.028559 -0.073040
v -3.119314 -0.028457 -0.072741
v -3.119419 -0.028354 -0.072442
v -3.119524 -0.028252 -0.072144
v -3.119630 -0.028150 -0.071845
v -3.119735 -0.028047 -0.071546
v -3.122886 -0.030097 -0.077150
v -3.122991 -0.029994 -0.076852
v -3.123096 -0.029892 -0.076553
v -3.123201 -0.029790 -0.076254
v -3.123307 -0.029688 -0.075955
v -3.123412 -0.029585 -0.075657
v -3.123517 -0.029483 -0.075358
v -3.123622 -0.029381 -0.075059
v -3.123727 -0.029278 -0.074761
v -3.123832 -0.029176 -0.074462
v -3.123938 -0.029074 -0.074163
v -3.126984 -0.031226 -0.080066
v -3.127089 -0.031123 -0.079767
v -3.127194 -0.031021 -0.079469
v -3.127299 -0.030919 -0.079170
v -3.127404 -0.030816 -0.078871
v -3.127510 -0.030714 -0.078573
v -3.127615 -0.030612 -0.078274
v -3.127720 -0.030510 -0.077975
v -3.127825 -0.030407 -0.077677
v -3.127930 -0.030305 -0.077378
v -3.128036 -0.030203 -0.077079
v -3.128141 -0.030100 -0.076781
v -3.131082 -0.032354 -0.082982
v -3.131187 -0.032252 -0.082683
v -3.131292 -0.032150 -0.082385
v -3.131397 -0.032047 -0.082086
v -3.131502 -0.031945 -0.081787
v -3.131607 -0.031843 -0.081489
v -3.131712 -0.031741 -0.081190
v -3.131818 -0.031638 -0.080891
v -3.131923 -0.031536 -0.080592
v -3.132028 -0.031434 -0.080294
v -3.132133 -0.031331 -0.079995
v -3.132239 -0.031229 -0.079696
v -3.132344 -0.031127 -0.079398
v -3.135179 -0.033483 -0.085898
v -3.135284 -0.033381 -0.085599
v -3.135390 -0.033279 -0.085300
v -3.135495 -0.033176 -0.085002
v -3.135600 -0.033074 -0.084703
v -3.135705 -0.032972 -0.084404
v -3.135810 -0.032869 -0.084106
v -3.135915 -0.032767 -0.083807
v -3.136020 -0.032665 -0.083508
v -3.136126 -0.032563 -0.083210
v -3.136231 -0.032460 -0.082911
v -3.136336 -0.032358 -0.082612
v -3.136441 -0.032256 -0.082314
v -3.136547 -0.032153 -0.082015
v -3.139277 -0.034612 -0.088814
v -3.139382 -0.034510 -0.088515
v -3.139488 -0.034407 -0.088216
v -3.139593 -0.034305 -0.087918
v -3.139698 -0.034203 -0.087619
v -3.139803 -0.034100 -0.087320
v -3.139908 -0.033998 -0.087022
v -3.140013 -0.033896 -0.086723
v -3.140118 -0.033794 -0.086424
v -3.140224 -0.033691 -0.086125
v -3.140329 -0.033589 -0.085827
v -3.140434 -0.033487 -0.085528
v -3.140539 -0.033384 -0.085229
v -3.140644 -0.033282 -0.084931
v -3.140749 -0.033180 -0.084632
v -3.143375 -0.035741 -0.091730
v -3.143480 -0.035638 -0.091431
v -3.143585 -0.035536 -0.091132
v -3.143691 -0.035434 -0.090833
v -3.143796 -0.035332 -0.090535
v -3.143901 -0.035229 -0.090236
v -3.144006 -0.035127 -0.089937
v -3.144111 -0.035025 -0.089639
v -3.144216 -0.034922 -0.089340
v -3.144321 -0.034820 -0.089041
v -3.144427 -0.034718 -0.088743
v -3.144532 -0.034616 -0.088444
v -3.144637 -0.034513 -0.088145
v -3.144742 -0.034411 -0.087847
v -3.144847 -0.034309 -0.087548
v -3.144953 -0.034206 -0.087249
v -3.147473 -0.036869 -0.094645
v -3.147578 -0.036767 -0.094347
v -3.147683 -0.036665 -0.094048
v -3.147788 -0.036563 -0.093749
v -3.147893 -0.036460 -0.093451
v -3.147999 -0.036358 -0.093152
v -3.148104 -0.036256 -0.092853
v -3.148209 -0.036153 -0.092555
v -3.148314 -0.036051 -0.092256
v -3.148419 -0.035949 -0.091957
v -3.148524 -0.035847 -0.091659
v -3.148629 -0.035744 -0.091360
v -3.148735 -0.035642 -0.091061
v -3.148840 -0.035540 -0.090762
v -3.148945 -0.035437 -0.090464
v -3.149050 -0.035335 -0.090165
v -3.149156 -0.035233 -0.089866
v -3.151571 -0.037998 -0.097561
v -3.151676 -0.037896 -0.097263
v -3.151781 -0.037794 -0.096964
v -3.151886 -0.037691 -0.096665
v -3.151991 -0.037589 -0.096367
v -3.152097 -0.037487 -0.096068
v -3.152202 -0.037385 -0.095769
v -3.152307 -0.037282 -0.095470
v -3.152412 -0.037180 -0.095172
v -3.152517 -0.037078 -0.094873
v -3.152622 -0.036975 -0.094574
v -3.152727 -0.036873 -0.094276
v -3.152833 -0.036771 -0.093977
v -3.152938 -0.036669 -0.093678
v -3.153043 -0.036566 -0.093380
v -3.153148 -0.036464 -0.093081
v -3.153253 -0.036362 -0.092782
v -3.153358 -0.036259 -0.092484
v -3.155669 -0.039127 -0.100477
v -3.155774 -0.039025 -0.100178
v -3.155879 -0.038922 -0.099880
v -3.155984 -0.038820 -0.099581
v -3.156089 -0.038718 -0.099282
v -3.156194 -0.038616 -0.098984
v -3.156300 -0.038513 -0.098685
v -3.156405 -0.038411 -0.098386
v -3.156510 -0.038309 -0.098088
v -3.156615 -0.038206 -0.097789
v -3.156720 -0.038104 -0.097490
v -3.156825 -0.038002 -0.097192
v -3.156930 -0.037900 -0.096893
v -3.157036 -0.037797 -0.096594
v -3.157141 -0.037695 -0.096296
v -3.157246 -0.037593 -0.095997
v -3.157351 -0.037490 -0.095698
v -3.157456 -0.037388 -0.095399
v -3.157561 -0.037286 -0.095101
vt 0.962056 0.282625
vt 0.959607 0.330146
vt 0.927783 0.327256
vt 0.931115 0.279090
vt 0.934466 0.734831
vt 0.961094 0.737536
vt 0.979215 0.747818
vt 0.987013 0.763595
vt 0.987013 0.777441
vt 0.979215 0.793218
vt 0.961094 0.803500
vt 0.934466 0.806205
vt 0.886928 0.804093
vt 0.856581 0.798689
vt 0.837005 0.787017
vt 0.830378 0.772205
vt 0.830378 0.768831
vt 0.837005 0.754019
vt 0.856581 0.742347
vt 0.886928 0.736942
vt 0.959435 0.474324
vt 0.961771 0.521851
vt 0.930821 0.525312
vt 0.927604 0.477138
vt 0.966017 0.591552
vt 0.966469 0.594896
vt 0.937406 0.602000
vt 0.936111 0.592426
vt 0.958508 0.356889
vt 0.926030 0.353974
vt 0.957915 0.377716
vt 0.924836 0.375550
vt 0.957522 0.395310
vt 0.924575 0.390972
vt 0.925915 0.450416
vt 0.958399 0.447579
vt 0.924772 0.428838
vt 0.957856 0.426751
vt 0.924548 0.413415
vt 0.957506 0.409156
vt 0.963233 0.552641
vt 0.932793 0.553866
vt 0.964461 0.575400
vt 0.934523 0.577033
vt 0.933156 0.250541
vt 0.963592 0.251838
vt 0.934941 0.227379
vt 0.964875 0.229083
vt 0.936566 0.211989
vt 0.966469 0.212935
vt 0.863618 0.433490
vt 0.865850 0.433643
vt 0.866347 0.561346
vt 0.845945 0.559941
vt 0.228645 0.201570
vt 0.228686 0.215540
vt 0.228728 0.229511
vt 0.228770 0.243482
vt 0.228811 0.257453
vt 0.228853 0.271424
vt 0.228895 0.285394
vt 0.228936 0.299365
vt 0.228978 0.313336
vt 0.229019 0.327307
vt 0.229061 0.341278
vt 0.229103 0.355248
vt 0.229144 0.369219
vt 0.229186 0.383190
vt 0.229228 0.397161
vt 0.229269 0.411132
vt 0.229311 0.425102
vt 0.229352 0.439073
vt 0.229394 0.453044
vt 0.229436 0.467015
vt 0.229477 0.480986
vt 0.229519 0.494956
vt 0.359536 0.483132
vt 0.359536 0.198858
vt 0.202204 0.183747
vt 0.202106 0.183714
vt 0.201231 0.184703
vt 0.380544 0.801457
vt 0.380544 0.517198
vt 0.359536 0.517198
vt 0.359536 0.530734
vt 0.359536 0.544270
vt 0.359536 0.557806
vt 0.359536 0.571342
vt 0.359536 0.584878
vt 0.359536 0.598414
vt 0.359536 0.611951
vt 0.359536 0.625487
vt 0.359536 0.639023
vt 0.359536 0.652559
vt 0.359536 0.666095
vt 0.359536 0.679631
vt 0.359536 0.693167
vt 0.359536 0.706704
vt 0.359536 0.720240
vt 0.359536 0.733776
vt 0.359536 0.747312
vt 0.359536 0.760848
vt 0.359536 0.774384
vt 0.359536 0.787921
vt 0.359536 0.801457
vt 0.866347 0.410146
vt 0.863618 0.433490
vt 0.865850 0.433643
vt 0.359536 0.817234
vt 0.380544 0.817234
vt 0.228081 0.516868
vt 0.221849 0.530275
vt 0.228081 0.530404
vt 0.097191 0.798430
vt 0.096627 0.819028
vt 0.227800 0.816926
vt 0.228081 0.801142
vt 0.221849 0.801013
vt 0.215616 0.800884
vt 0.209383 0.800755
vt 0.203150 0.800625
vt 0.196917 0.800496
vt 0.190684 0.800367
vt 0.184451 0.800238
vt 0.178218 0.800109
vt 0.171985 0.799980
vt 0.165753 0.799851
vt 0.159520 0.799722
vt 0.153287 0.799592
vt 0.147054 0.799463
vt 0.140821 0.799334
vt 0.134588 0.799205
vt 0.128355 0.799076
vt 0.122122 0.798947
vt 0.115889 0.798818
vt 0.109657 0.798689
vt 0.103424 0.798559
vt 0.228081 0.180972
vt 0.359254 0.183074
vt 0.370126 0.183749
vt 0.369953 0.183749
vt 0.369457 0.199628
vt 0.368961 0.215506
vt 0.368465 0.231385
vt 0.367969 0.247263
vt 0.367473 0.263142
vt 0.366977 0.279020
vt 0.366480 0.294899
vt 0.365984 0.310777
vt 0.365488 0.326656
vt 0.364992 0.342534
vt 0.364496 0.358413
vt 0.364000 0.374291
vt 0.363504 0.390170
vt 0.363008 0.406048
vt 0.362512 0.421927
vt 0.362016 0.437805
vt 0.361520 0.453684
vt 0.361024 0.469562
vt 0.360528 0.485441
vt 0.360032 0.501319
vt 0.331599 0.816945
vt 0.325438 0.786793
vt 0.319276 0.756641
vt 0.313114 0.726488
vt 0.306953 0.696336
vt 0.300791 0.666184
vt 0.294629 0.636031
vt 0.288468 0.605879
vt 0.282306 0.575727
vt 0.276144 0.545574
vt 0.269983 0.515422
vt 0.263821 0.485270
vt 0.257659 0.455117
vt 0.251498 0.424965
vt 0.245336 0.394813
vt 0.239174 0.364661
vt 0.233013 0.334508
vt 0.226851 0.304356
vt 0.220689 0.274204
vt 0.214528 0.244051
vt 0.208366 0.213899
vt 0.230080 0.500480
vt 0.230640 0.506004
vt 0.231201 0.511528
vt 0.231762 0.517052
vt 0.232323 0.522575
vt 0.232883 0.528099
vt 0.233444 0.533623
vt 0.234005 0.539147
vt 0.234566 0.544671
vt 0.235127 0.550195
vt 0.235687 0.555718
vt 0.236248 0.561242
vt 0.236809 0.566766
vt 0.237370 0.572290
vt 0.237930 0.577814
vt 0.238491 0.583338
vt 0.239052 0.588861
vt 0.239613 0.594385
vt 0.240174 0.599909
vt 0.240734 0.605433
vt 0.241295 0.610957
vt 0.242062 0.614315
vt 0.242828 0.617673
vt 0.243595 0.621032
vt 0.244362 0.624390
vt 0.245128 0.627748
vt 0.245895 0.631106
vt 0.246662 0.634464
vt 0.247429 0.637823
vt 0.248195 0.641181
vt 0.248962 0.644539
vt 0.249729 0.647897
vt 0.250495 0.651256
vt 0.251262 0.654614
vt 0.252029 0.657972
vt 0.252795 0.661330
vt 0.253562 0.664689
vt 0.254329 0.668047
vt 0.255095 0.671405
vt 0.255862 0.674763
vt 0.256629 0.678122
vt 0.257395 0.681480
vt 0.258313 0.684011
vt 0.259231 0.686543
vt 0.260148 0.689074
vt 0.261066 0.691606
vt 0.261983 0.694137
vt 0.262901 0.696668
vt 0.263818 0.699200
vt 0.264736 0.701731
vt 0.265653 0.704263
vt 0.266571 0.706794
vt 0.267488 0.709326
vt 0.268406 0.711857
vt 0.269324 0.714388
vt 0.270241 0.716920
vt 0.271159 0.719451
vt 0.272076 0.721983
vt 0.272994 0.724514
vt 0.273911 0.727046
vt 0.274829 0.729577
vt 0.275746 0.732108
vt 0.276664 0.734640
vt 0.278405 0.737570
vt 0.280146 0.740501
vt 0.281887 0.743431
vt 0.283627 0.746362
vt 0.285368 0.749292
vt 0.287109 0.752223
vt 0.288850 0.755153
vt 0.290591 0.758084
vt 0.292332 0.761014
vt 0.294073 0.763945
vt 0.295813 0.766875
vt 0.297554 0.769805
vt 0.299295 0.772736
vt 0.301036 0.775666
vt 0.302777 0.778597
vt 0.304518 0.781527
vt 0.306259 0.784458
vt 0.307999 0.787388
vt 0.309740 0.790318
vt 0.311481 0.793249
vt 0.313222 0.796179
vt 0.314097 0.797168
vt 0.314972 0.798157
vt 0.315847 0.799146
vt 0.316722 0.800135
vt 0.317598 0.801124
vt 0.318473 0.802113
vt 0.319348 0.803101
vt 0.320223 0.804090
vt 0.321098 0.805079
vt 0.321973 0.806068
vt 0.322848 0.807057
vt 0.323723 0.808046
vt 0.324598 0.809034
vt 0.325474 0.810023
vt 0.326349 0.811012
vt 0.327224 0.812001
vt 0.328099 0.812990
vt 0.328974 0.813979
vt 0.329849 0.814968
vt 0.330724 0.815956
vt 0.333659 0.816253
vt 0.181768 0.203820
vt 0.180027 0.206751
vt 0.183973 0.218727
vt 0.145210 0.265360
vt 0.144292 0.267892
vt 0.149156 0.277337
vt 0.125941 0.318520
vt 0.125175 0.321878
vt 0.130805 0.327965
vt 0.109841 0.389043
vt 0.109280 0.394567
vt 0.115471 0.395130
vt 0.226849 0.501005
vt 0.225876 0.501961
vt 0.221890 0.516304
vt 0.103424 0.785023
vt 0.097232 0.784460
vt 0.109657 0.771615
vt 0.103465 0.771052
vt 0.115889 0.758207
vt 0.109698 0.757644
vt 0.122122 0.744799
vt 0.115931 0.744236
vt 0.128355 0.731391
vt 0.122164 0.730829
vt 0.134588 0.717984
vt 0.128397 0.717421
vt 0.140821 0.704576
vt 0.134630 0.704013
vt 0.147054 0.691168
vt 0.140863 0.690605
vt 0.153287 0.677760
vt 0.147096 0.677197
vt 0.159520 0.664353
vt 0.153328 0.663790
vt 0.165753 0.650945
vt 0.159561 0.650382
vt 0.171985 0.637537
vt 0.165794 0.636974
vt 0.178218 0.624129
vt 0.172027 0.623566
vt 0.184451 0.610722
vt 0.178260 0.610159
vt 0.190684 0.597314
vt 0.184493 0.596751
vt 0.196917 0.583906
vt 0.190726 0.583343
vt 0.203150 0.570499
vt 0.196959 0.569936
vt 0.209383 0.557091
vt 0.203191 0.556528
vt 0.215616 0.543683
vt 0.209424 0.543120
vt 0.215657 0.529712
vt 0.097274 0.770489
vt 0.103507 0.757081
vt 0.097316 0.756518
vt 0.109740 0.743673
vt 0.103549 0.743110
vt 0.097357 0.742547
vt 0.115973 0.730265
vt 0.109781 0.729702
vt 0.103590 0.729139
vt 0.097399 0.728576
vt 0.122206 0.716858
vt 0.116014 0.716295
vt 0.109823 0.715732
vt 0.103632 0.715169
vt 0.097440 0.714606
vt 0.128438 0.703450
vt 0.122247 0.702887
vt 0.116056 0.702324
vt 0.109865 0.701761
vt 0.103673 0.701198
vt 0.097482 0.700635
vt 0.134671 0.690042
vt 0.128480 0.689479
vt 0.122289 0.688916
vt 0.116098 0.688353
vt 0.109906 0.687790
vt 0.103715 0.687227
vt 0.097524 0.686664
vt 0.140904 0.676634
vt 0.134713 0.676071
vt 0.128522 0.675508
vt 0.122330 0.674945
vt 0.116139 0.674382
vt 0.109948 0.673819
vt 0.103757 0.673256
vt 0.097565 0.672693
vt 0.147137 0.663227
vt 0.140946 0.662664
vt 0.134755 0.662101
vt 0.128563 0.661538
vt 0.122372 0.660975
vt 0.116181 0.660412
vt 0.109989 0.659848
vt 0.103798 0.659285
vt 0.097607 0.658722
vt 0.153370 0.649819
vt 0.147179 0.649256
vt 0.140987 0.648693
vt 0.134796 0.648130
vt 0.128605 0.647567
vt 0.122414 0.647004
vt 0.116222 0.646441
vt 0.110031 0.645878
vt 0.103840 0.645315
vt 0.097649 0.644752
vt 0.159603 0.636411
vt 0.153412 0.635848
vt 0.147220 0.635285
vt 0.141029 0.634722
vt 0.134838 0.634159
vt 0.128647 0.633596
vt 0.122455 0.633033
vt 0.116264 0.632470
vt 0.110073 0.631907
vt 0.103881 0.631344
vt 0.097690 0.630781
vt 0.165836 0.623003
vt 0.159645 0.622440
vt 0.153453 0.621877
vt 0.147262 0.621314
vt 0.141071 0.620751
vt 0.134879 0.620188
vt 0.128688 0.619625
vt 0.122497 0.619062
vt 0.116306 0.618499
vt 0.110114 0.617936
vt 0.103923 0.617373
vt 0.097732 0.616810
vt 0.172069 0.609596
vt 0.165877 0.609033
vt 0.159686 0.608470
vt 0.153495 0.607907
vt 0.147304 0.607343
vt 0.141112 0.606780
vt 0.134921 0.606217
vt 0.128730 0.605654
vt 0.122538 0.605091
vt 0.116347 0.604528
vt 0.110156 0.603965
vt 0.103965 0.603402
vt 0.097773 0.602839
vt 0.178302 0.596188
vt 0.172110 0.595625
vt 0.165919 0.595062
vt 0.159728 0.594499
vt 0.153536 0.593936
vt 0.147345 0.593373
vt 0.141154 0.592810
vt 0.134963 0.592247
vt 0.128771 0.591684
vt 0.122580 0.591121
vt 0.116389 0.590558
vt 0.110198 0.589995
vt 0.104006 0.589432
vt 0.097815 0.588868
vt 0.184534 0.582780
vt 0.178343 0.582217
vt 0.172152 0.581654
vt 0.165961 0.581091
vt 0.159769 0.580528
vt 0.153578 0.579965
vt 0.147387 0.579402
vt 0.141196 0.578839
vt 0.135004 0.578276
vt 0.128813 0.577713
vt 0.122622 0.577150
vt 0.116430 0.576587
vt 0.110239 0.576024
vt 0.104048 0.575461
vt 0.097857 0.574898
vt 0.190767 0.569372
vt 0.184576 0.568809
vt 0.178385 0.568246
vt 0.172194 0.567683
vt 0.166002 0.567120
vt 0.159811 0.566557
vt 0.153620 0.565994
vt 0.147428 0.565431
vt 0.141237 0.564868
vt 0.135046 0.564305
vt 0.128855 0.563742
vt 0.122663 0.563179
vt 0.116472 0.562616
vt 0.110281 0.562053
vt 0.104090 0.561490
vt 0.097898 0.560927
vt 0.197000 0.555965
vt 0.190809 0.555402
vt 0.184618 0.554839
vt 0.178426 0.554276
vt 0.172235 0.553713
vt 0.166044 0.553150
vt 0.159853 0.552586
vt 0.153661 0.552023
vt 0.147470 0.551460
vt 0.141279 0.550897
vt 0.135087 0.550334
vt 0.128896 0.549771
vt 0.122705 0.549208
vt 0.116514 0.548645
vt 0.110322 0.548082
vt 0.104131 0.547519
vt 0.097940 0.546956
vt 0.203233 0.542557
vt 0.197042 0.541994
vt 0.190851 0.541431
vt 0.184659 0.540868
vt 0.178468 0.540305
vt 0.172277 0.539742
vt 0.166085 0.539179
vt 0.159894 0.538616
vt 0.153703 0.538053
vt 0.147512 0.537490
vt 0.141320 0.536927
vt 0.135129 0.536364
vt 0.128938 0.535800
vt 0.122747 0.535237
vt 0.116555 0.534674
vt 0.110364 0.534111
vt 0.104173 0.533548
vt 0.097981 0.532985
vt 0.209466 0.529149
vt 0.203275 0.528586
vt 0.197083 0.528023
vt 0.190892 0.527460
vt 0.184701 0.526897
vt 0.178510 0.526334
vt 0.172318 0.525771
vt 0.166127 0.525208
vt 0.159936 0.524645
vt 0.153745 0.524082
vt 0.147553 0.523519
vt 0.141362 0.522956
vt 0.135171 0.522393
vt 0.128979 0.521830
vt 0.122788 0.521267
vt 0.116597 0.520704
vt 0.110406 0.520141
vt 0.104214 0.519578
vt 0.098023 0.519014
vt 0.215699 0.515741
vt 0.209508 0.515178
vt 0.203316 0.514615
vt 0.197125 0.514052
vt 0.190934 0.513489
vt 0.184743 0.512926
vt 0.178551 0.512363
vt 0.172360 0.511800
vt 0.166169 0.511237
vt 0.159977 0.510674
vt 0.153786 0.510111
vt 0.147595 0.509548
vt 0.141404 0.508985
vt 0.135212 0.508422
vt 0.129021 0.507859
vt 0.122830 0.507296
vt 0.116639 0.506733
vt 0.110447 0.506170
vt 0.104256 0.505607
vt 0.098065 0.505044
vt 0.182741 0.202864
vt 0.186179 0.233634
vt 0.184947 0.217772
vt 0.188384 0.248541
vt 0.187152 0.232679
vt 0.190590 0.263448
vt 0.189357 0.247586
vt 0.192795 0.278355
vt 0.191563 0.262493
vt 0.195000 0.293262
vt 0.193768 0.277400
vt 0.197206 0.308169
vt 0.195974 0.292307
vt 0.199411 0.323076
vt 0.198179 0.307214
vt 0.201617 0.337983
vt 0.200384 0.322121
vt 0.203822 0.352890
vt 0.202590 0.337028
vt 0.206027 0.367797
vt 0.204795 0.351935
vt 0.208233 0.382704
vt 0.207001 0.366842
vt 0.210438 0.397611
vt 0.209206 0.381749
vt 0.212644 0.412519
vt 0.211411 0.396656
vt 0.214849 0.427426
vt 0.213617 0.411563
vt 0.217054 0.442333
vt 0.215822 0.426470
vt 0.219260 0.457240
vt 0.218028 0.441377
vt 0.221465 0.472147
vt 0.220233 0.456284
vt 0.223671 0.487054
vt 0.222438 0.471191
vt 0.224644 0.486098
vt 0.183714 0.201909
vt 0.185920 0.216816
vt 0.184687 0.200953
vt 0.188125 0.231723
vt 0.186893 0.215860
vt 0.185661 0.199997
vt 0.190330 0.246630
vt 0.189098 0.230767
vt 0.187866 0.214904
vt 0.186634 0.199041
vt 0.192536 0.261537
vt 0.191304 0.245674
vt 0.190071 0.229811
vt 0.188839 0.213948
vt 0.187607 0.198085
vt 0.194741 0.276444
vt 0.193509 0.260581
vt 0.192277 0.244718
vt 0.191045 0.228855
vt 0.189812 0.212992
vt 0.188580 0.197129
vt 0.196947 0.291351
vt 0.195714 0.275488
vt 0.194482 0.259625
vt 0.193250 0.243762
vt 0.192018 0.227899
vt 0.190786 0.212036
vt 0.189553 0.196173
vt 0.199152 0.306258
vt 0.197920 0.290395
vt 0.196688 0.274532
vt 0.195455 0.258669
vt 0.194223 0.242806
vt 0.192991 0.226943
vt 0.191759 0.211080
vt 0.190526 0.195217
vt 0.201358 0.321165
vt 0.200125 0.305302
vt 0.198893 0.289439
vt 0.197661 0.273576
vt 0.196429 0.257713
vt 0.195196 0.241850
vt 0.193964 0.225987
vt 0.192732 0.210124
vt 0.191500 0.194261
vt 0.203563 0.336072
vt 0.202331 0.320209
vt 0.201098 0.304346
vt 0.199866 0.288483
vt 0.198634 0.272620
vt 0.197402 0.256757
vt 0.196169 0.240894
vt 0.194937 0.225031
vt 0.193705 0.209168
vt 0.192473 0.193306
vt 0.205768 0.350979
vt 0.204536 0.335116
vt 0.203304 0.319253
vt 0.202072 0.303390
vt 0.200839 0.287527
vt 0.199607 0.271664
vt 0.198375 0.255801
vt 0.197143 0.239938
vt 0.195910 0.224075
vt 0.194678 0.208213
vt 0.193446 0.192350
vt 0.207974 0.365886
vt 0.206741 0.350023
vt 0.205509 0.334160
vt 0.204277 0.318297
vt 0.203045 0.302434
vt 0.201813 0.286571
vt 0.200580 0.270708
vt 0.199348 0.254845
vt 0.198116 0.238982
vt 0.196884 0.223120
vt 0.195651 0.207257
vt 0.194419 0.191394
vt 0.210179 0.380793
vt 0.208947 0.364930
vt 0.207715 0.349067
vt 0.206482 0.333204
vt 0.205250 0.317341
vt 0.204018 0.301478
vt 0.202786 0.285615
vt 0.201553 0.269752
vt 0.200321 0.253890
vt 0.199089 0.238027
vt 0.197857 0.222164
vt 0.196625 0.206301
vt 0.195392 0.190438
vt 0.212385 0.395700
vt 0.211152 0.379837
vt 0.209920 0.363974
vt 0.208688 0.348111
vt 0.207456 0.332248
vt 0.206223 0.316385
vt 0.204991 0.300522
vt 0.203759 0.284659
vt 0.202527 0.268796
vt 0.201294 0.252934
vt 0.200062 0.237071
vt 0.198830 0.221208
vt 0.197598 0.205345
vt 0.196365 0.189482
vt 0.214590 0.410607
vt 0.213358 0.394744
vt 0.212125 0.378881
vt 0.210893 0.363018
vt 0.209661 0.347155
vt 0.208429 0.331292
vt 0.207197 0.315429
vt 0.205964 0.299566
vt 0.204732 0.283704
vt 0.203500 0.267841
vt 0.202268 0.251978
vt 0.201035 0.236115
vt 0.199803 0.220252
vt 0.198571 0.204389
vt 0.197339 0.188526
vt 0.216795 0.425514
vt 0.215563 0.409651
vt 0.214331 0.393788
vt 0.213099 0.377925
vt 0.211866 0.362062
vt 0.210634 0.346199
vt 0.209402 0.330336
vt 0.208170 0.314473
vt 0.206937 0.298611
vt 0.205705 0.282748
vt 0.204473 0.266885
vt 0.203241 0.251022
vt 0.202009 0.235159
vt 0.200776 0.219296
vt 0.199544 0.203433
vt 0.198312 0.187570
vt 0.219001 0.440421
vt 0.217769 0.424558
vt 0.216536 0.408695
vt 0.215304 0.392832
vt 0.214072 0.376969
vt 0.212840 0.361106
vt 0.211607 0.345243
vt 0.210375 0.329380
vt 0.209143 0.313518
vt 0.207911 0.297655
vt 0.206678 0.281792
vt 0.205446 0.265929
vt 0.204214 0.250066
vt 0.202982 0.234203
vt 0.201749 0.218340
vt 0.200517 0.202477
vt 0.199285 0.186614
vt 0.221206 0.455328
vt 0.219974 0.439465
vt 0.218742 0.423602
vt 0.217509 0.407739
vt 0.216277 0.391876
vt 0.215045 0.376013
vt 0.213813 0.360150
vt 0.212581 0.344287
vt 0.211348 0.328425
vt 0.210116 0.312562
vt 0.208884 0.296699
vt 0.207652 0.280836
vt 0.206419 0.264973
vt 0.205187 0.249110
vt 0.203955 0.233247
vt 0.202723 0.217384
vt 0.201490 0.201521
vt 0.200258 0.185658
vt 0.223412 0.470235
vt 0.222179 0.454372
vt 0.220947 0.438509
vt 0.219715 0.422646
vt 0.218483 0.406783
vt 0.217250 0.390920
vt 0.216018 0.375057
vt 0.214786 0.359194
vt 0.213554 0.343332
vt 0.212321 0.327469
vt 0.211089 0.311606
vt 0.209857 0.295743
vt 0.208625 0.279880
vt 0.207392 0.264017
vt 0.206160 0.248154
vt 0.204928 0.232291
vt 0.203696 0.216428
vt 0.202464 0.200565
vt 0.225617 0.485142
vt 0.224385 0.469279
vt 0.223152 0.453416
vt 0.221920 0.437553
vt 0.220688 0.421690
vt 0.219456 0.405827
vt 0.218224 0.389964
vt 0.216991 0.374101
vt 0.215759 0.358239
vt 0.214527 0.342376
vt 0.213295 0.326513
vt 0.212062 0.310650
vt 0.210830 0.294787
vt 0.209598 0.278924
vt 0.208366 0.263061
vt 0.207133 0.247198
vt 0.205901 0.231335
vt 0.204669 0.215472
vt 0.203437 0.199610
vt 0.222451 0.510781
vt 0.216820 0.504694
vt 0.216260 0.510218
vt 0.211190 0.498607
vt 0.210629 0.504131
vt 0.205559 0.492520
vt 0.204999 0.498044
vt 0.199929 0.486433
vt 0.199368 0.491957
vt 0.194298 0.480346
vt 0.193738 0.485870
vt 0.188668 0.474259
vt 0.188107 0.479783
vt 0.183037 0.468173
vt 0.182477 0.473696
vt 0.177407 0.462086
vt 0.176846 0.467610
vt 0.171776 0.455999
vt 0.171216 0.461523
vt 0.166146 0.449912
vt 0.165585 0.455436
vt 0.160515 0.443825
vt 0.159955 0.449349
vt 0.154885 0.437738
vt 0.154324 0.443262
vt 0.149254 0.431651
vt 0.148694 0.437175
vt 0.143624 0.425565
vt 0.143063 0.431088
vt 0.137993 0.419478
vt 0.137433 0.425002
vt 0.132363 0.413391
vt 0.131802 0.418915
vt 0.126732 0.407304
vt 0.126172 0.412828
vt 0.121102 0.401217
vt 0.120541 0.406741
vt 0.114911 0.400654
vt 0.210068 0.509655
vt 0.204438 0.503568
vt 0.203877 0.509092
vt 0.198807 0.497481
vt 0.198247 0.503005
vt 0.197686 0.508528
vt 0.193177 0.491394
vt 0.192616 0.496918
vt 0.192055 0.502442
vt 0.191495 0.507965
vt 0.187546 0.485307
vt 0.186986 0.490831
vt 0.186425 0.496355
vt 0.185864 0.501879
vt 0.185303 0.507402
vt 0.181916 0.479220
vt 0.181355 0.484744
vt 0.180794 0.490268
vt 0.180234 0.495792
vt 0.179673 0.501316
vt 0.179112 0.506839
vt 0.176285 0.473133
vt 0.175725 0.478657
vt 0.175164 0.484181
vt 0.174603 0.489705
vt 0.174042 0.495229
vt 0.173482 0.500753
vt 0.172921 0.506276
vt 0.170655 0.467046
vt 0.170094 0.472570
vt 0.169533 0.478094
vt 0.168973 0.483618
vt 0.168412 0.489142
vt 0.167851 0.494666
vt 0.167290 0.500189
vt 0.166729 0.505713
vt 0.165024 0.460960
vt 0.164464 0.466484
vt 0.163903 0.472007
vt 0.163342 0.477531
vt 0.162781 0.483055
vt 0.162221 0.488579
vt 0.161660 0.494103
vt 0.161099 0.499626
vt 0.160538 0.505150
vt 0.159394 0.454873
vt 0.158833 0.460397
vt 0.158272 0.465920
vt 0.157712 0.471444
vt 0.157151 0.476968
vt 0.156590 0.482492
vt 0.156029 0.488016
vt 0.155468 0.493540
vt 0.154908 0.499063
vt 0.154347 0.504587
vt 0.153763 0.448786
vt 0.153203 0.454310
vt 0.152642 0.459834
vt 0.152081 0.465357
vt 0.151520 0.470881
vt 0.150960 0.476405
vt 0.150399 0.481929
vt 0.149838 0.487453
vt 0.149277 0.492977
vt 0.148716 0.498500
vt 0.148156 0.504024
vt 0.148133 0.442699
vt 0.147572 0.448223
vt 0.147011 0.453747
vt 0.146451 0.459270
vt 0.145890 0.464794
vt 0.145329 0.470318
vt 0.144768 0.475842
vt 0.144207 0.481366
vt 0.143647 0.486890
vt 0.143086 0.492414
vt 0.142525 0.497937
vt 0.141964 0.503461
vt 0.142502 0.436612
vt 0.141942 0.442136
vt 0.141381 0.447660
vt 0.140820 0.453184
vt 0.140259 0.458708
vt 0.139699 0.464231
vt 0.139138 0.469755
vt 0.138577 0.475279
vt 0.138016 0.480803
vt 0.137455 0.486327
vt 0.136895 0.491850
vt 0.136334 0.497374
vt 0.135773 0.502898
vt 0.136872 0.430525
vt 0.136311 0.436049
vt 0.135750 0.441573
vt 0.135190 0.447097
vt 0.134629 0.452621
vt 0.134068 0.458144
vt 0.133507 0.463668
vt 0.132946 0.469192
vt 0.132386 0.474716
vt 0.131825 0.480240
vt 0.131264 0.485764
vt 0.130703 0.491287
vt 0.130143 0.496811
vt 0.129582 0.502335
vt 0.131241 0.424438
vt 0.130681 0.429962
vt 0.130120 0.435486
vt 0.129559 0.441010
vt 0.128998 0.446534
vt 0.128438 0.452058
vt 0.127877 0.457581
vt 0.127316 0.463105
vt 0.126755 0.468629
vt 0.126194 0.474153
vt 0.125634 0.479677
vt 0.125073 0.485201
vt 0.124512 0.490724
vt 0.123951 0.496248
vt 0.123391 0.501772
vt 0.125611 0.418352
vt 0.125050 0.423875
vt 0.124489 0.429399
vt 0.123929 0.434923
vt 0.123368 0.440447
vt 0.122807 0.445971
vt 0.122246 0.451495
vt 0.121685 0.457018
vt 0.121125 0.462542
vt 0.120564 0.468066
vt 0.120003 0.473590
vt 0.119442 0.479114
vt 0.118882 0.484637
vt 0.118321 0.490161
vt 0.117760 0.495685
vt 0.117199 0.501209
vt 0.119980 0.412265
vt 0.119420 0.417789
vt 0.118859 0.423312
vt 0.118298 0.428836
vt 0.117737 0.434360
vt 0.117177 0.439884
vt 0.116616 0.445408
vt 0.116055 0.450932
vt 0.115494 0.456455
vt 0.114933 0.461979
vt 0.114373 0.467503
vt 0.113812 0.473027
vt 0.113251 0.478551
vt 0.112690 0.484075
vt 0.112130 0.489598
vt 0.111569 0.495122
vt 0.111008 0.500646
vt 0.114350 0.406178
vt 0.113789 0.411702
vt 0.113228 0.417225
vt 0.112668 0.422749
vt 0.112107 0.428273
vt 0.111546 0.433797
vt 0.110985 0.439321
vt 0.110424 0.444845
vt 0.109864 0.450368
vt 0.109303 0.455892
vt 0.108742 0.461416
vt 0.108181 0.466940
vt 0.107621 0.472464
vt 0.107060 0.477988
vt 0.106499 0.483511
vt 0.105938 0.489035
vt 0.105378 0.494559
vt 0.104817 0.500083
vt 0.108719 0.400091
vt 0.108159 0.405615
vt 0.107598 0.411139
vt 0.107037 0.416662
vt 0.106476 0.422186
vt 0.105916 0.427710
vt 0.105355 0.433234
vt 0.104794 0.438758
vt 0.104233 0.444282
vt 0.103672 0.449805
vt 0.103112 0.455329
vt 0.102551 0.460853
vt 0.101990 0.466377
vt 0.101429 0.471901
vt 0.100869 0.477425
vt 0.100308 0.482948
vt 0.099747 0.488472
vt 0.099186 0.493996
vt 0.098625 0.499520
vt 0.223218 0.507422
vt 0.218354 0.497977
vt 0.217587 0.501336
vt 0.213490 0.488532
vt 0.212723 0.491890
vt 0.208626 0.479087
vt 0.207860 0.482445
vt 0.203762 0.469642
vt 0.202996 0.473000
vt 0.198899 0.460197
vt 0.198132 0.463555
vt 0.194035 0.450752
vt 0.193268 0.454110
vt 0.189171 0.441307
vt 0.188404 0.444665
vt 0.184307 0.431862
vt 0.183540 0.435220
vt 0.179443 0.422416
vt 0.178677 0.425775
vt 0.174579 0.412971
vt 0.173813 0.416330
vt 0.169716 0.403526
vt 0.168949 0.406884
vt 0.164852 0.394081
vt 0.164085 0.397439
vt 0.159988 0.384636
vt 0.159221 0.387994
vt 0.155124 0.375191
vt 0.154357 0.378549
vt 0.150260 0.365746
vt 0.149494 0.369104
vt 0.145397 0.356301
vt 0.144630 0.359659
vt 0.140533 0.346856
vt 0.139766 0.350214
vt 0.135669 0.337410
vt 0.134902 0.340769
vt 0.130038 0.331324
vt 0.211957 0.495249
vt 0.207093 0.485804
vt 0.206326 0.489162
vt 0.202229 0.476359
vt 0.201462 0.479717
vt 0.200696 0.483075
vt 0.197365 0.466913
vt 0.196599 0.470272
vt 0.195832 0.473630
vt 0.195065 0.476988
vt 0.192501 0.457468
vt 0.191735 0.460827
vt 0.190968 0.464185
vt 0.190201 0.467543
vt 0.189435 0.470901
vt 0.187638 0.448023
vt 0.186871 0.451381
vt 0.186104 0.454740
vt 0.185337 0.458098
vt 0.184571 0.461456
vt 0.183804 0.464814
vt 0.182774 0.438578
vt 0.182007 0.441936
vt 0.181240 0.445294
vt 0.180474 0.448653
vt 0.179707 0.452011
vt 0.178940 0.455369
vt 0.178174 0.458727
vt 0.177910 0.429133
vt 0.177143 0.432491
vt 0.176377 0.435849
vt 0.175610 0.439208
vt 0.174843 0.442566
vt 0.174076 0.445924
vt 0.173310 0.449282
vt 0.172543 0.452641
vt 0.173046 0.419688
vt 0.172279 0.423046
vt 0.171513 0.426404
vt 0.170746 0.429763
vt 0.169979 0.433121
vt 0.169213 0.436479
vt 0.168446 0.439837
vt 0.167679 0.443196
vt 0.166913 0.446554
vt 0.168182 0.410243
vt 0.167416 0.413601
vt 0.166649 0.416959
vt 0.165882 0.420317
vt 0.165116 0.423676
vt 0.164349 0.427034
vt 0.163582 0.430392
vt 0.162815 0.433750
vt 0.162049 0.437109
vt 0.161282 0.440467
vt 0.163318 0.400798
vt 0.162552 0.404156
vt 0.161785 0.407514
vt 0.161018 0.410872
vt 0.160252 0.414231
vt 0.159485 0.417589
vt 0.158718 0.420947
vt 0.157952 0.424305
vt 0.157185 0.427664
vt 0.156418 0.431022
vt 0.155652 0.434380
vt 0.158455 0.391352
vt 0.157688 0.394711
vt 0.156921 0.398069
vt 0.156155 0.401427
vt 0.155388 0.404785
vt 0.154621 0.408144
vt 0.153855 0.411502
vt 0.153088 0.414860
vt 0.152321 0.418218
vt 0.151554 0.421577
vt 0.150788 0.424935
vt 0.150021 0.428293
vt 0.153591 0.381907
vt 0.152824 0.385266
vt 0.152057 0.388624
vt 0.151291 0.391982
vt 0.150524 0.395340
vt 0.149757 0.398699
vt 0.148991 0.402057
vt 0.148224 0.405415
vt 0.147457 0.408773
vt 0.146691 0.412132
vt 0.145924 0.415490
vt 0.145157 0.418848
vt 0.144391 0.422206
vt 0.148727 0.372462
vt 0.147960 0.375820
vt 0.147194 0.379179
vt 0.146427 0.382537
vt 0.145660 0.385895
vt 0.144894 0.389253
vt 0.144127 0.392612
vt 0.143360 0.395970
vt 0.142594 0.399328
vt 0.141827 0.402686
vt 0.141060 0.406045
vt 0.140293 0.409403
vt 0.139527 0.412761
vt 0.138760 0.416119
vt 0.143863 0.363017
vt 0.143096 0.366375
vt 0.142330 0.369734
vt 0.141563 0.373092
vt 0.140796 0.376450
vt 0.140030 0.379808
vt 0.139263 0.383167
vt 0.138496 0.386525
vt 0.137730 0.389883
vt 0.136963 0.393241
vt 0.136196 0.396600
vt 0.135430 0.399958
vt 0.134663 0.403316
vt 0.133896 0.406674
vt 0.133130 0.410033
vt 0.138999 0.353572
vt 0.138233 0.356930
vt 0.137466 0.360289
vt 0.136699 0.363647
vt 0.135933 0.367005
vt 0.135166 0.370363
vt 0.134399 0.373722
vt 0.133633 0.377080
vt 0.132866 0.380438
vt 0.132099 0.383796
vt 0.131333 0.387155
vt 0.130566 0.390513
vt 0.129799 0.393871
vt 0.129032 0.397229
vt 0.128266 0.400587
vt 0.127499 0.403946
vt 0.134136 0.344127
vt 0.133369 0.347485
vt 0.132602 0.350843
vt 0.131835 0.354202
vt 0.131069 0.357560
vt 0.130302 0.360918
vt 0.129535 0.364276
vt 0.128769 0.367635
vt 0.128002 0.370993
vt 0.127235 0.374351
vt 0.126469 0.377709
vt 0.125702 0.381068
vt 0.124935 0.384426
vt 0.124169 0.387784
vt 0.123402 0.391142
vt 0.122635 0.394501
vt 0.121869 0.397859
vt 0.129272 0.334682
vt 0.128505 0.338040
vt 0.127738 0.341398
vt 0.126972 0.344757
vt 0.126205 0.348115
vt 0.125438 0.351473
vt 0.124672 0.354831
vt 0.123905 0.358190
vt 0.123138 0.361548
vt 0.122372 0.364906
vt 0.121605 0.368264
vt 0.120838 0.371622
vt 0.120072 0.374981
vt 0.119305 0.378339
vt 0.118538 0.381697
vt 0.117771 0.385055
vt 0.117005 0.388414
vt 0.116238 0.391772
vt 0.124408 0.325237
vt 0.123641 0.328595
vt 0.122875 0.331953
vt 0.122108 0.335311
vt 0.121341 0.338670
vt 0.120574 0.342028
vt 0.119808 0.345386
vt 0.119041 0.348744
vt 0.118274 0.352103
vt 0.117508 0.355461
vt 0.116741 0.358819
vt 0.115974 0.362177
vt 0.115208 0.365536
vt 0.114441 0.368894
vt 0.113674 0.372252
vt 0.112908 0.375610
vt 0.112141 0.378969
vt 0.111374 0.382327
vt 0.110608 0.385685
vt 0.224135 0.504891
vt 0.220189 0.492914
vt 0.219271 0.495446
vt 0.216243 0.480938
vt 0.215325 0.483469
vt 0.212296 0.468961
vt 0.211379 0.471493
vt 0.208350 0.456985
vt 0.207433 0.459516
vt 0.204404 0.445008
vt 0.203486 0.447540
vt 0.200458 0.433032
vt 0.199540 0.435563
vt 0.196511 0.421055
vt 0.195594 0.423587
vt 0.192565 0.409079
vt 0.191647 0.411610
vt 0.188619 0.397102
vt 0.187701 0.399634
vt 0.184673 0.385126
vt 0.183755 0.387657
vt 0.180726 0.373149
vt 0.179809 0.375681
vt 0.176780 0.361173
vt 0.175862 0.363704
vt 0.172834 0.349196
vt 0.171916 0.351727
vt 0.168887 0.337219
vt 0.167970 0.339751
vt 0.164941 0.325243
vt 0.164024 0.327774
vt 0.160995 0.313266
vt 0.160077 0.315798
vt 0.157049 0.301290
vt 0.156131 0.303821
vt 0.153102 0.289313
vt 0.152185 0.291845
vt 0.148239 0.279868
vt 0.214408 0.486001
vt 0.210461 0.474024
vt 0.209544 0.476556
vt 0.206515 0.462048
vt 0.205597 0.464579
vt 0.204680 0.467111
vt 0.202569 0.450071
vt 0.201651 0.452603
vt 0.200734 0.455134
vt 0.199816 0.457665
vt 0.198622 0.438095
vt 0.197705 0.440626
vt 0.196787 0.443157
vt 0.195870 0.445689
vt 0.194952 0.448220
vt 0.194676 0.426118
vt 0.193759 0.428650
vt 0.192841 0.431181
vt 0.191924 0.433712
vt 0.191006 0.436244
vt 0.190088 0.438775
vt 0.190730 0.414142
vt 0.189812 0.416673
vt 0.188895 0.419204
vt 0.187977 0.421736
vt 0.187060 0.424267
vt 0.186142 0.426799
vt 0.185225 0.429330
vt 0.186784 0.402165
vt 0.185866 0.404696
vt 0.184949 0.407228
vt 0.184031 0.409759
vt 0.183113 0.412291
vt 0.182196 0.414822
vt 0.181278 0.417354
vt 0.180361 0.419885
vt 0.182837 0.390188
vt 0.181920 0.392720
vt 0.181002 0.395251
vt 0.180085 0.397783
vt 0.179167 0.400314
vt 0.178250 0.402846
vt 0.177332 0.405377
vt 0.176415 0.407908
vt 0.175497 0.410440
vt 0.178891 0.378212
vt 0.177974 0.380743
vt 0.177056 0.383275
vt 0.176138 0.385806
vt 0.175221 0.388338
vt 0.174303 0.390869
vt 0.173386 0.393401
vt 0.172468 0.395932
vt 0.171551 0.398463
vt 0.170633 0.400995
vt 0.174945 0.366235
vt 0.174027 0.368767
vt 0.173110 0.371298
vt 0.172192 0.373830
vt 0.171275 0.376361
vt 0.170357 0.378893
vt 0.169440 0.381424
vt 0.168522 0.383955
vt 0.167604 0.386487
vt 0.166687 0.389018
vt 0.165769 0.391550
vt 0.170999 0.354259
vt 0.170081 0.356790
vt 0.169163 0.359322
vt 0.168246 0.361853
vt 0.167328 0.364385
vt 0.166411 0.366916
vt 0.165493 0.369447
vt 0.164576 0.371979
vt 0.163658 0.374510
vt 0.162741 0.377042
vt 0.161823 0.379573
vt 0.160906 0.382105
vt 0.167052 0.342282
vt 0.166135 0.344814
vt 0.165217 0.347345
vt 0.164300 0.349877
vt 0.163382 0.352408
vt 0.162465 0.354939
vt 0.161547 0.357471
vt 0.160629 0.360002
vt 0.159712 0.362534
vt 0.158794 0.365065
vt 0.157877 0.367597
vt 0.156959 0.370128
vt 0.156042 0.372659
vt 0.163106 0.330306
vt 0.162189 0.332837
vt 0.161271 0.335369
vt 0.160353 0.337900
vt 0.159436 0.340431
vt 0.158518 0.342963
vt 0.157601 0.345494
vt 0.156683 0.348026
vt 0.155766 0.350557
vt 0.154848 0.353089
vt 0.153931 0.355620
vt 0.153013 0.358151
vt 0.152095 0.360683
vt 0.151178 0.363214
vt 0.159160 0.318329
vt 0.158242 0.320861
vt 0.157325 0.323392
vt 0.156407 0.325924
vt 0.155490 0.328455
vt 0.154572 0.330986
vt 0.153654 0.333518
vt 0.152737 0.336049
vt 0.151819 0.338581
vt 0.150902 0.341112
vt 0.149984 0.343644
vt 0.149067 0.346175
vt 0.148149 0.348706
vt 0.147232 0.351238
vt 0.146314 0.353769
vt 0.155214 0.306353
vt 0.154296 0.308884
vt 0.153378 0.311416
vt 0.152461 0.313947
vt 0.151543 0.316478
vt 0.150626 0.319010
vt 0.149708 0.321541
vt 0.148791 0.324073
vt 0.147873 0.326604
vt 0.146956 0.329136
vt 0.146038 0.331667
vt 0.145120 0.334198
vt 0.144203 0.336730
vt 0.143285 0.339261
vt 0.142368 0.341793
vt 0.141450 0.344324
vt 0.151267 0.294376
vt 0.150350 0.296908
vt 0.149432 0.299439
vt 0.148515 0.301970
vt 0.147597 0.304502
vt 0.146680 0.307033
vt 0.145762 0.309565
vt 0.144844 0.312096
vt 0.143927 0.314628
vt 0.143009 0.317159
vt 0.142092 0.319690
vt 0.141174 0.322222
vt 0.140257 0.324753
vt 0.139339 0.327285
vt 0.138422 0.329816
vt 0.137504 0.332348
vt 0.136586 0.334879
vt 0.147321 0.282400
vt 0.146403 0.284931
vt 0.145486 0.287463
vt 0.144568 0.289994
vt 0.143651 0.292525
vt 0.142733 0.295057
vt 0.141816 0.297588
vt 0.140898 0.300120
vt 0.139981 0.302651
vt 0.139063 0.305182
vt 0.138145 0.307714
vt 0.137228 0.310245
vt 0.136310 0.312777
vt 0.135393 0.315308
vt 0.134475 0.317840
vt 0.133558 0.320371
vt 0.132640 0.322902
vt 0.131723 0.325434
vt 0.143375 0.270423
vt 0.142457 0.272955
vt 0.141540 0.275486
vt 0.140622 0.278017
vt 0.139705 0.280549
vt 0.138787 0.283080
vt 0.137869 0.285612
vt 0.136952 0.288143
vt 0.136034 0.290675
vt 0.135117 0.293206
vt 0.134199 0.295737
vt 0.133282 0.298269
vt 0.132364 0.300800
vt 0.131447 0.303332
vt 0.130529 0.305863
vt 0.129611 0.308394
vt 0.128694 0.310926
vt 0.127776 0.313457
vt 0.126859 0.315989
vt 0.221930 0.489984
vt 0.219724 0.475077
vt 0.217519 0.460170
vt 0.215314 0.445263
vt 0.213108 0.430356
vt 0.210903 0.415449
vt 0.208697 0.400542
vt 0.206492 0.385635
vt 0.204287 0.370728
vt 0.202081 0.355821
vt 0.199876 0.340914
vt 0.197670 0.326007
vt 0.195465 0.311100
vt 0.193260 0.296193
vt 0.191054 0.281286
vt 0.188849 0.266379
vt 0.186643 0.251472
vt 0.184438 0.236565
vt 0.182233 0.221658
vt 0.217983 0.478007
vt 0.215778 0.463100
vt 0.214037 0.466031
vt 0.213573 0.448194
vt 0.211832 0.451124
vt 0.210091 0.454054
vt 0.211367 0.433286
vt 0.209626 0.436217
vt 0.207886 0.439147
vt 0.206145 0.442078
vt 0.209162 0.418379
vt 0.207421 0.421310
vt 0.205680 0.424240
vt 0.203939 0.427171
vt 0.202198 0.430101
vt 0.206956 0.403472
vt 0.205216 0.406403
vt 0.203475 0.409333
vt 0.201734 0.412264
vt 0.199993 0.415194
vt 0.198252 0.418125
vt 0.204751 0.388565
vt 0.203010 0.391496
vt 0.201269 0.394426
vt 0.199529 0.397357
vt 0.197788 0.400287
vt 0.196047 0.403218
vt 0.194306 0.406148
vt 0.202546 0.373658
vt 0.200805 0.376589
vt 0.199064 0.379519
vt 0.197323 0.382450
vt 0.195582 0.385380
vt 0.193841 0.388311
vt 0.192100 0.391241
vt 0.190360 0.394172
vt 0.200340 0.358751
vt 0.198599 0.361682
vt 0.196859 0.364612
vt 0.195118 0.367543
vt 0.193377 0.370473
vt 0.191636 0.373404
vt 0.189895 0.376334
vt 0.188154 0.379265
vt 0.186413 0.382195
vt 0.198135 0.343844
vt 0.196394 0.346775
vt 0.194653 0.349705
vt 0.192912 0.352636
vt 0.191171 0.355566
vt 0.189431 0.358497
vt 0.187690 0.361427
vt 0.185949 0.364358
vt 0.184208 0.367288
vt 0.182467 0.370219
vt 0.195929 0.328937
vt 0.194189 0.331868
vt 0.192448 0.334798
vt 0.190707 0.337729
vt 0.188966 0.340659
vt 0.187225 0.343590
vt 0.185484 0.346520
vt 0.183743 0.349451
vt 0.182003 0.352381
vt 0.180262 0.355312
vt 0.178521 0.358242
vt 0.193724 0.314030
vt 0.191983 0.316961
vt 0.190242 0.319891
vt 0.188501 0.322822
vt 0.186761 0.325752
vt 0.185020 0.328683
vt 0.183279 0.331613
vt 0.181538 0.334544
vt 0.179797 0.337474
vt 0.178056 0.340405
vt 0.176315 0.343335
vt 0.174575 0.346266
vt 0.191519 0.299123
vt 0.189778 0.302054
vt 0.188037 0.304984
vt 0.186296 0.307915
vt 0.184555 0.310845
vt 0.182814 0.313776
vt 0.181073 0.316706
vt 0.179333 0.319637
vt 0.177592 0.322567
vt 0.175851 0.325498
vt 0.174110 0.328428
vt 0.172369 0.331358
vt 0.170628 0.334289
vt 0.189313 0.284216
vt 0.187572 0.287147
vt 0.185832 0.290077
vt 0.184091 0.293008
vt 0.182350 0.295938
vt 0.180609 0.298869
vt 0.178868 0.301799
vt 0.177127 0.304730
vt 0.175386 0.307660
vt 0.173645 0.310591
vt 0.171905 0.313521
vt 0.170164 0.316452
vt 0.168423 0.319382
vt 0.166682 0.322312
vt 0.187108 0.269309
vt 0.185367 0.272240
vt 0.183626 0.275170
vt 0.181885 0.278101
vt 0.180144 0.281031
vt 0.178404 0.283962
vt 0.176663 0.286892
vt 0.174922 0.289823
vt 0.173181 0.292753
vt 0.171440 0.295684
vt 0.169699 0.298614
vt 0.167958 0.301545
vt 0.166217 0.304475
vt 0.164477 0.307405
vt 0.162736 0.310336
vt 0.184902 0.254402
vt 0.183162 0.257333
vt 0.181421 0.260263
vt 0.179680 0.263194
vt 0.177939 0.266124
vt 0.176198 0.269055
vt 0.174457 0.271985
vt 0.172716 0.274916
vt 0.170976 0.277846
vt 0.169235 0.280777
vt 0.167494 0.283707
vt 0.165753 0.286638
vt 0.164012 0.289568
vt 0.162271 0.292498
vt 0.160530 0.295429
vt 0.158789 0.298359
vt 0.182697 0.239495
vt 0.180956 0.242426
vt 0.179215 0.245356
vt 0.177474 0.248287
vt 0.175734 0.251217
vt 0.173993 0.254148
vt 0.172252 0.257078
vt 0.170511 0.260009
vt 0.168770 0.262939
vt 0.167029 0.265870
vt 0.165288 0.268800
vt 0.163548 0.271731
vt 0.161807 0.274661
vt 0.160066 0.277591
vt 0.158325 0.280522
vt 0.156584 0.283452
vt 0.154843 0.286383
vt 0.180492 0.224588
vt 0.178751 0.227519
vt 0.177010 0.230449
vt 0.175269 0.233380
vt 0.173528 0.236310
vt 0.171787 0.239241
vt 0.170046 0.242171
vt 0.168306 0.245102
vt 0.166565 0.248032
vt 0.164824 0.250963
vt 0.163083 0.253893
vt 0.161342 0.256823
vt 0.159601 0.259754
vt 0.157860 0.262684
vt 0.156120 0.265615
vt 0.154379 0.268545
vt 0.152638 0.271476
vt 0.150897 0.274406
vt 0.178286 0.209681
vt 0.176545 0.212612
vt 0.174805 0.215542
vt 0.173064 0.218473
vt 0.171323 0.221403
vt 0.169582 0.224334
vt 0.167841 0.227264
vt 0.166100 0.230195
vt 0.164359 0.233125
vt 0.162618 0.236056
vt 0.160878 0.238986
vt 0.159137 0.241916
vt 0.157396 0.244847
vt 0.155655 0.247777
vt 0.153914 0.250708
vt 0.152173 0.253638
vt 0.150432 0.256569
vt 0.148692 0.259499
vt 0.146951 0.262430
vt 0.228081 0.787605
vt 0.228081 0.774068
vt 0.221849 0.787476
vt 0.228081 0.760531
vt 0.221849 0.773939
vt 0.228081 0.746994
vt 0.221849 0.760402
vt 0.228081 0.733458
vt 0.221849 0.746865
vt 0.228081 0.719921
vt 0.221849 0.733328
vt 0.228081 0.706384
vt 0.221849 0.719792
vt 0.228081 0.692847
vt 0.221849 0.706255
vt 0.228081 0.679310
vt 0.221849 0.692718
vt 0.228081 0.665773
vt 0.221849 0.679181
vt 0.228081 0.652236
vt 0.221849 0.665644
vt 0.228081 0.638699
vt 0.221849 0.652107
vt 0.228081 0.625162
vt 0.221849 0.638570
vt 0.228081 0.611626
vt 0.221849 0.625033
vt 0.228081 0.598089
vt 0.221849 0.611497
vt 0.228081 0.584552
vt 0.221849 0.597960
vt 0.228081 0.571015
vt 0.221849 0.584423
vt 0.228081 0.557478
vt 0.221849 0.570886
vt 0.228081 0.543941
vt 0.221849 0.557349
vt 0.221849 0.543812
vt 0.215616 0.787347
vt 0.215616 0.773810
vt 0.209383 0.787218
vt 0.215616 0.760273
vt 0.209383 0.773681
vt 0.203150 0.787089
vt 0.215616 0.746736
vt 0.209383 0.760144
vt 0.203150 0.773552
vt 0.196917 0.786959
vt 0.215616 0.733199
vt 0.209383 0.746607
vt 0.203150 0.760015
vt 0.196917 0.773423
vt 0.190684 0.786830
vt 0.215616 0.719662
vt 0.209383 0.733070
vt 0.203150 0.746478
vt 0.196917 0.759886
vt 0.190684 0.773293
vt 0.184451 0.786701
vt 0.215616 0.706126
vt 0.209383 0.719533
vt 0.203150 0.732941
vt 0.196917 0.746349
vt 0.190684 0.759757
vt 0.184451 0.773164
vt 0.178218 0.786572
vt 0.215616 0.692589
vt 0.209383 0.705996
vt 0.203150 0.719404
vt 0.196917 0.732812
vt 0.190684 0.746220
vt 0.184451 0.759627
vt 0.178218 0.773035
vt 0.171985 0.786443
vt 0.215616 0.679052
vt 0.209383 0.692459
vt 0.203150 0.705867
vt 0.196917 0.719275
vt 0.190684 0.732683
vt 0.184451 0.746091
vt 0.178218 0.759498
vt 0.171985 0.772906
vt 0.165753 0.786314
vt 0.215616 0.665515
vt 0.209383 0.678923
vt 0.203150 0.692330
vt 0.196917 0.705738
vt 0.190684 0.719146
vt 0.184451 0.732554
vt 0.178218 0.745961
vt 0.171985 0.759369
vt 0.165753 0.772777
vt 0.159520 0.786185
vt 0.215616 0.651978
vt 0.209383 0.665386
vt 0.203150 0.678793
vt 0.196917 0.692201
vt 0.190684 0.705609
vt 0.184451 0.719017
vt 0.178218 0.732424
vt 0.171985 0.745832
vt 0.165753 0.759240
vt 0.159520 0.772648
vt 0.153287 0.786056
vt 0.215616 0.638441
vt 0.209383 0.651849
vt 0.203150 0.665257
vt 0.196917 0.678664
vt 0.190684 0.692072
vt 0.184451 0.705480
vt 0.178218 0.718888
vt 0.171985 0.732295
vt 0.165753 0.745703
vt 0.159520 0.759111
vt 0.153287 0.772519
vt 0.147054 0.785926
vt 0.215616 0.624904
vt 0.209383 0.638312
vt 0.203150 0.651720
vt 0.196917 0.665128
vt 0.190684 0.678535
vt 0.184451 0.691943
vt 0.178218 0.705351
vt 0.171985 0.718758
vt 0.165753 0.732166
vt 0.159520 0.745574
vt 0.153287 0.758982
vt 0.147054 0.772389
vt 0.140821 0.785797
vt 0.215616 0.611367
vt 0.209383 0.624775
vt 0.203150 0.638183
vt 0.196917 0.651591
vt 0.190684 0.664998
vt 0.184451 0.678406
vt 0.178218 0.691814
vt 0.171985 0.705222
vt 0.165753 0.718629
vt 0.159520 0.732037
vt 0.153287 0.745445
vt 0.147054 0.758853
vt 0.140821 0.772260
vt 0.134588 0.785668
vt 0.215616 0.597830
vt 0.209383 0.611238
vt 0.203150 0.624646
vt 0.196917 0.638054
vt 0.190684 0.651462
vt 0.184451 0.664869
vt 0.178218 0.678277
vt 0.171985 0.691685
vt 0.165753 0.705093
vt 0.159520 0.718500
vt 0.153287 0.731908
vt 0.147054 0.745316
vt 0.140821 0.758724
vt 0.134588 0.772131
vt 0.128355 0.785539
vt 0.215616 0.584294
vt 0.209383 0.597701
vt 0.203150 0.611109
vt 0.196917 0.624517
vt 0.190684 0.637925
vt 0.184451 0.651332
vt 0.178218 0.664740
vt 0.171985 0.678148
vt 0.165753 0.691556
vt 0.159520 0.704963
vt 0.153287 0.718371
vt 0.147054 0.731779
vt 0.140821 0.745187
vt 0.134588 0.758594
vt 0.128355 0.772002
vt 0.122122 0.785410
vt 0.215616 0.570757
vt 0.209383 0.584165
vt 0.203150 0.597572
vt 0.196917 0.610980
vt 0.190684 0.624388
vt 0.184451 0.637796
vt 0.178218 0.651203
vt 0.171985 0.664611
vt 0.165753 0.678019
vt 0.159520 0.691427
vt 0.153287 0.704834
vt 0.147054 0.718242
vt 0.140821 0.731650
vt 0.134588 0.745058
vt 0.128355 0.758465
vt 0.122122 0.771873
vt 0.115889 0.785281
vt 0.215616 0.557220
vt 0.209383 0.570628
vt 0.203150 0.584035
vt 0.196917 0.597443
vt 0.190684 0.610851
vt 0.184451 0.624259
vt 0.178218 0.637666
vt 0.171985 0.651074
vt 0.165753 0.664482
vt 0.159520 0.677890
vt 0.153287 0.691297
vt 0.147054 0.704705
vt 0.140821 0.718113
vt 0.134588 0.731521
vt 0.128355 0.744928
vt 0.122122 0.758336
vt 0.115889 0.771744
vt 0.109657 0.785152
vt 0.182643 0.202832
vt 0.183616 0.201876
vt 0.184589 0.200920
vt 0.185563 0.199964
vt 0.186536 0.199008
vt 0.187509 0.198052
vt 0.188482 0.197096
vt 0.189455 0.196140
vt 0.190428 0.195184
vt 0.191402 0.194229
vt 0.192375 0.193273
vt 0.193348 0.192317
vt 0.194321 0.191361
vt 0.195294 0.190405
vt 0.196267 0.189449
vt 0.197241 0.188493
vt 0.198214 0.187537
vt 0.199187 0.186581
vt 0.200160 0.185626
vt 0.201133 0.184670
vt 0.183518 0.201843
vt 0.184491 0.200887
vt 0.184393 0.200854
vt 0.185465 0.199931
vt 0.185366 0.199898
vt 0.185268 0.199865
vt 0.186438 0.198975
vt 0.186340 0.198942
vt 0.186242 0.198909
vt 0.186144 0.198876
vt 0.187411 0.198019
vt 0.187313 0.197986
vt 0.187215 0.197953
vt 0.187117 0.197920
vt 0.187019 0.197887
vt 0.188384 0.197063
vt 0.188286 0.197030
vt 0.188188 0.196997
vt 0.188090 0.196964
vt 0.187992 0.196931
vt 0.187894 0.196898
vt 0.189357 0.196107
vt 0.189259 0.196074
vt 0.189161 0.196041
vt 0.189063 0.196009
vt 0.188965 0.195976
vt 0.188867 0.195943
vt 0.188769 0.195910
vt 0.190330 0.195151
vt 0.190232 0.195119
vt 0.190134 0.195086
vt 0.190036 0.195053
vt 0.189938 0.195020
vt 0.189840 0.194987
vt 0.189742 0.194954
vt 0.189644 0.194921
vt 0.191304 0.194196
vt 0.191205 0.194163
vt 0.191107 0.194130
vt 0.191009 0.194097
vt 0.190911 0.194064
vt 0.190813 0.194031
vt 0.190715 0.193998
vt 0.190617 0.193965
vt 0.190519 0.193932
vt 0.192277 0.193240
vt 0.192179 0.193207
vt 0.192081 0.193174
vt 0.191983 0.193141
vt 0.191884 0.193108
vt 0.191786 0.193075
vt 0.191688 0.193042
vt 0.191590 0.193009
vt 0.191492 0.192976
vt 0.191394 0.192943
vt 0.193250 0.192284
vt 0.193152 0.192251
vt 0.193054 0.192218
vt 0.192956 0.192185
vt 0.192858 0.192152
vt 0.192760 0.192119
vt 0.192662 0.192086
vt 0.192563 0.192053
vt 0.192465 0.192020
vt 0.192367 0.191987
vt 0.192269 0.191954
vt 0.194223 0.191328
vt 0.194125 0.191295
vt 0.194027 0.191262
vt 0.193929 0.191229
vt 0.193831 0.191196
vt 0.193733 0.191163
vt 0.193635 0.191130
vt 0.193537 0.191097
vt 0.193439 0.191064
vt 0.193341 0.191031
vt 0.193242 0.190998
vt 0.193144 0.190965
vt 0.195196 0.190372
vt 0.195098 0.190339
vt 0.195000 0.190306
vt 0.194902 0.190273
vt 0.194804 0.190240
vt 0.194706 0.190207
vt 0.194608 0.190174
vt 0.194510 0.190141
vt 0.194412 0.190108
vt 0.194314 0.190075
vt 0.194216 0.190042
vt 0.194118 0.190010
vt 0.194020 0.189977
vt 0.196169 0.189416
vt 0.196071 0.189383
vt 0.195973 0.189350
vt 0.195875 0.189317
vt 0.195777 0.189284
vt 0.195679 0.189251
vt 0.195581 0.189218
vt 0.195483 0.189185
vt 0.195385 0.189152
vt 0.195287 0.189120
vt 0.195189 0.189087
vt 0.195091 0.189054
vt 0.194993 0.189021
vt 0.194895 0.188988
vt 0.197143 0.188460
vt 0.197044 0.188427
vt 0.196946 0.188394
vt 0.196848 0.188361
vt 0.196750 0.188328
vt 0.196652 0.188295
vt 0.196554 0.188262
vt 0.196456 0.188230
vt 0.196358 0.188197
vt 0.196260 0.188164
vt 0.196162 0.188131
vt 0.196064 0.188098
vt 0.195966 0.188065
vt 0.195868 0.188032
vt 0.195770 0.187999
vt 0.198116 0.187504
vt 0.198018 0.187471
vt 0.197920 0.187438
vt 0.197821 0.187405
vt 0.197723 0.187373
vt 0.197625 0.187340
vt 0.197527 0.187307
vt 0.197429 0.187274
vt 0.197331 0.187241
vt 0.197233 0.187208
vt 0.197135 0.187175
vt 0.197037 0.187142
vt 0.196939 0.187109
vt 0.196841 0.187076
vt 0.196743 0.187043
vt 0.196645 0.187010
vt 0.199089 0.186548
vt 0.198991 0.186515
vt 0.198893 0.186483
vt 0.198795 0.186450
vt 0.198697 0.186417
vt 0.198599 0.186384
vt 0.198501 0.186351
vt 0.198402 0.186318
vt 0.198304 0.186285
vt 0.198206 0.186252
vt 0.198108 0.186219
vt 0.198010 0.186186
vt 0.197912 0.186153
vt 0.197814 0.186120
vt 0.197716 0.186087
vt 0.197618 0.186054
vt 0.197520 0.186021
vt 0.200062 0.185593
vt 0.199964 0.185560
vt 0.199866 0.185527
vt 0.199768 0.185494
vt 0.199670 0.185461
vt 0.199572 0.185428
vt 0.199474 0.185395
vt 0.199376 0.185362
vt 0.199278 0.185329
vt 0.199180 0.185296
vt 0.199081 0.185263
vt 0.198983 0.185230
vt 0.198885 0.185197
vt 0.198787 0.185164
vt 0.198689 0.185131
vt 0.198591 0.185098
vt 0.198493 0.185065
vt 0.198395 0.185032
vt 0.201035 0.184637
vt 0.200937 0.184604
vt 0.200839 0.184571
vt 0.200741 0.184538
vt 0.200643 0.184505
vt 0.200545 0.184472
vt 0.200447 0.184439
vt 0.200349 0.184406
vt 0.200251 0.184373
vt 0.200153 0.184340
vt 0.200055 0.184307
vt 0.199957 0.184274
vt 0.199859 0.184241
vt 0.199760 0.184208
vt 0.199662 0.184175
vt 0.199564 0.184142
vt 0.199466 0.184109
vt 0.199368 0.184076
vt 0.199270 0.184044
vt 0.202008 0.183681
vt 0.201910 0.183648
vt 0.201812 0.183615
vt 0.201714 0.183582
vt 0.201616 0.183549
vt 0.201518 0.183516
vt 0.201420 0.183483
vt 0.201322 0.183450
vt 0.201224 0.183417
vt 0.201126 0.183384
vt 0.201028 0.183351
vt 0.200930 0.183318
vt 0.200832 0.183285
vt 0.200734 0.183252
vt 0.200636 0.183219
vt 0.200538 0.183187
vt 0.200439 0.183154
vt 0.200341 0.183121
vt 0.200243 0.183088
vt 0.200145 0.183055
vn -0.0210 -0.9118 0.4100
vn -0.9994 0.0123 0.0314
vn -0.0210 0.9474 -0.3192
vn -0.0293 0.3650 0.9306
vn -0.0300 -0.9607 0.2758
vn -0.0517 -0.9933 -0.1038
vn -0.0666 -0.7455 -0.6632
vn -0.0300 0.8921 -0.4509
vn -0.0517 0.6578 -0.7514
vn -0.0666 0.0958 -0.9932
vn -0.0200 0.9804 -0.1962
vn -0.0292 0.9906 0.1339
vn -0.0494 0.7419 0.6687
vn -0.0200 -0.8524 0.5226
vn -0.0292 -0.6354 0.7716
vn -0.0494 -0.0894 0.9948
vn -0.0150 -0.3651 -0.9308
vn -0.9998 0.0070 0.0177
vn 0.0001 -0.8985 0.4389
vn -0.0240 0.9432 -0.3314
vn -0.0030 -0.3651 -0.9310
vn -0.0279 0.3650 0.9306
vn 0.0149 -0.3651 -0.9309
vn 0.0002 0.9573 -0.2893
vn -0.0286 0.9558 -0.2928
vn -0.0286 -0.9000 0.4351
vn -0.0769 -0.3641 -0.9282
vn -0.9487 -0.1155 -0.2943
vn -0.0191 -0.9067 0.4213
vn -0.0268 0.9462 -0.3225
vn -0.0218 0.9511 -0.3082
vn -0.0161 0.9545 -0.2978
vn -0.0079 0.9572 -0.2894
vn -0.0275 0.9446 -0.3270
vn -0.0000 0.9574 -0.2888
vn -0.0710 0.8688 -0.4900
vn -0.0324 0.9212 -0.3878
vn -0.0348 0.9035 -0.4271
vn -0.0374 0.9398 -0.3396
vn 0.0002 0.9564 -0.2921
vn -0.0210 0.9724 -0.2324
vn -0.0402 0.9744 -0.2210
vn 0.0151 0.9798 -0.1992
vn -0.0291 0.9793 -0.2001
vn 0.0637 0.9818 -0.1791
vn -0.0037 0.9863 -0.1650
vn -0.0245 0.9929 -0.1160
vn 0.0169 0.9893 -0.1447
vn 0.0027 0.9788 -0.2046
vn -0.0726 0.9530 -0.2942
vn -0.0002 0.8976 -0.4409
vn -0.0002 0.9574 -0.2888
vn -0.0000 0.9573 -0.2892
vn -0.0319 0.8716 -0.4892
vn -0.0231 0.8626 -0.5054
vn -0.0234 0.8966 -0.4423
vn -0.0149 0.8885 -0.4586
vn -0.0151 0.9568 -0.2904
vn -0.0000 0.9468 -0.3217
vn -0.0349 0.9211 -0.3879
vn 0.0405 0.8459 -0.5318
vn 0.0409 0.8642 -0.5016
vn 0.0174 0.8891 -0.4573
vn 0.0174 0.8896 -0.4564
vn -0.0119 0.9167 -0.3994
vn -0.0120 0.9464 -0.3227
vn -0.0000 0.9378 -0.3472
vn -0.0374 0.9034 -0.4272
vn -0.0441 0.9092 -0.4140
vn -0.0432 0.8431 -0.5360
vn -0.0795 0.8792 -0.4697
vn -0.0796 0.8833 -0.4621
vn -0.0241 0.8266 -0.5622
vn -0.0249 0.9160 -0.4003
vn -0.0155 0.9079 -0.4188
vn -0.0156 0.9372 -0.3485
vn -0.0000 0.9250 -0.3799
vn 0.0000 0.9412 -0.3379
vn 0.0140 0.9303 -0.3666
vn 0.0138 0.9115 -0.4112
vn 0.0225 0.9034 -0.4283
vn 0.0222 0.8851 -0.4649
vn -0.0011 0.9076 -0.4198
vn -0.0012 0.8278 -0.5610
vn -0.0447 0.8744 -0.4831
vn -0.0452 0.9061 -0.4207
vn -0.0072 0.8702 -0.4926
vn -0.0074 0.9247 -0.3805
vn -0.0006 0.9191 -0.3940
vn -0.0006 0.9574 -0.2888
vn 0.0000 0.9570 -0.2900
vn -0.0214 0.9558 -0.2931
vn -0.0046 0.9447 -0.3279
vn -0.0048 0.9299 -0.3677
vn 0.0186 0.9099 -0.4144
vn 0.0185 0.9033 -0.4285
vn 0.0142 0.9073 -0.4201
vn 0.0142 0.9080 -0.4187
vn 0.0310 0.8918 -0.4514
vn 0.0308 0.8779 -0.4779
vn 0.0480 0.8588 -0.5100
vn 0.0483 0.8716 -0.4878
vn -0.0040 0.9222 -0.3866
vn -0.0040 0.9190 -0.3943
vn -0.0160 0.9288 -0.3703
vn -0.0161 0.9565 -0.2913
vn 0.0000 0.9459 -0.3246
vn -0.0403 0.9716 -0.2333
vn -0.0294 0.9662 -0.2563
vn -0.0299 0.9438 -0.3292
vn -0.0253 0.9406 -0.3386
vn -0.0256 0.9085 -0.4171
vn -0.0291 0.9114 -0.4104
vn -0.0291 0.9056 -0.4231
vn 0.0195 0.8570 -0.5150
vn 0.0199 0.8916 -0.4524
vn 0.0849 0.8158 -0.5721
vn 0.0867 0.8583 -0.5058
vn 0.0203 0.9260 -0.3769
vn 0.0203 0.9229 -0.3845
vn -0.0053 0.9430 -0.3328
vn -0.0053 0.9292 -0.3695
vn -0.0147 0.9364 -0.3506
vn -0.0147 0.9453 -0.3258
vn -0.0000 0.9346 -0.3557
vn 0.0149 0.9757 -0.2187
vn 0.0164 0.9750 -0.2218
vn 0.0160 0.9671 -0.2540
vn 0.0238 0.9625 -0.2704
vn 0.0230 0.9418 -0.3355
vn 0.0304 0.9360 -0.3506
vn 0.0296 0.9134 -0.4061
vn 0.0312 0.9118 -0.4094
vn 0.0296 0.8572 -0.5141
vn -0.0209 0.9084 -0.4176
vn -0.0214 0.8128 -0.5821
vn -0.0591 0.8543 -0.5165
vn -0.0595 0.9218 -0.3830
vn -0.0243 0.8916 -0.4521
vn -0.0239 0.9421 -0.3343
vn -0.0051 0.9279 -0.3727
vn -0.0051 0.9368 -0.3498
vn -0.0051 0.9344 -0.3561
vn -0.0000 0.9305 -0.3664
vn -0.0291 0.9792 -0.2009
vn -0.0095 0.9703 -0.2418
vn -0.0092 0.9748 -0.2230
vn -0.0008 0.9706 -0.2405
vn -0.0015 0.9623 -0.2719
vn 0.0085 0.9561 -0.2928
vn 0.0073 0.9358 -0.3524
vn 0.0133 0.9310 -0.3649
vn 0.0124 0.9115 -0.4112
vn 0.0120 0.9118 -0.4104
vn 0.0119 0.9099 -0.4146
vn 0.0298 0.8925 -0.4501
vn 0.0286 0.8600 -0.5096
vn 0.0324 0.8556 -0.5167
vn 0.0338 0.8939 -0.4469
vn 0.0006 0.9246 -0.3810
vn 0.0006 0.9282 -0.3721
vn 0.0047 0.9248 -0.3805
vn 0.0048 0.9371 -0.3489
vn 0.0041 0.9376 -0.3476
vn 0.0041 0.9306 -0.3660
vn -0.0000 0.9338 -0.3577
vn 0.0635 0.9784 -0.1969
vn 0.0486 0.9850 -0.1658
vn 0.0469 0.9697 -0.2396
vn 0.0005 0.9899 -0.1420
vn -0.0024 0.9706 -0.2406
vn -0.0048 0.9718 -0.2356
vn -0.0066 0.9559 -0.2937
vn 0.0062 0.9471 -0.3208
vn 0.0048 0.9308 -0.3656
vn 0.0315 0.9070 -0.4199
vn 0.0319 0.9123 -0.4083
vn 0.0901 0.8477 -0.5228
vn 0.0936 0.8923 -0.4417
vn 0.1076 0.8762 -0.4697
vn 0.1061 0.8554 -0.5071
vn 0.0256 0.9377 -0.3465
vn 0.0251 0.9253 -0.3784
vn 0.0136 0.9348 -0.3550
vn 0.0135 0.9251 -0.3795
vn 0.0239 0.9160 -0.4006
vn 0.0239 0.9381 -0.3457
vn 0.0136 0.9458 -0.3245
vn 0.0136 0.9342 -0.3565
vn 0.0000 0.9443 -0.3290
vn -0.0040 0.9835 -0.1810
vn 0.0430 0.9593 -0.2790
vn 0.0460 0.9851 -0.1659
vn 0.0448 0.9855 -0.1635
vn 0.0455 0.9890 -0.1408
vn 0.0661 0.9807 -0.1842
vn 0.0643 0.9705 -0.2322
vn 0.0729 0.9654 -0.2504
vn 0.0701 0.9463 -0.3156
vn 0.0759 0.9417 -0.3278
vn 0.0717 0.9069 -0.4153
vn 0.0661 0.9125 -0.4037
vn 0.0595 0.8475 -0.5274
vn 0.0366 0.8747 -0.4832
vn 0.0367 0.8761 -0.4807
vn -0.0208 0.9311 -0.3641
vn -0.0203 0.9360 -0.3515
vn 0.0041 0.9155 -0.4023
vn 0.0052 0.9345 -0.3560
vn 0.0154 0.9260 -0.3772
vn 0.0151 0.9156 -0.4018
vn 0.0356 0.8958 -0.4430
vn 0.0358 0.9460 -0.3223
vn 0.0187 0.9577 -0.2872
vn 0.0187 0.9447 -0.3273
vn -0.0254 0.9860 -0.1650
vn -0.0211 0.9845 -0.1742
vn -0.0249 0.9597 -0.2798
vn -0.0702 0.9805 -0.1835
vn -0.0690 0.9841 -0.1637
vn -0.0201 0.9630 -0.2688
vn -0.0147 0.9825 -0.1856
vn -0.0099 0.9806 -0.1960
vn -0.0139 0.9668 -0.2551
vn -0.0013 0.9593 -0.2824
vn -0.0047 0.9422 -0.3351
vn 0.0054 0.9342 -0.3567
vn 0.0022 0.9115 -0.4114
vn 0.0067 0.9071 -0.4208
vn 0.0028 0.8730 -0.4877
vn -0.0170 0.8937 -0.4483
vn -0.0123 0.9317 -0.3631
vn -0.0069 0.9272 -0.3745
vn -0.0083 0.9146 -0.4042
vn 0.0006 0.9063 -0.4227
vn 0.0019 0.9253 -0.3793
vn 0.0150 0.9136 -0.4063
vn 0.0145 0.8946 -0.4467
vn 0.0000 0.9086 -0.4176
vn 0.0171 0.9931 -0.1163
vn 0.0313 0.9888 -0.1458
vn 0.0304 0.9840 -0.1757
vn 0.0346 0.9823 -0.1843
vn 0.0344 0.9816 -0.1878
vn 0.0068 0.9916 -0.1290
vn -0.0065 0.9631 -0.2689
vn -0.0143 0.9677 -0.2518
vn -0.0087 0.9806 -0.1960
vn 0.0003 0.9764 -0.2161
vn -0.0062 0.9592 -0.2827
vn 0.0045 0.9519 -0.3064
vn -0.0004 0.9340 -0.3573
vn 0.0079 0.9268 -0.3755
vn 0.0036 0.9070 -0.4212
vn 0.0090 0.9015 -0.4326
vn 0.0080 0.8954 -0.4453
vn 0.0021 0.9014 -0.4329
vn 0.0064 0.9280 -0.3725
vn 0.0113 0.9237 -0.3830
vn 0.0093 0.9070 -0.4209
vn 0.0041 0.9120 -0.4101
vn 0.0042 0.9127 -0.4087
vn 0.0061 0.9108 -0.4127
vn 0.0061 0.9092 -0.4164
vn -0.0000 0.9148 -0.4040
vn 0.0029 0.9894 -0.1453
vn -0.0127 0.9936 -0.1123
vn -0.0143 0.9896 -0.1434
vn -0.0082 0.9877 -0.1564
vn -0.0106 0.9836 -0.1803
vn -0.0533 0.9948 -0.0868
vn -0.0590 0.9907 -0.1227
vn -0.0207 0.9777 -0.2092
vn -0.0274 0.9675 -0.2514
vn -0.0274 0.9675 -0.2513
vn -0.0220 0.9760 -0.2164
vn 0.0126 0.9548 -0.2969
vn 0.0114 0.9520 -0.3060
vn 0.0306 0.9363 -0.3499
vn 0.0276 0.9273 -0.3732
vn 0.0326 0.9226 -0.3844
vn 0.0271 0.9026 -0.4296
vn 0.0407 0.8871 -0.4597
vn 0.0443 0.9032 -0.4269
vn 0.0124 0.9339 -0.3573
vn 0.0102 0.9236 -0.3833
vn 0.0065 0.9270 -0.3750
vn 0.0040 0.9120 -0.4101
vn -0.0002 0.9161 -0.4008
vn -0.0008 0.9099 -0.4149
vn 0.0062 0.9028 -0.4300
vn 0.0061 0.9153 -0.4027
vn 0.0000 0.9207 -0.3902
vn -0.0000 0.9788 -0.2048
vn -0.0090 0.9826 -0.1857
vn -0.0083 0.9936 -0.1127
vn -0.0003 0.9916 -0.1291
vn -0.0028 0.9876 -0.1572
vn -0.0318 0.9949 -0.0956
vn -0.0308 0.9954 -0.0907
vn -0.0096 0.9903 -0.1384
vn -0.0265 0.9776 -0.2086
vn -0.0070 0.9669 -0.2549
vn -0.0063 0.9678 -0.2518
vn -0.0107 0.9704 -0.2411
vn -0.0232 0.9541 -0.2986
vn -0.0134 0.9464 -0.3227
vn -0.0202 0.9347 -0.3550
vn -0.0098 0.9248 -0.3803
vn -0.0119 0.9205 -0.3906
vn 0.0040 0.9036 -0.4284
vn -0.0032 0.8832 -0.4690
vn -0.0114 0.8929 -0.4501
vn 0.0037 0.9334 -0.3588
vn 0.0037 0.9334 -0.3587
vn 0.0013 0.9265 -0.3763
vn 0.0046 0.9232 -0.3842
vn 0.0031 0.9167 -0.3997
vn 0.0041 0.9156 -0.4020
vn 0.0022 0.9019 -0.4320
vn 0.0040 0.8998 -0.4363
vn 0.0053 0.9212 -0.3891
vn -0.0000 0.9258 -0.3780
vn 0.0000 0.9574 -0.2887
vn -0.0000 0.9827 -0.1853
vn -0.0278 0.9916 -0.1260
vn -0.0266 0.9921 -0.1230
vn -0.0279 0.9924 -0.1198
vn -0.0174 0.9949 -0.0997
vn -0.0229 0.9961 -0.0857
vn -0.0435 0.9904 -0.1313
vn -0.0116 0.9765 -0.2153
vn -0.0250 0.9670 -0.2535
vn -0.0272 0.9685 -0.2476
vn -0.0251 0.9702 -0.2410
vn -0.0116 0.9607 -0.2773
vn -0.0250 0.9460 -0.3233
vn -0.0080 0.9295 -0.3687
vn -0.0111 0.9247 -0.3804
vn 0.0090 0.9016 -0.4325
vn 0.0102 0.9041 -0.4272
vn 0.0357 0.8710 -0.4900
vn 0.0475 0.8984 -0.4367
vn 0.0140 0.9360 -0.3517
vn 0.0130 0.9342 -0.3566
vn 0.0148 0.9323 -0.3613
vn 0.0112 0.9241 -0.3819
vn 0.0219 0.9120 -0.4095
vn 0.0239 0.9195 -0.3924
vn 0.0124 0.9317 -0.3631
vn 0.0013 0.8989 -0.4381
vn -0.0139 0.9186 -0.3949
vn -0.0114 0.9244 -0.3813
vn -0.0000 0.9120 -0.4102
vn -0.0143 0.9391 -0.3434
vn -0.0181 0.9508 -0.3094
vn -0.0339 0.9547 -0.2955
vn -0.0082 0.9364 -0.3509
vn 0.0452 0.9941 -0.0990
vn 0.0172 0.9841 -0.1766
vn -0.0015 0.9808 -0.1948
vn -0.0366 0.9776 -0.2072
vn 0.0067 0.9955 -0.0950
vn -0.0265 0.9794 -0.2003
vn -0.0232 0.9611 -0.2752
vn -0.0135 0.9528 -0.3033
vn -0.0189 0.9410 -0.3378
vn -0.0175 0.9630 -0.2690
vn -0.0242 0.9499 -0.3117
vn -0.0172 0.9488 -0.3154
vn -0.0204 0.9417 -0.3358
vn -0.0358 0.9479 -0.3166
vn -0.0172 0.9792 -0.2021
vn -0.0161 0.9792 -0.2024
vn -0.0322 0.9520 -0.3045
vn -0.0191 0.9475 -0.3192
vn -0.0215 0.9421 -0.3345
vn -0.0019 0.9865 -0.1639
vn -0.0335 0.9470 -0.3195
vn -0.0218 0.9691 -0.2455
vn -0.0149 0.9671 -0.2541
vn -0.0266 0.9442 -0.3282
vn 0.0478 0.9913 -0.1225
vn 0.0154 0.9250 -0.3797
vn -0.0284 0.9450 -0.3259
vn -0.0263 0.9496 -0.3123
vn -0.0254 0.9493 -0.3135
vn 0.0164 0.9874 -0.1573
vn 0.0225 0.9930 -0.1158
vn 0.0240 0.9932 -0.1142
vn -0.0110 0.9376 -0.3475
vn -0.0014 0.9908 -0.1356
vn -0.0093 0.9827 -0.1848
vn 0.0213 0.9880 -0.1529
vn 0.0236 0.9902 -0.1376
vn 0.0050 0.9916 -0.1295
vn -0.0261 0.9440 -0.3288
vn -0.0347 0.9842 -0.1738
vn -0.0184 0.9966 -0.0807
vn -0.0022 0.9980 -0.0629
vn -0.0250 0.9789 -0.2029
vn 0.0192 0.9780 -0.2078
vn -0.0005 0.9420 -0.3355
vn -0.0243 0.9516 -0.3065
vn 0.0075 0.9902 -0.1394
vn -0.0068 0.9719 -0.2354
vn -0.0299 0.9764 -0.2138
vn -0.0248 0.9830 -0.1821
vn -0.0233 0.9828 -0.1833
vn -0.0304 0.9733 -0.2275
vn 0.0054 0.9652 -0.2613
vn -0.0087 0.9366 -0.3504
vn -0.0327 0.9598 -0.2789
vn -0.0170 0.9830 -0.1829
vn -0.0032 0.9833 -0.1822
vn -0.0261 0.9442 -0.3283
vn -0.0360 0.9481 -0.3159
vn -0.0164 0.9813 -0.1920
vn -0.0263 0.9834 -0.1796
vn -0.0289 0.9803 -0.1954
vn 0.0010 0.9728 -0.2317
vn -0.0162 0.9399 -0.3411
vn -0.0288 0.9451 -0.3254
vn -0.0258 0.9516 -0.3062
vn -0.0245 0.9511 -0.3078
vn -0.0276 0.9447 -0.3269
vn -0.0274 0.9452 -0.3254
vn -0.0386 0.9495 -0.3113
vn -0.0149 0.9868 -0.1615
vn -0.0027 0.9842 -0.1770
vn -0.0265 0.9442 -0.3283
vn -0.0285 0.9450 -0.3257
vn -0.0262 0.9501 -0.3109
vn -0.0252 0.9497 -0.3122
vn 0.0410 0.9709 -0.2361
vn -0.0427 0.9987 -0.0286
vn 0.0141 0.9950 -0.0986
vn 0.0148 0.9772 -0.2118
vn -0.0043 0.9452 -0.3266
vn 0.1193 0.9361 -0.3308
vn -0.0063 0.9500 -0.3121
vn -0.0670 0.9046 -0.4210
vn -0.0371 0.8760 -0.4809
vn -0.0189 0.8239 -0.5664
vn 0.0634 0.9492 -0.3081
vn 0.0811 0.9330 -0.3507
vn 0.0029 0.9206 -0.3906
vn -0.0130 0.9709 -0.2393
vn 0.0577 0.9838 -0.1695
vn -0.0209 0.9869 -0.1602
vn 0.0068 0.9899 -0.1418
vn 0.0134 0.9996 -0.0236
vn -0.0317 0.9978 -0.0583
vn 0.0337 0.9973 -0.0656
vn -0.0106 0.9948 -0.1017
vn -0.0066 0.9947 -0.1028
vn -0.0225 0.9924 -0.1214
vn -0.0599 0.9943 -0.0881
vn -0.0108 0.9989 -0.0448
vn -0.0321 0.9986 -0.0432
vn -0.0297 0.9987 -0.0411
vn -0.0233 0.9988 -0.0420
vn -0.0418 0.9972 -0.0622
vn -0.0411 0.9972 -0.0624
vn -0.0526 0.9955 -0.0790
vn -0.0140 0.9788 -0.2044
vn 0.0095 0.9834 -0.1811
vn -0.0241 0.9840 -0.1764
vn -0.0052 0.9876 -0.1569
vn -0.0206 0.9877 -0.1550
vn -0.0218 0.9874 -0.1564
vn -0.0214 0.9874 -0.1565
vn -0.0382 0.9829 -0.1803
vn -0.0206 0.9829 -0.1828
vn -0.0360 0.9766 -0.2121
vn -0.0133 0.9460 -0.3238
vn 0.0096 0.9538 -0.3004
vn -0.0065 0.9547 -0.2974
vn 0.0183 0.9626 -0.2703
vn -0.0053 0.9635 -0.2675
vn -0.0107 0.9617 -0.2739
vn -0.0066 0.9616 -0.2743
vn -0.0176 0.9570 -0.2896
vn -0.0124 0.9570 -0.2900
vn -0.0142 0.9560 -0.2931
vn -0.0104 0.9560 -0.2933
vn 0.0085 0.9684 -0.2491
vn 0.0041 0.9563 -0.2924
vn 0.0094 0.9580 -0.2866
vn 0.0117 0.9578 -0.2871
vn -0.0129 0.9491 -0.3148
vn 0.0159 0.9478 -0.3184
vn -0.0186 0.9329 -0.3597
vn -0.0052 0.9327 -0.3607
vn -0.0182 0.9256 -0.3780
vn -0.0028 0.9256 -0.3784
vn 0.0695 0.9630 -0.2603
vn -0.0227 0.9654 -0.2597
vn -0.0108 0.9715 -0.2366
vn 0.0044 0.9715 -0.2369
vn 0.1118 0.9264 -0.3597
vn 0.1063 0.9246 -0.3658
vn 0.0004 0.9398 -0.3418
vn -0.0058 0.9372 -0.3488
vn -0.0156 0.9376 -0.3474
vn -0.0144 0.9381 -0.3460
vn -0.0188 0.9382 -0.3457
vn -0.0240 0.9355 -0.3525
vn -0.0209 0.9356 -0.3525
vn -0.0009 0.9466 -0.3224
vn 0.0821 0.9446 -0.3178
vn 0.0593 0.9305 -0.3616
vn 0.0251 0.9311 -0.3638
vn 0.0299 0.9352 -0.3529
vn 0.0139 0.9350 -0.3543
vn 0.0095 0.9302 -0.3669
vn -0.0384 0.8996 -0.4350
vn -0.0201 0.9092 -0.4158
vn 0.0897 0.8904 -0.4462
vn 0.0886 0.8899 -0.4474
vn -0.0139 0.9009 -0.4339
vn -0.0076 0.9044 -0.4266
vn -0.0157 0.9045 -0.4261
vn -0.0059 0.9103 -0.4139
vn -0.0201 0.9101 -0.4139
vn -0.0066 0.9184 -0.3955
vn 0.0101 0.9188 -0.3946
vn 0.0200 0.9252 -0.3789
vn 0.0625 0.9251 -0.3746
vn 0.0536 0.9179 -0.3932
vn 0.0425 0.9177 -0.3950
vn 0.0369 0.9116 -0.4093
vn 0.0248 0.9110 -0.4116
vn 0.0189 0.9024 -0.4306
vn -0.0762 0.8848 -0.4596
vn -0.0682 0.8898 -0.4513
vn -0.0297 0.8850 -0.4647
vn 0.1245 0.9489 -0.2898
vn 0.1086 0.9518 -0.2870
vn 0.0151 0.9176 -0.3972
vn -0.0067 0.9184 -0.3956
vn -0.0100 0.9166 -0.3996
vn -0.0065 0.9166 -0.3997
vn -0.0084 0.9156 -0.4021
vn -0.0058 0.9156 -0.4020
vn -0.0111 0.9122 -0.4095
vn 0.0249 0.9137 -0.4057
vn -0.0122 0.8843 -0.4668
vn 0.0686 0.8896 -0.4515
vn 0.0886 0.9091 -0.4071
vn 0.0395 0.9078 -0.4176
vn 0.0209 0.8846 -0.4659
vn 0.0308 0.8855 -0.4636
vn 0.0222 0.8698 -0.4929
vn -0.0508 0.8356 -0.5469
vn 0.0350 0.8904 -0.4538
vn -0.0631 0.9058 -0.4190
vn 0.0702 0.9611 -0.2671
vn 0.1256 0.9522 -0.2785
vn -0.0001 0.9049 -0.4256
vn 0.0140 0.9042 -0.4269
vn -0.0187 0.8857 -0.4639
vn -0.0084 0.8858 -0.4641
vn -0.0103 0.8845 -0.4664
vn -0.0029 0.8848 -0.4659
vn 0.0102 0.8936 -0.4487
vn -0.0053 0.8926 -0.4507
vn 0.0187 0.9094 -0.4154
vn -0.0208 0.9065 -0.4216
vn 0.0210 0.9346 -0.3551
vn 0.0719 0.9347 -0.3482
vn 0.0274 0.8996 -0.4358
vn 0.0122 0.8987 -0.4384
vn 0.0151 0.9019 -0.4317
vn 0.0002 0.9006 -0.4346
vn 0.0245 0.9367 -0.3492
vn 0.0334 0.9537 -0.2990
vn 0.0646 0.9622 -0.2645
vn 0.0489 0.9637 -0.2625
vn 0.0421 0.9619 -0.2701
vn 0.0698 0.9597 -0.2723
vn 0.0075 0.9403 -0.3404
vn 0.0026 0.9403 -0.3403
vn -0.0174 0.9322 -0.3615
vn -0.0208 0.9321 -0.3616
vn 0.0094 0.9443 -0.3290
vn -0.0204 0.9436 -0.3304
vn -0.0021 0.9506 -0.3105
vn -0.0075 0.9505 -0.3108
vn -0.0081 0.9502 -0.3114
vn 0.0001 0.9504 -0.3109
vn -0.0034 0.9490 -0.3153
vn 0.0117 0.9493 -0.3142
vn 0.0098 0.9484 -0.3170
vn -0.0040 0.9480 -0.3181
vn -0.0097 0.9446 -0.3280
vn -0.0156 0.9443 -0.3287
vn -0.0239 0.9379 -0.3461
vn 0.0203 0.9412 -0.3372
vn 0.0130 0.9321 -0.3619
vn 0.0589 0.9374 -0.3433
vn 0.0697 0.9411 -0.3310
vn 0.0610 0.9420 -0.3299
vn 0.0629 0.9426 -0.3278
vn 0.0405 0.9441 -0.3271
vn 0.0339 0.9419 -0.3342
vn 0.0076 0.9425 -0.3342
vn 0.0113 0.9438 -0.3304
vn -0.0182 0.9434 -0.3313
vn -0.0012 0.9496 -0.3134
vn 0.0080 0.9497 -0.3129
vn -0.0051 0.9450 -0.3272
vn -0.0003 0.9451 -0.3269
vn -0.0051 0.9432 -0.3323
vn -0.0052 0.9432 -0.3323
vn -0.0080 0.9420 -0.3356
vn 0.0001 0.9422 -0.3349
vn 0.0034 0.9438 -0.3306
vn 0.0127 0.9440 -0.3297
vn 0.0011 0.9377 -0.3474
vn -0.0047 0.9374 -0.3482
vn -0.0096 0.9341 -0.3568
vn -0.0205 0.9331 -0.3590
vn -0.0249 0.9294 -0.3683
vn 0.0114 0.9340 -0.3571
vn -0.0088 0.9046 -0.4262
vn 0.0807 0.9054 -0.4169
vn 0.1405 0.9289 -0.3425
vn 0.0699 0.9382 -0.3390
vn 0.0678 0.9375 -0.3414
vn 0.0634 0.9378 -0.3414
vn 0.0574 0.9358 -0.3479
vn 0.0343 0.9367 -0.3484
vn 0.0279 0.9344 -0.3552
vn 0.0124 0.9344 -0.3559
vn 0.0156 0.9357 -0.3525
vn 0.0014 0.9355 -0.3534
vn 0.0065 0.9375 -0.3480
vn -0.0029 0.9372 -0.3487
vn -0.0029 0.9372 -0.3488
vn -0.0030 0.9372 -0.3488
vn -0.0050 0.9364 -0.3510
vn -0.0058 0.9363 -0.3510
vn -0.0072 0.9357 -0.3527
vn 0.0071 0.9363 -0.3511
vn -0.0061 0.9297 -0.3683
vn 0.0052 0.9304 -0.3666
vn 0.0051 0.9304 -0.3666
vn -0.0068 0.9294 -0.3690
vn -0.0100 0.9271 -0.3746
vn -0.0227 0.9256 -0.3778
vn -0.0252 0.9235 -0.3828
vn -0.0213 0.9241 -0.3815
vn -0.0188 0.9268 -0.3751
vn -0.0078 0.9572 -0.2894
vn -0.0079 0.9571 -0.2895
vn 0.1223 0.9532 -0.2764
vn 0.0309 0.9256 -0.3773
vn 0.0715 0.9238 -0.3763
vn 0.0923 0.9309 -0.3535
vn 0.0580 0.9330 -0.3552
vn 0.0359 0.9248 -0.3787
vn 0.0296 0.9249 -0.3790
vn 0.0279 0.9243 -0.3808
vn 0.0179 0.9242 -0.3814
vn 0.0184 0.9244 -0.3809
vn 0.0097 0.9243 -0.3816
vn 0.0034 0.9215 -0.3883
vn 0.0017 0.9215 -0.3884
vn 0.0003 0.9209 -0.3899
vn 0.0000 0.9208 -0.3900
vn -0.0020 0.9199 -0.3922
vn -0.0015 0.9199 -0.3922
vn -0.0029 0.9192 -0.3939
vn -0.0020 0.9192 -0.3937
vn -0.0027 0.9189 -0.3946
vn 0.0100 0.9199 -0.3921
vn -0.0009 0.9128 -0.4084
vn -0.0031 0.9125 -0.4090
vn -0.0022 0.9132 -0.4074
vn -0.0188 0.9104 -0.4133
vn -0.0081 0.9200 -0.3919
vn -0.0137 0.9189 -0.3943
vn -0.0140 0.9186 -0.3950
vn 0.0207 0.9577 -0.2870
vn -0.0054 0.9495 -0.3138
vn 0.0860 0.9483 -0.3054
vn 0.0030 0.9201 -0.3918
vn 0.0370 0.9204 -0.3891
vn 0.0221 0.9143 -0.4044
vn 0.0303 0.9144 -0.4037
vn 0.0210 0.9104 -0.4131
vn 0.0217 0.9105 -0.4130
vn 0.0064 0.9034 -0.4287
vn 0.0078 0.9035 -0.4285
vn 0.0055 0.9024 -0.4309
vn 0.0051 0.9024 -0.4309
vn 0.0025 0.9010 -0.4337
vn 0.0032 0.9011 -0.4336
vn -0.0013 0.8987 -0.4386
vn 0.0030 0.8990 -0.4379
vn 0.0006 0.8977 -0.4407
vn 0.0038 0.8980 -0.4400
vn 0.0028 0.8974 -0.4413
vn 0.0040 0.8975 -0.4410
vn 0.0045 0.8979 -0.4403
vn 0.0033 0.8977 -0.4407
vn 0.0063 0.9001 -0.4357
vn 0.0006 0.8988 -0.4383
vn 0.0065 0.9047 -0.4261
vn -0.0050 0.9011 -0.4336
vn 0.0043 0.9142 -0.4053
vn 0.0096 0.9576 -0.2880
vn -0.0064 0.9525 -0.3045
vn 0.0093 0.9529 -0.3032
vn -0.0050 0.9481 -0.3179
vn -0.0054 0.9481 -0.3179
vn -0.0050 0.9482 -0.3175
vn -0.0067 0.9482 -0.3177
vn -0.0051 0.9487 -0.3161
vn -0.0102 0.9485 -0.3165
vn -0.0056 0.9501 -0.3118
vn -0.0147 0.9498 -0.3126
vn -0.0064 0.9526 -0.3040
vn -0.0138 0.9524 -0.3047
vn -0.0071 0.9546 -0.2977
vn -0.0123 0.9544 -0.2982
vn -0.0075 0.9560 -0.2933
vn -0.0108 0.9559 -0.2935
vn -0.0078 0.9569 -0.2904
vn -0.0090 0.9568 -0.2905
vn 0.0431 0.9862 -0.1597
vn 0.0374 0.9940 0.1028
vn -0.0205 0.9848 -0.1726
vn 0.0330 0.9721 -0.2321
vn 0.0972 0.9428 -0.3188
vn -0.0913 0.9509 -0.2957
vn -0.0610 0.9357 -0.3474
vn 0.1540 0.9721 -0.1769
vn 0.0614 0.9948 0.0808
vn -0.0266 0.8993 -0.4366
vn -0.0450 0.8656 -0.4987
vn -0.0441 0.8084 -0.5869
vn -0.0158 0.7503 -0.6609
vn -0.0042 0.9376 -0.3478
vn -0.0130 0.9563 -0.2921
vn -0.0302 0.9710 -0.2373
vn 0.0670 0.9963 -0.0541
vn -0.0455 0.9845 -0.1696
vn 0.0635 0.9977 0.0218
vn -0.0611 0.9937 -0.0942
vn 0.0116 0.9998 0.0142
vn 0.0163 0.9968 0.0789
vn 0.0041 0.9983 0.0574
vn 0.0130 0.9977 0.0667
vn -0.0208 0.9998 0.0075
vn 0.0304 0.9979 0.0572
vn -0.0548 0.9938 -0.0969
vn 0.0520 0.9986 0.0005
vn 0.0045 0.9942 -0.1074
vn -0.0135 0.9859 -0.1666
vn 0.0287 0.9957 -0.0886
vn 0.0197 0.9950 -0.0976
vn 0.0074 0.9927 -0.1208
vn 0.0316 0.9948 -0.0966
vn 0.0073 0.9895 -0.1442
vn 0.0047 0.9892 -0.1467
vn -0.0158 0.9814 -0.1914
vn 0.0515 0.9906 -0.1267
vn 0.0244 0.9790 -0.2022
vn -0.0453 0.9528 -0.3002
vn -0.0291 0.9621 -0.2713
vn 0.0241 0.9746 -0.2227
vn 0.0456 0.9823 -0.1818
vn 0.0257 0.9793 -0.2008
vn 0.0203 0.9772 -0.2115
vn 0.0389 0.9803 -0.1935
vn -0.0017 0.9601 -0.2796
vn 0.0425 0.9705 -0.2372
vn 0.0339 0.9655 -0.2582
vn 0.0689 0.9723 -0.2231
vn 0.0547 0.9623 -0.2664
vn -0.0028 0.9199 -0.3921
vn 0.0372 0.9462 -0.3213
vn -0.0485 0.9180 -0.3936
vn 0.0429 0.9726 -0.2286
vn 0.0481 0.9735 -0.2235
vn 0.0147 0.9578 -0.2872
vn 0.0391 0.9641 -0.2627
vn -0.0476 0.9014 -0.4303
vn 0.0456 0.9390 -0.3408
vn -0.0011 0.8986 -0.4388
vn 0.1175 0.9403 -0.3194
vn 0.1597 0.9654 -0.2059
vn 0.0894 0.9549 -0.2831
vn 0.0468 0.9117 -0.4082
vn 0.1295 0.9799 -0.1518
vn 0.0496 0.9515 -0.3038
vn 0.0385 0.9491 -0.3126
vn 0.0255 0.9413 -0.3365
vn 0.0397 0.9452 -0.3239
vn 0.0312 0.9400 -0.3398
vn 0.0241 0.9378 -0.3465
vn 0.0164 0.9324 -0.3612
vn -0.0505 0.9044 -0.4236
vn 0.0424 0.9717 -0.2322
vn -0.0739 0.9353 -0.3460
vn -0.0093 0.9796 -0.2009
vn 0.0635 0.9899 -0.1267
vn -0.0068 0.9494 -0.3140
vn -0.0471 0.9338 -0.3546
vn -0.0471 0.9338 -0.3547
vn -0.1067 0.9226 -0.3707
vn -0.1302 0.9016 -0.4125
vn 0.0519 0.9561 -0.2885
vn -0.0115 0.9149 -0.4036
vn 0.0227 0.9261 -0.3766
vn 0.0940 0.9660 -0.2409
vn 0.0290 0.9532 -0.3008
vn 0.0748 0.9749 -0.2097
vn -0.0019 0.9591 -0.2831
vn 0.0494 0.9828 -0.1777
vn 0.0269 0.9794 -0.1999
vn 0.0041 0.9682 -0.2501
vn 0.0176 0.9714 -0.2367
vn -0.0144 0.9493 -0.3141
vn -0.0108 0.9506 -0.3103
vn -0.0295 0.9320 -0.3613
vn -0.0326 0.9306 -0.3645
vn -0.0422 0.9176 -0.3953
vn -0.0481 0.9600 -0.2759
vn -0.0278 0.9710 -0.2375
vn -0.1135 0.9494 -0.2929
vn -0.1138 0.9492 -0.2935
vn 0.0055 0.9792 -0.2029
vn -0.1852 0.8165 -0.5469
vn 0.0956 0.9394 -0.3293
vn 0.1039 0.9441 -0.3130
vn 0.0918 0.9414 -0.3245
vn 0.1365 0.9638 -0.2292
vn 0.0825 0.9552 -0.2844
vn 0.0783 0.9527 -0.2937
vn 0.0433 0.9432 -0.3293
vn 0.0107 0.9149 -0.4036
vn 0.0335 0.9241 -0.3807
vn 0.0191 0.9089 -0.4167
vn 0.0221 0.9102 -0.4136
vn 0.0226 0.9109 -0.4120
vn 0.0051 0.9025 -0.4306
vn 0.0030 0.8988 -0.4383
vn 0.1825 0.9756 0.1218
vn -0.0227 0.9540 -0.2989
vn -0.0356 0.9512 -0.3065
vn -0.0495 0.9417 -0.3327
vn -0.1202 0.9165 -0.3815
vn -0.0676 0.9568 -0.2827
vn -0.1858 0.9076 -0.3766
vn -0.0421 0.9932 -0.1086
vn 0.0744 0.9972 -0.0076
vn 0.0255 0.9945 -0.1018
vn 0.0948 0.9947 -0.0391
vn 0.0004 0.9752 -0.2212
vn 0.0400 0.9821 -0.1842
vn -0.0514 0.9300 -0.3638
vn -0.0217 0.9416 -0.3359
vn -0.1839 0.7355 -0.6521
vn 0.0408 0.8923 -0.4496
vn 0.0679 0.9234 -0.3777
vn 0.0294 0.9072 -0.4197
vn 0.0105 0.8792 -0.4763
vn 0.0273 0.8884 -0.4584
vn 0.0036 0.8395 -0.5433
vn -0.0272 0.8991 -0.4368
vn -0.0256 0.9005 -0.4342
vn -0.0303 0.8990 -0.4369
vn -0.0233 0.9052 -0.4244
vn -0.0536 0.8948 -0.4433
vn -0.0270 0.9186 -0.3942
vn -0.0655 0.9037 -0.4232
vn -0.0470 0.9201 -0.3889
vn -0.0198 0.9303 -0.3662
vn -0.0190 0.9310 -0.3646
vn 0.0621 0.9554 -0.2888
vn 0.0092 0.9171 -0.3985
vn 0.0375 0.9278 -0.3713
vn 0.0201 0.9134 -0.4066
vn -0.0248 0.8928 -0.4497
vn -0.0350 0.8822 -0.4696
vn -0.1975 0.7669 -0.6107
vn -0.0675 0.9255 -0.3727
vn 0.0178 0.9572 -0.2890
vn -0.0508 0.8992 -0.4346
vn -0.0347 0.9074 -0.4188
vn -0.1413 0.7430 -0.6542
vn -0.0090 0.8468 -0.5318
vn 0.0526 0.9459 -0.3203
vn -0.0372 0.8673 -0.4964
vn -0.0321 0.8723 -0.4878
vn -0.0318 0.8724 -0.4877
vn -0.0407 0.8636 -0.5025
vn -0.0268 0.8694 -0.4934
vn -0.0368 0.8593 -0.5101
vn -0.0177 0.8680 -0.4962
vn -0.0402 0.8443 -0.5344
vn -0.0335 0.8477 -0.5295
vn -0.0789 0.7923 -0.6050
vn 0.0089 0.8418 -0.5397
vn -0.0230 0.8037 -0.5945
vn 0.0459 0.8420 -0.5375
vn 0.1187 0.9124 -0.3917
vn 0.0399 0.8805 -0.4723
vn 0.0367 0.8771 -0.4788
vn -0.0152 0.8483 -0.5293
vn 0.0241 0.8926 -0.4502
vn -0.0209 0.8690 -0.4944
vn -0.0039 0.8878 -0.4601
vn -0.0278 0.8747 -0.4838
vn -0.0263 0.8766 -0.4805
vn -0.1620 0.7778 -0.6072
vn -0.0885 0.8843 -0.4584
vn 0.0459 0.9478 -0.3155
vn 0.0136 0.9021 -0.4314
vn -0.0610 0.8064 -0.5882
vn -0.0359 0.8354 -0.5484
vn -0.0366 0.8352 -0.5487
vn -0.0256 0.8471 -0.5308
vn -0.0416 0.8401 -0.5408
vn -0.0095 0.8728 -0.4880
vn -0.0369 0.8602 -0.5087
vn -0.0054 0.8901 -0.4558
vn -0.0449 0.8712 -0.4889
vn -0.0288 0.8866 -0.4616
vn -0.0915 0.8523 -0.5151
vn -0.0364 0.9063 -0.4210
vn -0.0576 0.8957 -0.4409
vn -0.0213 0.9263 -0.3761
vn 0.0793 0.9587 -0.2732
vn -0.0106 0.8962 -0.4435
vn 0.0175 0.9091 -0.4161
vn -0.0583 0.8318 -0.5520
vn 0.0313 0.8830 -0.4682
vn 0.0002 0.8492 -0.5280
vn 0.0162 0.8586 -0.5124
vn 0.0827 0.9254 -0.3700
vn -0.0248 0.8745 -0.4844
vn 0.0122 0.9138 -0.4060
vn -0.0757 0.8644 -0.4971
vn -0.0547 0.8896 -0.4534
vn -0.0073 0.9158 -0.4016
vn -0.0086 0.9142 -0.4053
vn -0.0537 0.7520 -0.6570
vn -0.0367 0.7741 -0.6320
vn -0.0384 0.7735 -0.6326
vn 0.0209 0.8410 -0.5406
vn -0.0224 0.8227 -0.5681
vn 0.0294 0.8751 -0.4830
vn -0.0068 0.8596 -0.5110
vn 0.0376 0.8997 -0.4349
vn -0.0032 0.8825 -0.4703
vn 0.0856 0.9470 -0.3095
vn -0.0349 0.9041 -0.4258
vn 0.0045 0.9346 -0.3556
vn -0.0406 0.9159 -0.3993
vn -0.0501 0.9079 -0.4162
vn -0.0190 0.9223 -0.3861
vn 0.0229 0.9507 -0.3092
vn -0.0302 0.9313 -0.3630
vn -0.0222 0.9370 -0.3486
vn -0.0910 0.9048 -0.4160
vn -0.0449 0.9416 -0.3339
vn -0.0461 0.9410 -0.3351
vn -0.0448 0.9420 -0.3327
vn 0.0396 0.9685 -0.2459
vn -0.0082 0.9410 -0.3382
vn -0.0079 0.9411 -0.3379
vn -0.0070 0.9418 -0.3361
vn -0.0634 0.9171 -0.3937
vn -0.0146 0.9525 -0.3042
vn -0.0261 0.9484 -0.3160
vn -0.0154 0.9341 -0.3568
vn -0.0061 0.9405 -0.3398
vn -0.0614 0.9184 -0.3910
vn -0.0142 0.9520 -0.3059
vn -0.0284 0.9469 -0.3202
vn -0.0015 0.9592 -0.2828
vn -0.0141 0.9519 -0.3061
vn 0.0616 0.9719 -0.2274
vn -0.0037 0.9368 -0.3498
vn 0.0019 0.9389 -0.3442
vn -0.0029 0.9356 -0.3530
vn -0.0531 0.9140 -0.4023
vn -0.0098 0.9459 -0.3243
vn 0.0193 0.9555 -0.2945
vn -0.0058 0.9401 -0.3410
vn -0.0205 0.9343 -0.3558
vn -0.0078 0.9430 -0.3326
vn -0.0382 0.9310 -0.3631
vn -0.0119 0.9489 -0.3155
vn -0.0418 0.9375 -0.3456
vn -0.0159 0.9543 -0.2986
vn -0.0173 0.9538 -0.3000
vn -0.0218 0.9511 -0.3081
vn 0.0187 0.9992 0.0360
vn -0.0205 0.9810 -0.1930
vn 0.0507 0.9445 0.3245
vn 0.0926 0.9601 -0.2637
vn 0.0326 0.9994 -0.0134
vn -0.0161 0.9548 -0.2968
vn 0.0416 0.9947 -0.0936
vn 0.0109 0.9987 -0.0499
vn 0.0475 0.9577 -0.2838
vn 0.0300 0.8646 -0.5016
vn 0.0283 0.9222 -0.3857
vn -0.0076 0.9047 -0.4260
vn 0.0248 0.9175 -0.3970
vn -0.0051 0.9361 -0.3518
vn -0.0217 0.9511 -0.3081
vn 0.0042 0.9724 -0.2332
vn -0.0754 0.9841 -0.1611
vn -0.0351 0.9987 -0.0382
vn -0.0844 0.9872 -0.1355
vn -0.0562 0.9970 -0.0528
vn -0.0904 0.9889 -0.1182
vn -0.0960 0.9863 -0.1340
vn -0.0900 0.9883 -0.1228
vn -0.0948 0.9862 -0.1354
vn 0.0157 0.9906 -0.1358
vn 0.0082 0.9873 -0.1584
vn -0.0038 0.9836 -0.1805
vn 0.0336 0.9971 -0.0685
vn -0.0038 0.9903 -0.1391
vn -0.0025 0.9908 -0.1354
vn -0.0191 0.9859 -0.1661
vn -0.0195 0.9857 -0.1675
vn 0.0401 0.9976 -0.0572
vn 0.0375 0.9971 -0.0662
vn -0.0076 0.9719 0.2352
vn -0.0256 0.9819 0.1878
vn -0.0326 0.9838 0.1763
vn -0.0628 0.9933 0.0968
vn -0.0510 0.9918 0.1172
vn -0.0902 0.9958 0.0134
vn -0.1271 0.9905 -0.0519
vn -0.1611 0.9759 -0.1472
vn -0.1825 0.9654 -0.1860
vn -0.3291 0.6343 -0.6996
vn 0.0353 0.9971 -0.0674
vn -0.0699 0.9079 -0.4133
vn 0.0050 0.9154 -0.4025
vn -0.1374 0.6372 -0.7583
vn -0.0004 0.8062 -0.5917
vn 0.0762 0.9143 -0.3978
vn 0.0537 0.8984 -0.4358
vn 0.0796 0.9274 -0.3654
vn 0.1224 0.9500 -0.2874
vn 0.0852 0.9153 -0.3937
vn 0.1694 0.9563 -0.2382
vn 0.1074 0.8998 -0.4228
vn -0.0606 0.7377 -0.6724
vn 0.0398 0.9176 -0.3956
vn 0.0782 0.9414 -0.3281
vn 0.0644 0.9237 -0.3776
vn 0.1114 0.9888 0.0996
vn -0.0299 0.9428 -0.3321
vn -0.1525 0.8436 -0.5148
vn -0.0553 0.9712 -0.2319
vn 0.0396 0.9972 -0.0630
vn 0.0152 0.9904 -0.1373
vn 0.0020 0.9868 -0.1617
vn -0.0045 0.9834 -0.1815
vn -0.0563 0.9594 -0.2765
vn -0.0629 0.9530 -0.2962
vn -0.1277 0.9029 -0.4105
vn -0.1188 0.9163 -0.3826
vn -0.1582 0.8786 -0.4506
vn -0.1727 0.8478 -0.5013
vn -0.1602 0.8622 -0.4806
vn -0.1294 0.9229 -0.3627
vn 0.0179 0.9668 -0.2550
vn -0.0222 0.9289 -0.3696
vn -0.0308 0.9239 -0.3815
vn 0.0607 0.9917 -0.1135
vn -0.0514 0.9536 -0.2966
vn -0.0291 0.9723 -0.2319
vn 0.0181 0.9885 -0.1503
vn -0.0155 0.9680 -0.2504
vn 0.0095 0.9785 -0.2062
vn -0.0227 0.9529 -0.3025
vn -0.0309 0.9480 -0.3168
vn -0.0486 0.9275 -0.3706
vn -0.0595 0.9192 -0.3893
vn -0.0768 0.8920 -0.4454
vn -0.1062 0.8633 -0.4933
vn -0.0840 0.9066 -0.4135
vn -0.0344 0.9449 -0.3255
vn -0.0236 0.9601 -0.2787
vn -0.0086 0.9885 -0.1506
vn -0.0847 0.9258 -0.3684
vn -0.0212 0.9582 -0.2852
vn -0.0249 0.9549 -0.2958
vn 0.0636 0.9851 -0.1601
vn 0.0170 0.9543 -0.2984
vn -0.0112 0.9391 -0.3434
vn 0.0272 0.9726 -0.2311
vn -0.0037 0.9589 -0.2837
vn 0.0170 0.9750 -0.2216
vn -0.0264 0.9543 -0.2975
vn -0.0400 0.9399 -0.3390
vn -0.0559 0.9288 -0.3664
vn -0.1022 0.8539 -0.5103
vn -0.0637 0.8920 -0.4476
vn -0.1033 0.8077 -0.5805
vn 0.0037 0.9149 -0.4038
vn 0.0087 0.9230 -0.3846
vn 0.0846 0.9664 -0.2427
vn 0.0606 0.9309 -0.3603
vn 0.0434 0.9989 -0.0177
vn -0.1037 0.8967 -0.4302
vn -0.0843 0.9093 -0.4076
vn 0.0275 0.9958 -0.0878
vn -0.0307 0.9845 -0.1725
vn -0.0355 0.9818 -0.1866
vn -0.0039 0.9906 -0.1367
vn -0.0635 0.9478 -0.3124
vn 0.0144 0.9830 -0.1831
vn -0.0391 0.9385 -0.3430
vn 0.0238 0.9715 -0.2357
vn -0.0236 0.9250 -0.3792
vn -0.0160 0.9303 -0.3665
vn -0.0278 0.9150 -0.4025
vn -0.0959 0.8524 -0.5140
vn -0.0569 0.9198 -0.3882
vn -0.1620 0.8100 -0.5636
vn -0.1373 0.8701 -0.4734
vn -0.0851 0.9201 -0.3823
vn -0.0162 0.9944 -0.1042
vn -0.1735 0.9009 -0.3978
vn -0.1635 0.9251 -0.3427
vn -0.0023 0.9404 -0.3401
vn 0.0040 0.9466 -0.3223
vn -0.1022 0.8831 -0.4578
vn -0.0079 0.9811 -0.1935
vn 0.0306 0.9897 -0.1396
vn -0.0151 0.9622 -0.2720
vn -0.0242 0.9581 -0.2853
vn -0.0768 0.8980 -0.4333
vn -0.0465 0.9206 -0.3877
vn -0.0596 0.9034 -0.4246
vn -0.0277 0.9272 -0.3736
vn -0.0366 0.9162 -0.3992
vn -0.0241 0.9253 -0.3784
vn -0.0178 0.9329 -0.3596
vn -0.0370 0.9191 -0.3923
vn 0.0196 0.9774 -0.2106
vn -0.0731 0.9234 -0.3769
vn -0.0722 0.9246 -0.3740
vn -0.1310 0.8696 -0.4761
vn -0.1066 0.9165 -0.3855
vn 0.0362 0.9921 -0.1200
vn -0.0337 0.9217 -0.3865
vn 0.0113 0.9522 -0.3053
vn -0.0146 0.9094 -0.4157
vn 0.0404 0.8695 -0.4922
vn 0.1472 0.9695 -0.1958
vn 0.0040 0.9238 -0.3828
vn 0.0231 0.9439 -0.3295
vn -0.0009 0.9314 -0.3641
vn 0.0019 0.9344 -0.3562
vn -0.0056 0.9299 -0.3678
vn 0.0003 0.9363 -0.3513
vn -0.0694 0.8838 -0.4627
vn -0.0153 0.9505 -0.3103
vn -0.0685 0.9141 -0.3996
vn -0.0289 0.9583 -0.2844
vn -0.0620 0.9377 -0.3417
vn -0.0402 0.9601 -0.2766
vn -0.0519 0.9533 -0.2974
vn -0.0450 0.9600 -0.2763
vn 0.0036 0.9824 -0.1870
vn -0.0339 0.9520 -0.3043
vn -0.0725 0.9247 -0.3737
vn -0.0740 0.9227 -0.3784
vn -0.0834 0.9149 -0.3950
vn -0.1074 0.8740 -0.4739
vn -0.0557 0.9218 -0.3838
vn -0.0950 0.8470 -0.5230
vn -0.0331 0.9080 -0.4176
vn -0.0588 0.8512 -0.5216
vn 0.0335 0.9239 -0.3813
vn 0.0326 0.9230 -0.3834
vn 0.1492 0.9602 -0.2360
vn 0.0384 0.8450 -0.5335
vn 0.0366 0.8437 -0.5356
vn 0.0880 0.9100 -0.4052
vn 0.0193 0.8640 -0.5032
vn 0.1026 0.9560 -0.2748
vn 0.0131 0.9068 -0.4213
vn 0.0487 0.9457 -0.3214
vn 0.0062 0.9195 -0.3931
vn 0.0125 0.9267 -0.3755
vn 0.0070 0.9229 -0.3849
vn 0.0060 0.9217 -0.3878
vn 0.0099 0.9245 -0.3810
vn 0.0064 0.9204 -0.3910
vn 0.0166 0.9276 -0.3731
vn 0.0110 0.9209 -0.3896
vn 0.0223 0.9289 -0.3696
vn 0.0034 0.9045 -0.4264
vn -0.0028 0.8994 -0.4372
vn -0.0162 0.8782 -0.4780
vn -0.0371 0.8578 -0.5126
vn -0.0417 0.8487 -0.5272
vn -0.0488 0.8412 -0.5386
vn -0.0590 0.8169 -0.5737
vn -0.0291 0.8502 -0.5257
vn -0.0437 0.8089 -0.5864
vn 0.0283 0.9166 -0.3989
vn 0.0181 0.9051 -0.4248
vn 0.0341 0.9125 -0.4076
vn 0.0219 0.8983 -0.4388
vn 0.0275 0.9015 -0.4319
vn 0.0392 0.9152 -0.4010
vn 0.0789 0.9366 -0.3415
vn 0.0343 0.8861 -0.4622
vn 0.1150 0.9355 -0.3342
vn 0.0492 0.8584 -0.5106
vn 0.0844 0.8859 -0.4562
vn 0.0602 0.8531 -0.5182
vn 0.0610 0.8539 -0.5169
vn 0.0666 0.8617 -0.5030
vn 0.0599 0.8560 -0.5134
vn 0.0492 0.8400 -0.5404
vn 0.0688 0.8576 -0.5096
vn 0.0681 0.8566 -0.5114
vn 0.0780 0.8652 -0.4953
vn 0.0747 0.8604 -0.5042
vn 0.0701 0.8564 -0.5116
vn 0.0718 0.8590 -0.5069
vn 0.0486 0.8375 -0.5443
vn 0.0639 0.8631 -0.5010
vn 0.0167 0.8170 -0.5763
vn 0.0439 0.8679 -0.4948
vn -0.0221 0.7995 -0.6002
vn -0.0208 0.8026 -0.5961
vn -0.0222 0.8009 -0.5983
vn -0.0497 0.7036 -0.7088
vn -0.0074 0.9076 -0.4198
vn 0.0110 0.9281 -0.3723
vn 0.0130 0.9291 -0.3697
vn -0.0454 0.8528 -0.5202
vn 0.0215 0.8995 -0.4365
vn 0.0165 0.8932 -0.4494
vn 0.0421 0.9101 -0.4122
vn 0.0234 0.8872 -0.4607
vn 0.0309 0.8927 -0.4496
vn 0.0279 0.8889 -0.4573
vn 0.0310 0.8913 -0.4524
vn 0.0304 0.8904 -0.4541
vn 0.0351 0.8942 -0.4464
vn 0.0300 0.8873 -0.4602
vn 0.0416 0.8966 -0.4408
vn 0.0290 0.8795 -0.4750
vn 0.0230 0.8743 -0.4848
vn 0.0161 0.8639 -0.5033
vn 0.0423 0.8871 -0.4596
vn 0.0362 0.8783 -0.4767
vn 0.0484 0.8888 -0.4558
vn 0.0440 0.8825 -0.4683
vn 0.0464 0.8845 -0.4642
vn 0.0436 0.8802 -0.4726
vn 0.0449 0.8813 -0.4704
vn 0.0421 0.8769 -0.4789
vn 0.0384 0.8736 -0.4851
vn 0.0422 0.8799 -0.4733
vn -0.0261 0.8100 -0.5858
vn 0.0247 0.9034 -0.4281
vn -0.0910 0.7791 -0.6203
vn -0.0057 0.9366 -0.3505
vn 0.0159 0.9445 -0.3282
vn 0.0008 0.9301 -0.3672
vn 0.0084 0.9342 -0.3567
vn 0.0027 0.9282 -0.3721
vn -0.0532 0.8883 -0.4561
vn -0.0103 0.9409 -0.3385
vn -0.0166 0.9367 -0.3497
vn -0.0115 0.9421 -0.3352
vn -0.0179 0.9378 -0.3466
vn -0.0127 0.9432 -0.3321
vn -0.0169 0.9404 -0.3396
vn -0.0135 0.9439 -0.3300
vn -0.0160 0.9422 -0.3346
vn -0.0140 0.9443 -0.3287
vn -0.0185 0.9414 -0.3369
vn -0.0148 0.9451 -0.3265
vn -0.0235 0.9393 -0.3424
vn -0.0164 0.9465 -0.3222
vn -0.0400 0.9303 -0.3647
vn -0.0208 0.9503 -0.3106
vn -0.0257 0.9472 -0.3195
vn -0.0217 0.9511 -0.3082
vn -0.0201 0.9521 -0.3052
vn -0.0214 0.9508 -0.3090
vn -0.0210 0.9511 -0.3083
vn -0.0214 0.9508 -0.3092
vn -0.0230 0.9497 -0.3122
vn -0.0217 0.9510 -0.3084
vn -0.0221 0.9508 -0.3091
vn -0.0259 0.9481 -0.3168
vn -0.0048 0.9865 -0.1636
vn -0.0197 0.9867 -0.1615
vn 0.0093 0.9969 -0.0781
vn -0.0261 0.9887 -0.1476
vn -0.0014 0.9811 -0.1937
vn 0.0155 0.9818 -0.1892
vn 0.0400 0.9882 -0.1481
vn 0.0171 0.9880 -0.1533
vn -0.0243 0.9698 -0.2426
vn -0.0198 0.9470 -0.3207
vn -0.0142 0.9394 -0.3427
vn -0.0184 0.9629 -0.2693
vn -0.0332 0.9495 -0.3121
vn -0.0171 0.9778 -0.2087
vn -0.0455 0.9553 -0.2921
vn -0.0190 0.9926 -0.1197
vn -0.0650 0.9634 -0.2599
vn -0.0568 0.9764 -0.2084
vn -0.0173 0.9648 -0.2625
vn -0.0192 0.9632 -0.2680
vn -0.0227 0.9567 -0.2902
vn -0.0028 0.9725 -0.2327
vn 0.0136 0.9916 -0.1285
vn 0.0086 0.9896 -0.1433
vn 0.0013 0.9813 -0.1927
vn 0.0111 0.9865 -0.1632
vn 0.0231 0.9978 -0.0626
vn -0.0017 0.9867 -0.1626
vn -0.0291 0.9696 -0.2430
vn -0.0246 0.9765 -0.2140
vn -0.0407 0.9645 -0.2609
vn -0.0142 0.9955 -0.0940
vn -0.0125 0.9960 -0.0889
vn 0.0323 0.9818 0.1869
vn -0.0870 0.9838 -0.1565
vn -0.0489 0.9967 0.0642
vn -0.1357 0.9725 -0.1895
vn -0.1424 0.9618 -0.2336
vn -0.0275 0.9466 -0.3214
vn 0.0099 0.9966 -0.0814
vn -0.0120 0.9892 -0.1460
vn -0.0160 0.9851 -0.1715
vn -0.0284 0.9777 -0.2080
vn -0.0051 0.9982 -0.0598
vn -0.0159 0.9957 -0.0917
vn 0.0096 0.9976 0.0682
vn 0.0475 0.9829 0.1782
vn 0.0204 0.9998 -0.0040
vn 0.0582 0.9921 0.1111
vn -0.0106 0.9196 -0.3927
vn 0.1392 0.9871 0.0791
vn 0.1140 0.9738 -0.1968
vn -0.0459 0.9577 -0.2842
vn -0.0172 0.9944 -0.1042
vn -0.0027 0.9981 -0.0615
vn -0.0176 0.9876 -0.1563
vn -0.0205 0.9862 -0.1646
vn -0.0247 0.9812 -0.1916
vn 0.0121 0.9965 -0.0830
vn -0.0149 0.9665 -0.2563
vn 0.0740 0.9972 0.0112
vn 0.0155 0.9258 -0.3777
vn 0.1328 0.9910 -0.0182
vn 0.1484 0.9810 0.1248
vn -0.0193 0.9170 -0.3983
vn 0.0087 0.9782 -0.2077
vn -0.0618 0.9084 -0.4134
vn -0.0417 0.9713 -0.2340
vn -0.0123 0.9900 -0.1402
vn -0.0186 0.9838 -0.1785
vn -0.0021 0.9915 -0.1303
vn -0.0028 0.9909 -0.1347
vn -0.0128 0.9864 -0.1640
vn -0.0481 0.9215 -0.3854
vn 0.0051 0.9722 -0.2339
vn -0.0135 0.9368 -0.3497
vn 0.0098 0.9589 -0.2837
vn 0.0488 0.9984 -0.0285
vn -0.0622 0.9329 -0.3548
vn -0.0127 0.9994 -0.0336
vn 0.0305 0.9953 0.0922
vn -0.0072 0.9833 -0.1819
vn -0.0246 0.9721 -0.2333
vn -0.0305 0.9593 -0.2809
vn 0.0013 0.9822 -0.1880
vn -0.0061 0.9634 -0.2681
vn -0.0202 0.9876 -0.1556
vn -0.0230 0.9847 -0.1727
vn -0.0218 0.9853 -0.1693
vn -0.0262 0.9803 -0.1960
vn -0.0044 0.9912 -0.1320
vn -0.0118 0.9838 -0.1788
vn -0.0720 0.9335 -0.3512
vn -0.0355 0.9920 -0.1212
vn -0.0854 0.9607 -0.2642
vn -0.0901 0.9514 -0.2944
vn 0.0114 0.9999 -0.0025
vn 0.0114 0.9999 -0.0022
vn 0.0000 0.9994 -0.0353
vn -0.0095 0.9947 -0.1026
vn -0.0404 0.9805 -0.1924
vn -0.0461 0.9706 -0.2362
vn -0.0710 0.9489 -0.3075
vn -0.0674 0.9595 -0.2736
vn -0.0925 0.9341 -0.3448
vn -0.1028 0.8615 -0.4973
vn 0.0053 0.9981 -0.0609
vn -0.0129 0.9846 -0.1742
vn -0.0187 0.9815 -0.1903
vn -0.0228 0.9762 -0.2156
vn -0.0205 0.9777 -0.2089
vn -0.0249 0.9714 -0.2363
vn -0.0077 0.9824 -0.1865
vn 0.0035 0.9934 -0.1150
vn -0.0115 0.9873 -0.1588
vn 0.0080 0.9994 -0.0337
vn -0.0847 0.9502 -0.2999
vn -0.0521 0.9945 -0.0914
vn -0.0151 0.9998 0.0123
vn -0.0480 0.9767 -0.2090
vn -0.0106 0.9947 -0.1024
vn -0.0286 0.9710 -0.2373
vn -0.0265 0.9724 -0.2316
vn -0.0309 0.9625 -0.2695
vn -0.0237 0.9681 -0.2493
vn -0.0285 0.9530 -0.3015
vn -0.1009 0.8623 -0.4962
vn -0.0926 0.9351 -0.3421
vn -0.0209 0.9696 -0.2439
vn -0.0149 0.9781 -0.2077
vn -0.0087 0.9818 -0.1898
vn -0.0155 0.9724 -0.2326
vn -0.0160 0.9721 -0.2339
vn -0.0204 0.9650 -0.2614
vn -0.0173 0.9674 -0.2526
vn -0.0210 0.9609 -0.2761
vn 0.0228 0.9886 -0.1486
vn -0.0015 0.9522 -0.3055
vn 0.0636 0.9915 -0.1131
vn 0.0339 0.9486 -0.3146
vn 0.0646 0.9723 -0.2246
vn 0.0752 0.9861 -0.1482
vn 0.0352 0.9627 -0.2682
vn 0.0534 0.9890 -0.1377
vn 0.0158 0.9682 -0.2497
vn 0.0168 0.9699 -0.2428
vn 0.0092 0.9642 -0.2650
vn 0.0032 0.9500 -0.3122
vn 0.0141 0.9596 -0.2811
vn 0.0126 0.9553 -0.2952
vn 0.0298 0.9689 -0.2456
vn 0.0209 0.9332 -0.3589
vn 0.0014 0.9748 -0.2230
vn 0.0002 0.9729 -0.2312
vn -0.0069 0.9682 -0.2501
vn -0.0069 0.9682 -0.2499
vn -0.0085 0.9670 -0.2546
vn -0.0113 0.9622 -0.2720
vn -0.0134 0.9605 -0.2780
vn -0.0149 0.9577 -0.2874
vn -0.0150 0.9576 -0.2876
vn -0.0190 0.9494 -0.3134
vn -0.0109 0.9569 -0.2903
vn -0.0126 0.9536 -0.3007
vn -0.0006 0.9638 -0.2665
vn -0.0044 0.9567 -0.2911
vn 0.0523 0.9909 -0.1243
vn 0.0236 0.9463 -0.3225
vn 0.0800 0.9846 -0.1556
vn 0.0508 0.9291 -0.3662
vn 0.0857 0.9602 -0.2658
vn 0.0685 0.9173 -0.3922
vn 0.0963 0.9443 -0.3146
vn 0.0867 0.9157 -0.3923
vn 0.1421 0.9614 -0.2357
vn 0.1440 0.9681 -0.2051
vn 0.1158 0.9503 -0.2891
vn 0.1169 0.9562 -0.2684
vn 0.0178 0.9795 -0.2009
vn 0.0139 0.9733 -0.2291
vn 0.0052 0.9678 -0.2517
vn 0.0044 0.9665 -0.2568
vn -0.0004 0.9629 -0.2699
vn -0.0010 0.9619 -0.2734
vn -0.0055 0.9582 -0.2860
vn -0.0096 0.9500 -0.3122
vn -0.0066 0.9527 -0.3039
vn -0.0065 0.9530 -0.3029
vn -0.0136 0.9464 -0.3228
vn -0.0127 0.9481 -0.3177
vn -0.0088 0.9518 -0.3065
vn -0.0143 0.9398 -0.3414
vn 0.0009 0.9544 -0.2984
vn -0.0082 0.9342 -0.3567
vn 0.0093 0.9516 -0.3073
vn 0.0027 0.9365 -0.3506
vn 0.0091 0.9430 -0.3328
vn 0.0057 0.9344 -0.3562
vn 0.0066 0.9354 -0.3536
vn 0.0073 0.9373 -0.3485
vn 0.0030 0.9328 -0.3604
vn 0.0056 0.9402 -0.3405
vn 0.0328 0.9643 -0.2627
vn 0.0222 0.9293 -0.3687
vn 0.0378 0.9446 -0.3260
vn 0.0354 0.9295 -0.3670
vn 0.0276 0.9918 -0.1250
vn 0.0136 0.9732 -0.2296
vn 0.0139 0.9733 -0.2290
vn 0.0112 0.9689 -0.2473
vn 0.0062 0.9653 -0.2611
vn 0.0012 0.9558 -0.2939
vn 0.0044 0.9586 -0.2849
vn 0.0000 0.9497 -0.3131
vn -0.0038 0.9461 -0.3238
vn -0.0055 0.9423 -0.3347
vn 0.0011 0.9488 -0.3160
vn 0.0004 0.9472 -0.3207
vn -0.0037 0.9432 -0.3322
vn -0.0069 0.9359 -0.3523
vn -0.0069 0.9358 -0.3523
vn -0.0080 0.9332 -0.3592
vn -0.0074 0.9338 -0.3577
vn -0.0043 0.9411 -0.3380
vn -0.0053 0.9401 -0.3408
vn -0.0079 0.9339 -0.3573
vn -0.0041 0.9380 -0.3466
vn -0.0127 0.9149 -0.4034
vn -0.0029 0.9073 -0.4206
vn 0.0250 0.9381 -0.3454
vn 0.0226 0.9305 -0.3656
vn 0.0215 0.9293 -0.3687
vn 0.0258 0.9453 -0.3252
vn 0.0055 0.9249 -0.3802
vn 0.0042 0.9185 -0.3955
vn 0.0084 0.9895 -0.1443
vn -0.0146 0.9568 -0.2905
vn 0.0091 0.9747 -0.2232
vn -0.0011 0.9569 -0.2905
vn 0.0131 0.9680 -0.2505
vn 0.0099 0.9622 -0.2721
vn 0.0018 0.9555 -0.2949
vn 0.0060 0.9636 -0.2674
vn -0.0062 0.9533 -0.3020
vn -0.0096 0.9460 -0.3240
vn -0.0104 0.9453 -0.3262
vn -0.0159 0.9327 -0.3604
vn -0.0010 0.9479 -0.3185
vn -0.0117 0.9226 -0.3857
vn -0.0022 0.9332 -0.3595
vn -0.0033 0.9305 -0.3662
vn -0.0033 0.9306 -0.3661
vn -0.0006 0.9370 -0.3492
vn 0.0008 0.9385 -0.3452
vn -0.0030 0.9292 -0.3695
vn -0.0016 0.9308 -0.3655
vn -0.0020 0.9297 -0.3683
vn -0.0141 0.9157 -0.4016
vn -0.0120 0.9214 -0.3884
vn -0.0176 0.9147 -0.4036
vn -0.0143 0.9241 -0.3820
vn -0.0036 0.9359 -0.3523
vn -0.0080 0.9234 -0.3839
vn 0.0125 0.9447 -0.3276
vn 0.0038 0.9135 -0.4068
vn 0.0086 0.9188 -0.3946
vn 0.0054 0.8972 -0.4416
vn -0.0174 0.9489 -0.3150
vn -0.0148 0.9543 -0.2984
vn -0.0132 0.9558 -0.2939
vn -0.0151 0.9518 -0.3064
vn -0.0065 0.9595 -0.2816
vn -0.0125 0.9474 -0.3197
vn 0.0062 0.9639 -0.2664
vn -0.0033 0.9451 -0.3269
vn 0.0134 0.9601 -0.2793
vn 0.0024 0.9369 -0.3495
vn 0.0037 0.9382 -0.3460
vn -0.0010 0.9268 -0.3755
vn -0.0031 0.9245 -0.3812
vn -0.0120 0.9000 -0.4358
vn -0.0002 0.9149 -0.4037
vn 0.0041 0.9261 -0.3773
vn 0.0040 0.9260 -0.3775
vn 0.0148 0.9508 -0.3093
vn 0.0003 0.9365 -0.3506
vn -0.0019 0.9312 -0.3644
vn -0.0034 0.9295 -0.3688
vn -0.0069 0.9206 -0.3904
vn 0.0001 0.9286 -0.3711
vn -0.0046 0.9161 -0.4008
vn -0.0040 0.9169 -0.3992
vn -0.0035 0.9183 -0.3958
vn -0.0032 0.9187 -0.3949
vn -0.0049 0.9137 -0.4063
vn 0.0006 0.9201 -0.3917
vn -0.0042 0.9048 -0.4258
vn 0.0033 0.9137 -0.4064
vn 0.0069 0.9262 -0.3770
vn -0.0139 0.9033 -0.4288
vn -0.0065 0.9349 -0.3549
vn -0.0162 0.9376 -0.3475
vn -0.0127 0.9457 -0.3249
vn -0.0082 0.9500 -0.3122
vn -0.0067 0.9531 -0.3024
vn -0.0107 0.9494 -0.3139
vn -0.0157 0.9384 -0.3453
vn -0.0088 0.9454 -0.3257
vn -0.0176 0.9245 -0.3807
vn -0.0002 0.9433 -0.3318
vn -0.0073 0.9264 -0.3765
vn 0.0024 0.9370 -0.3494
vn -0.0001 0.9310 -0.3649
vn -0.0029 0.9280 -0.3726
vn -0.0013 0.9318 -0.3630
vn -0.0221 0.9071 -0.4202
vn -0.0104 0.9372 -0.3486
vn -0.0118 0.9357 -0.3525
vn -0.0111 0.9376 -0.3477
vn 0.0068 0.9549 -0.2968
vn -0.0032 0.9329 -0.3601
vn -0.0037 0.9323 -0.3616
vn -0.0034 0.9330 -0.3597
vn -0.0117 0.9237 -0.3829
vn -0.0071 0.9352 -0.3540
vn -0.0169 0.9242 -0.3816
vn -0.0114 0.9378 -0.3470
vn -0.0197 0.9287 -0.3703
vn -0.0151 0.9399 -0.3412
vn -0.0261 0.9278 -0.3722
vn -0.0199 0.9425 -0.3335
vn -0.0354 0.9255 -0.3770
vn -0.0267 0.9461 -0.3227
vn -0.0269 0.9459 -0.3234
vn -0.0223 0.9506 -0.3097
vn -0.0248 0.9452 -0.3256
vn -0.0130 0.9563 -0.2920
vn -0.0197 0.9424 -0.3339
vn -0.0208 0.9412 -0.3371
vn -0.0202 0.9427 -0.3331
vn -0.0301 0.9321 -0.3611
vn -0.0245 0.9450 -0.3262
vn -0.0297 0.9396 -0.3410
vn 0.0002 0.9573 -0.2892
vn 0.0002 0.9574 -0.2887
vn -0.0000 0.9573 -0.2893
vn 0.0004 0.9752 -0.2213
vn -0.0319 0.9746 -0.2217
vn -0.0316 0.9851 -0.1689
vn -0.0561 0.9840 -0.1691
vn -0.0565 0.9749 -0.2152
vn -0.0353 0.9760 -0.2150
vn -0.0356 0.9565 -0.2897
vn 0.0003 0.9604 -0.2785
vn 0.0275 0.9602 -0.2780
vn 0.0277 0.9846 -0.1726
vn -0.0295 0.9844 -0.1735
vn -0.0296 0.9802 -0.1958
vn -0.0654 0.9784 -0.1960
vn -0.0659 0.9622 -0.2643
vn -0.0477 0.9633 -0.2642
vn -0.0478 0.9559 -0.2897
vn 0.0054 0.9573 -0.2892
vn 0.0058 0.9924 -0.1230
vn 0.0042 0.9924 -0.1231
vn 0.0041 0.9809 -0.1942
vn -0.0301 0.9804 -0.1947
vn -0.0303 0.9719 -0.2334
vn -0.0802 0.9690 -0.2336
vn -0.0804 0.9649 -0.2502
vn -0.0665 0.9659 -0.2502
vn -0.0667 0.9548 -0.2898
vn 0.0002 0.9572 -0.2893
vn 0.0008 0.9943 -0.1068
vn -0.0018 0.9943 -0.1069
vn -0.0016 0.9975 -0.0703
vn -0.0534 0.9960 -0.0710
vn -0.0546 0.9841 -0.1689
vn -0.0604 0.9838 -0.1689
vn -0.0611 0.9648 -0.2557
vn -0.0778 0.9636 -0.2557
vn -0.0779 0.9599 -0.2692
vn -0.0764 0.9600 -0.2692
vn -0.0765 0.9541 -0.2897
vn 0.0007 0.9931 -0.1171
vn 0.0056 0.9931 -0.1170
vn 0.0057 0.9990 -0.0442
vn -0.0139 0.9989 -0.0444
vn -0.0143 0.9924 -0.1223
vn -0.0757 0.9895 -0.1229
vn -0.0764 0.9827 -0.1686
vn -0.1013 0.9805 -0.1686
vn -0.1024 0.9519 -0.2886
vn -0.0686 0.9549 -0.2889
vn -0.0686 0.9520 -0.2983
vn -0.0724 0.9517 -0.2983
vn -0.0724 0.9544 -0.2897
vn 0.0008 0.9926 -0.1213
vn 0.0027 0.9926 -0.1213
vn 0.0027 0.9895 -0.1442
vn 0.0530 0.9883 -0.1431
vn 0.0530 0.9892 -0.1365
vn -0.0071 0.9905 -0.1376
vn -0.0075 0.9676 -0.2526
vn -0.0371 0.9668 -0.2529
vn -0.0370 0.9690 -0.2441
vn -0.1232 0.9619 -0.2439
vn -0.1235 0.9356 -0.3308
vn -0.0525 0.9419 -0.3317
vn -0.0525 0.9424 -0.3303
vn -0.0530 0.9424 -0.3303
vn -0.0528 0.9556 -0.2897
vn 0.0007 0.9916 -0.1296
vn 0.0046 0.9916 -0.1295
vn 0.0044 0.9822 -0.1876
vn 0.0230 0.9821 -0.1872
vn 0.0229 0.9969 -0.0755
vn 0.0237 0.9969 -0.0755
vn 0.0239 0.9680 -0.2499
vn -0.0084 0.9681 -0.2506
vn -0.0085 0.9591 -0.2828
vn -0.0185 0.9590 -0.2829
vn -0.0186 0.9514 -0.3074
vn -0.1349 0.9422 -0.3068
vn -0.1349 0.9329 -0.3339
vn -0.0502 0.9409 -0.3351
vn -0.0502 0.9365 -0.3472
vn -0.0251 0.9375 -0.3471
vn -0.0249 0.9568 -0.2896
vn 0.0003 0.9603 -0.2789
vn -0.0047 0.9603 -0.2790
vn -0.0047 0.9572 -0.2893
vn 0.0007 0.9905 -0.1377
vn 0.0045 0.9905 -0.1376
vn 0.0045 0.9911 -0.1330
vn -0.0209 0.9908 -0.1335
vn -0.0207 0.9949 -0.0987
vn 0.0334 0.9947 -0.0976
vn 0.0337 0.9822 -0.1847
vn -0.0068 0.9826 -0.1856
vn -0.0070 0.9613 -0.2755
vn -0.0120 0.9612 -0.2756
vn -0.0120 0.9540 -0.2996
vn -0.0223 0.9538 -0.2997
vn -0.0223 0.9476 -0.3188
vn -0.1425 0.9374 -0.3179
vn -0.1425 0.9331 -0.3303
vn -0.0578 0.9416 -0.3316
vn -0.0578 0.9399 -0.3365
vn -0.0024 0.9418 -0.3361
vn -0.0023 0.9572 -0.2893
vn 0.0005 0.9767 -0.2146
vn -0.0300 0.9761 -0.2150
vn -0.0301 0.9744 -0.2226
vn -0.0364 0.9742 -0.2227
vn -0.0355 0.9965 -0.0761
vn -0.0282 0.9967 -0.0760
vn -0.0284 0.9937 -0.1082
vn -0.0074 0.9942 -0.1077
vn -0.0070 0.9997 -0.0235
vn -0.0553 0.9982 -0.0245
vn -0.0555 0.9978 -0.0367
vn -0.0365 0.9987 -0.0363
vn -0.0382 0.9709 -0.2365
vn -0.0258 0.9713 -0.2363
vn -0.0259 0.9563 -0.2913
vn -0.0161 0.9565 -0.2911
vn -0.0162 0.9493 -0.3140
vn -0.0246 0.9491 -0.3141
vn -0.0246 0.9445 -0.3277
vn -0.1442 0.9341 -0.3266
vn -0.1442 0.9316 -0.3337
vn -0.0585 0.9404 -0.3351
vn -0.0584 0.9537 -0.2949
vn 0.0002 0.9557 -0.2945
vn 0.0006 0.9831 -0.1831
vn -0.0142 0.9829 -0.1834
vn -0.0142 0.9787 -0.2049
vn -0.0382 0.9780 -0.2053
vn -0.0374 0.9951 -0.0914
vn -0.0285 0.9954 -0.0912
vn -0.0278 0.9995 -0.0150
vn -0.0711 0.9973 -0.0160
vn -0.0719 0.9944 -0.0777
vn 0.0180 0.9970 -0.0755
vn 0.0180 0.9885 -0.1502
vn -0.0022 0.9886 -0.1508
vn -0.0023 0.9797 -0.2004
vn -0.0546 0.9780 -0.2015
vn -0.0548 0.9725 -0.2264
vn -0.0567 0.9724 -0.2264
vn -0.0570 0.9539 -0.2947
vn -0.0256 0.9554 -0.2943
vn -0.0257 0.9488 -0.3150
vn -0.0308 0.9486 -0.3150
vn -0.0308 0.9354 -0.3523
vn -0.1358 0.9264 -0.3513
vn -0.1357 0.9229 -0.3603
vn -0.0260 0.9320 -0.3616
vn -0.0258 0.9568 -0.2896
vn 0.0006 0.9850 -0.1724
vn -0.0044 0.9850 -0.1725
vn -0.0045 0.9813 -0.1923
vn -0.0200 0.9811 -0.1926
vn -0.0191 0.9993 -0.0307
vn -0.0649 0.9974 -0.0320
vn -0.0652 0.9968 -0.0467
vn -0.0136 0.9989 -0.0453
vn -0.0141 0.9967 -0.0800
vn -0.0702 0.9942 -0.0815
vn -0.0705 0.9915 -0.1091
vn -0.0024 0.9942 -0.1073
vn -0.0029 0.9737 -0.2278
vn 0.0105 0.9738 -0.2274
vn 0.0105 0.9691 -0.2465
vn -0.0446 0.9677 -0.2481
vn -0.0445 0.9699 -0.2394
vn -0.0827 0.9672 -0.2401
vn -0.0830 0.9505 -0.2993
vn -0.0335 0.9538 -0.2987
vn -0.0336 0.9474 -0.3183
vn -0.0473 0.9468 -0.3184
vn -0.0472 0.9095 -0.4130
vn -0.1100 0.9044 -0.4123
vn -0.1105 0.9329 -0.3427
vn 0.0001 0.9393 -0.3430
vn 0.0006 0.9834 -0.1815
vn 0.0048 0.9834 -0.1814
vn 0.0048 0.9828 -0.1848
vn -0.0078 0.9827 -0.1852
vn -0.0076 0.9890 -0.1476
vn 0.0357 0.9886 -0.1464
vn 0.0358 0.9929 -0.1131
vn -0.0332 0.9928 -0.1150
vn -0.0330 0.9946 -0.0988
vn -0.0057 0.9952 -0.0980
vn -0.0065 0.9876 -0.1567
vn -0.0476 0.9863 -0.1580
vn -0.0481 0.9733 -0.2245
vn -0.0051 0.9748 -0.2231
vn -0.0052 0.9727 -0.2320
vn 0.0034 0.9728 -0.2316
vn 0.0033 0.9661 -0.2580
vn -0.0351 0.9651 -0.2593
vn -0.0353 0.9562 -0.2905
vn -0.0867 0.9526 -0.2915
vn -0.0868 0.9426 -0.3225
vn -0.0319 0.9463 -0.3216
vn -0.0320 0.9407 -0.3377
vn -0.0842 0.9373 -0.3382
vn -0.0834 0.8918 -0.4448
vn -0.0593 0.8935 -0.4451
vn -0.0596 0.9552 -0.2897
vn 0.0005 0.9798 -0.1999
vn 0.0091 0.9798 -0.1996
vn 0.0093 0.9916 -0.1286
vn -0.0212 0.9913 -0.1297
vn -0.0211 0.9922 -0.1230
vn -0.0192 0.9922 -0.1230
vn -0.0193 0.9911 -0.1319
vn 0.0440 0.9905 -0.1304
vn 0.0440 0.9895 -0.1378
vn -0.0137 0.9901 -0.1396
vn -0.0141 0.9728 -0.2313
vn 0.0280 0.9729 -0.2297
vn 0.0280 0.9736 -0.2263
vn -0.0458 0.9723 -0.2293
vn -0.0456 0.9768 -0.2093
vn -0.0164 0.9779 -0.2082
vn -0.0167 0.9702 -0.2416
vn -0.0048 0.9705 -0.2411
vn -0.0050 0.9597 -0.2811
vn -0.0391 0.9585 -0.2824
vn -0.0393 0.9412 -0.3357
vn -0.0800 0.9383 -0.3365
vn -0.0800 0.9385 -0.3358
vn -0.0333 0.9417 -0.3349
vn -0.0333 0.9219 -0.3861
vn -0.1131 0.9155 -0.3862
vn -0.1128 0.9055 -0.4090
vn -0.0002 0.9115 -0.4113
vn -0.0240 0.9432 -0.3313
vn -0.0239 0.9433 -0.3311
vn -0.0240 0.9432 -0.3315
vn -0.0240 0.9431 -0.3317
vn -0.0240 0.9430 -0.3320
vn -0.0239 0.9433 -0.3310
vn -0.0240 0.9430 -0.3318
vn -0.0239 0.9433 -0.3309
vn -0.0240 0.9433 -0.3311
vn -0.0240 0.9433 -0.3310
vn -0.0240 0.9431 -0.3316
vn -0.0240 0.9431 -0.3318
usemtl knife
s off
f 9/1/1 2/2/1 17/3/1 26/4/1
f 5/5/2 7/6/2 8/7/2 6/8/2 1/9/2 3/10/2 4/11/2 2/12/2 9/13/2 11/14/2 12/15/2 10/16/2 13/17/2 15/18/2 16/19/2 14/20/2
f 5/21/3 14/22/3 29/23/3 22/24/3
f 13/25/4 10/26/4 25/27/4 30/28/4
f 17/3/5 2/2/5 4/29/5 19/30/5
f 19/30/6 4/29/6 3/31/6 20/32/6
f 20/32/7 3/31/7 1/33/7 18/34/7
f 5/21/8 22/24/8 24/35/8 7/36/8
f 7/36/9 24/35/9 23/37/9 8/38/9
f 8/38/10 23/37/10 21/39/10 6/40/10
f 29/23/11 14/22/11 16/41/11 31/42/11
f 31/42/12 16/41/12 15/43/12 32/44/12
f 32/44/13 15/43/13 13/25/13 30/28/13
f 9/1/14 26/4/14 28/45/14 11/46/14
f 11/46/15 28/45/15 27/47/15 12/48/15
f 12/48/16 27/47/16 25/49/16 10/50/16
f 1/33/17 6/40/17 21/39/17 18/34/17
f 33/51/18 34/52/18 36/53/18 35/54/18
f 40/55/19 93/56/19 92/57/19 91/58/19 90/59/19 89/60/19 88/61/19 87/62/19 86/63/19 85/64/19 84/65/19 83/66/19 82/67/19 81/68/19 80/69/19 79/70/19 78/71/19 77/72/19 76/73/19 75/74/19 74/75/19 37/76/19 38/77/19 44/78/19
f 52/79/20 233/80/20 354/81/20
f 44/82/21 38/83/21 39/84/21 133/85/21 132/86/21 131/87/21 130/88/21 129/89/21 128/90/21 127/91/21 126/92/21 125/93/21 124/94/21 123/95/21 122/96/21 121/97/21 120/98/21 119/99/21 118/100/21 117/101/21 116/102/21 115/103/21 114/104/21 45/105/21
f 40/106/22 41/107/22 42/108/22
f 45/105/23 46/109/23 43/110/23 44/82/23
f 39/111/24 393/112/24 133/113/24
f 40/114/25 42/115/25 46/116/25 45/117/25 73/118/25 72/119/25 71/120/25 70/121/25 69/122/25 68/123/25 67/124/25 66/125/25 65/126/25 64/127/25 63/128/25 62/129/25 61/130/25 60/131/25 59/132/25 58/133/25 57/134/25 56/135/25 55/136/25 54/137/25
f 41/138/26 40/55/26 44/78/26 43/139/26
f 53/140/27 52/141/27 254/142/27 255/143/27 256/144/27 257/145/27 258/146/27 259/147/27 260/148/27 261/149/27 262/150/27 263/151/27 264/152/27 265/153/27 266/154/27 267/155/27 268/156/27 269/157/27 270/158/27 271/159/27 272/160/27 273/161/27 39/84/27 38/83/27
f 51/162/28 214/163/28 215/164/28 216/165/28 217/166/28 218/167/28 219/168/28 220/169/28 221/170/28 222/171/28 223/172/28 224/173/28 225/174/28 226/175/28 227/176/28 228/177/28 229/178/28 230/179/28 231/180/28 232/181/28 233/182/28 52/79/28 53/140/28
f 37/76/29 174/183/29 175/184/29 176/185/29 177/186/29 178/187/29 179/188/29 180/189/29 181/190/29 182/191/29 183/192/29 184/193/29 185/194/29 186/195/29 187/196/29 188/197/29 189/198/29 190/199/29 191/200/29 192/201/29 193/202/29 50/203/29 194/204/29 195/205/29 196/206/29 197/207/29 198/208/29 199/209/29 200/210/29 201/211/29 202/212/29 203/213/29 204/214/29 205/215/29 206/216/29 207/217/29 208/218/29 209/219/29 210/220/29 211/221/29 212/222/29 213/223/29 49/224/29 134/225/29 135/226/29 136/227/29 137/228/29 138/229/29 139/230/29 140/231/29 141/232/29 142/233/29 143/234/29 144/235/29 145/236/29 146/237/29 147/238/29 148/239/29 149/240/29 150/241/29 151/242/29 152/243/29 153/244/29 47/245/29 154/246/29 155/247/29 156/248/29 157/249/29 158/250/29 159/251/29 160/252/29 161/253/29 162/254/29 163/255/29 164/256/29 165/257/29 166/258/29 167/259/29 168/260/29 169/261/29 170/262/29 171/263/29 172/264/29 173/265/29 48/266/29 234/267/29 235/268/29 236/269/29 237/270/29 238/271/29 239/272/29 240/273/29 241/274/29 242/275/29 243/276/29 244/277/29 245/278/29 246/279/29 247/280/29 248/281/29 249/282/29 250/283/29 251/284/29 252/285/29 253/286/29 51/162/29 53/287/29 38/77/29
f 48/288/30 173/289/30 293/290/30
f 47/291/31 153/292/31 294/293/31
f 49/294/32 213/295/32 314/296/32
f 50/297/33 193/298/33 334/299/33
f 39/111/34 273/300/34 274/301/34
f 39/111/35 113/302/35 393/112/35
f 374/303/35 93/304/35 40/114/35
f 375/305/35 394/306/35 374/303/35
f 376/307/35 395/308/35 375/305/35
f 377/309/35 397/310/35 376/307/35
f 378/311/35 400/312/35 377/309/35
f 379/313/36 404/314/36 378/311/36
f 380/315/37 409/316/37 379/313/37
f 381/317/38 415/318/38 380/315/38
f 382/319/39 422/320/39 381/317/39
f 383/321/40 430/322/40 382/319/40
f 384/323/41 439/324/41 383/321/41
f 385/325/42 449/326/42 384/323/42
f 386/327/43 460/328/43 385/325/43
f 387/329/44 472/330/44 386/327/44
f 388/331/45 485/332/45 387/329/45
f 389/333/46 499/334/46 388/331/46
f 390/335/47 514/336/47 389/333/47
f 391/337/48 530/338/48 390/335/48
f 392/339/49 547/340/49 391/337/49
f 393/112/35 565/341/35 392/339/35
f 374/303/35 394/306/35 93/304/35
f 394/306/35 92/342/35 93/304/35
f 375/305/35 395/308/35 394/306/35
f 395/308/35 396/343/35 394/306/35
f 394/306/35 396/343/35 92/342/35
f 396/343/35 91/344/35 92/342/35
f 376/307/35 397/310/35 395/308/35
f 397/310/35 398/345/35 395/308/35
f 395/308/35 398/345/35 396/343/35
f 398/345/35 399/346/35 396/343/35
f 396/343/35 399/346/35 91/344/35
f 399/346/35 90/347/35 91/344/35
f 377/309/35 400/312/35 397/310/35
f 400/312/35 401/348/35 397/310/35
f 397/310/35 401/348/35 398/345/35
f 401/348/35 402/349/35 398/345/35
f 398/345/35 402/349/35 399/346/35
f 402/349/35 403/350/35 399/346/35
f 399/346/35 403/350/35 90/347/35
f 403/350/35 89/351/35 90/347/35
f 378/311/50 404/314/50 400/312/50
f 404/314/51 405/352/51 400/312/51
f 400/312/52 405/352/52 401/348/52
f 405/352/53 406/353/53 401/348/53
f 401/348/35 406/353/35 402/349/35
f 406/353/35 407/354/35 402/349/35
f 402/349/35 407/354/35 403/350/35
f 407/354/35 408/355/35 403/350/35
f 403/350/35 408/355/35 89/351/35
f 408/355/35 88/356/35 89/351/35
f 379/313/54 409/316/54 404/314/54
f 409/316/55 410/357/55 404/314/55
f 404/314/56 410/357/56 405/352/56
f 410/357/57 411/358/57 405/352/57
f 405/352/58 411/358/58 406/353/58
f 411/358/59 412/359/59 406/353/59
f 406/353/35 412/359/35 407/354/35
f 412/359/35 413/360/35 407/354/35
f 407/354/35 413/360/35 408/355/35
f 413/360/35 414/361/35 408/355/35
f 408/355/35 414/361/35 88/356/35
f 414/361/35 87/362/35 88/356/35
f 380/315/60 415/318/60 409/316/60
f 415/318/61 416/363/61 409/316/61
f 409/316/62 416/363/62 410/357/62
f 416/363/63 417/364/63 410/357/63
f 410/357/64 417/364/64 411/358/64
f 417/364/65 418/365/65 411/358/65
f 411/358/66 418/365/66 412/359/66
f 418/365/67 419/366/67 412/359/67
f 412/359/35 419/366/35 413/360/35
f 419/366/35 420/367/35 413/360/35
f 413/360/35 420/367/35 414/361/35
f 420/367/35 421/368/35 414/361/35
f 414/361/35 421/368/35 87/362/35
f 421/368/35 86/369/35 87/362/35
f 381/317/68 422/320/68 415/318/68
f 422/320/69 423/370/69 415/318/69
f 415/318/70 423/370/70 416/363/70
f 423/370/71 424/371/71 416/363/71
f 416/363/72 424/371/72 417/364/72
f 424/371/73 425/372/73 417/364/73
f 417/364/74 425/372/74 418/365/74
f 425/372/75 426/373/75 418/365/75
f 418/365/76 426/373/76 419/366/76
f 426/373/77 427/374/77 419/366/77
f 419/366/35 427/374/35 420/367/35
f 427/374/35 428/375/35 420/367/35
f 420/367/35 428/375/35 421/368/35
f 428/375/35 429/376/35 421/368/35
f 421/368/35 429/376/35 86/369/35
f 429/376/35 85/377/35 86/369/35
f 382/319/78 430/322/78 422/320/78
f 430/322/79 431/378/79 422/320/79
f 422/320/80 431/378/80 423/370/80
f 431/378/81 432/379/81 423/370/81
f 423/370/82 432/379/82 424/371/82
f 432/379/83 433/380/83 424/371/83
f 424/371/84 433/380/84 425/372/84
f 433/380/85 434/381/85 425/372/85
f 425/372/86 434/381/86 426/373/86
f 434/381/87 435/382/87 426/373/87
f 426/373/88 435/382/88 427/374/88
f 435/382/89 436/383/89 427/374/89
f 427/374/90 436/383/90 428/375/90
f 436/383/91 437/384/91 428/375/91
f 428/375/35 437/384/35 429/376/35
f 437/384/35 438/385/35 429/376/35
f 429/376/35 438/385/35 85/377/35
f 438/385/35 84/386/35 85/377/35
f 383/321/92 439/324/92 430/322/92
f 439/324/93 440/387/93 430/322/93
f 430/322/94 440/387/94 431/378/94
f 440/387/95 441/388/95 431/378/95
f 431/378/96 441/388/96 432/379/96
f 441/388/97 442/389/97 432/379/97
f 432/379/98 442/389/98 433/380/98
f 442/389/99 443/390/99 433/380/99
f 433/380/100 443/390/100 434/381/100
f 443/390/101 444/391/101 434/381/101
f 434/381/102 444/391/102 435/382/102
f 444/391/103 445/392/103 435/382/103
f 435/382/104 445/392/104 436/383/104
f 445/392/105 446/393/105 436/383/105
f 436/383/106 446/393/106 437/384/106
f 446/393/107 447/394/107 437/384/107
f 437/384/35 447/394/35 438/385/35
f 447/394/35 448/395/35 438/385/35
f 438/385/35 448/395/35 84/386/35
f 448/395/35 83/396/35 84/386/35
f 384/323/108 449/326/108 439/324/108
f 449/326/109 450/397/109 439/324/109
f 439/324/110 450/397/110 440/387/110
f 450/397/111 451/398/111 440/387/111
f 440/387/112 451/398/112 441/388/112
f 451/398/113 452/399/113 441/388/113
f 441/388/114 452/399/114 442/389/114
f 452/399/115 453/400/115 442/389/115
f 442/389/116 453/400/116 443/390/116
f 453/400/117 454/401/117 443/390/117
f 443/390/118 454/401/118 444/391/118
f 454/401/119 455/402/119 444/391/119
f 444/391/120 455/402/120 445/392/120
f 455/402/121 456/403/121 445/392/121
f 445/392/122 456/403/122 446/393/122
f 456/403/123 457/404/123 446/393/123
f 446/393/124 457/404/124 447/394/124
f 457/404/125 458/405/125 447/394/125
f 447/394/35 458/405/35 448/395/35
f 458/405/35 459/406/35 448/395/35
f 448/395/35 459/406/35 83/396/35
f 459/406/35 82/407/35 83/396/35
f 385/325/126 460/328/126 449/326/126
f 460/328/127 461/408/127 449/326/127
f 449/326/128 461/408/128 450/397/128
f 461/408/129 462/409/129 450/397/129
f 450/397/130 462/409/130 451/398/130
f 462/409/131 463/410/131 451/398/131
f 451/398/132 463/410/132 452/399/132
f 463/410/133 464/411/133 452/399/133
f 452/399/134 464/411/134 453/400/134
f 464/411/135 465/412/135 453/400/135
f 453/400/136 465/412/136 454/401/136
f 465/412/137 466/413/137 454/401/137
f 454/401/138 466/413/138 455/402/138
f 466/413/139 467/414/139 455/402/139
f 455/402/140 467/414/140 456/403/140
f 467/414/141 468/415/141 456/403/141
f 456/403/142 468/415/142 457/404/142
f 468/415/142 469/416/142 457/404/142
f 457/404/143 469/416/143 458/405/143
f 469/416/144 470/417/144 458/405/144
f 458/405/35 470/417/35 459/406/35
f 470/417/35 471/418/35 459/406/35
f 459/406/35 471/418/35 82/407/35
f 471/418/35 81/419/35 82/407/35
f 386/327/145 472/330/145 460/328/145
f 472/330/146 473/420/146 460/328/146
f 460/328/147 473/420/147 461/408/147
f 473/420/148 474/421/148 461/408/148
f 461/408/149 474/421/149 462/409/149
f 474/421/150 475/422/150 462/409/150
f 462/409/151 475/422/151 463/410/151
f 475/422/152 476/423/152 463/410/152
f 463/410/153 476/423/153 464/411/153
f 476/423/154 477/424/154 464/411/154
f 464/411/155 477/424/155 465/412/155
f 477/424/156 478/425/156 465/412/156
f 465/412/157 478/425/157 466/413/157
f 478/425/158 479/426/158 466/413/158
f 466/413/159 479/426/159 467/414/159
f 479/426/160 480/427/160 467/414/160
f 467/414/161 480/427/161 468/415/161
f 480/427/162 481/428/162 468/415/162
f 468/415/163 481/428/163 469/416/163
f 481/428/164 482/429/164 469/416/164
f 469/416/165 482/429/165 470/417/165
f 482/429/166 483/430/166 470/417/166
f 470/417/35 483/430/35 471/418/35
f 483/430/35 484/431/35 471/418/35
f 471/418/35 484/431/35 81/419/35
f 484/431/35 80/432/35 81/419/35
f 387/329/167 485/332/167 472/330/167
f 485/332/168 486/433/168 472/330/168
f 472/330/169 486/433/169 473/420/169
f 486/433/170 487/434/170 473/420/170
f 473/420/171 487/434/171 474/421/171
f 487/434/172 488/435/172 474/421/172
f 474/421/173 488/435/173 475/422/173
f 488/435/174 489/436/174 475/422/174
f 475/422/175 489/436/175 476/423/175
f 489/436/176 490/437/176 476/423/176
f 476/423/177 490/437/177 477/424/177
f 490/437/178 491/438/178 477/424/178
f 477/424/179 491/438/179 478/425/179
f 491/438/180 492/439/180 478/425/180
f 478/425/181 492/439/181 479/426/181
f 492/439/182 493/440/182 479/426/182
f 479/426/183 493/440/183 480/427/183
f 493/440/184 494/441/184 480/427/184
f 480/427/185 494/441/185 481/428/185
f 494/441/186 495/442/186 481/428/186
f 481/428/187 495/442/187 482/429/187
f 495/442/188 496/443/188 482/429/188
f 482/429/189 496/443/189 483/430/189
f 496/443/190 497/444/190 483/430/190
f 483/430/35 497/444/35 484/431/35
f 497/444/35 498/445/35 484/431/35
f 484/431/35 498/445/35 80/432/35
f 498/445/35 79/446/35 80/432/35
f 388/331/191 499/334/191 485/332/191
f 499/334/192 500/447/192 485/332/192
f 485/332/193 500/447/193 486/433/193
f 500/447/194 501/448/194 486/433/194
f 486/433/195 501/448/195 487/434/195
f 501/448/196 502/449/196 487/434/196
f 487/434/197 502/449/197 488/435/197
f 502/449/198 503/450/198 488/435/198
f 488/435/199 503/450/199 489/436/199
f 503/450/200 504/451/200 489/436/200
f 489/436/201 504/451/201 490/437/201
f 504/451/202 505/452/202 490/437/202
f 490/437/203 505/452/203 491/438/203
f 505/452/204 506/453/204 491/438/204
f 491/438/205 506/453/205 492/439/205
f 506/453/206 507/454/206 492/439/206
f 492/439/207 507/454/207 493/440/207
f 507/454/208 508/455/208 493/440/208
f 493/440/209 508/455/209 494/441/209
f 508/455/210 509/456/210 494/441/210
f 494/441/211 509/456/211 495/442/211
f 509/456/212 510/457/212 495/442/212
f 495/442/213 510/457/213 496/443/213
f 510/457/214 511/458/214 496/443/214
f 496/443/215 511/458/215 497/444/215
f 511/458/35 512/459/35 497/444/35
f 497/444/35 512/459/35 498/445/35
f 512/459/35 513/460/35 498/445/35
f 498/445/35 513/460/35 79/446/35
f 513/460/35 78/461/35 79/446/35
f 389/333/216 514/336/216 499/334/216
f 514/336/217 515/462/217 499/334/217
f 499/334/218 515/462/218 500/447/218
f 515/462/219 516/463/219 500/447/219
f 500/447/220 516/463/220 501/448/220
f 516/463/221 517/464/221 501/448/221
f 501/448/222 517/464/222 502/449/222
f 517/464/223 518/465/223 502/449/223
f 502/449/224 518/465/224 503/450/224
f 518/465/225 519/466/225 503/450/225
f 503/450/226 519/466/226 504/451/226
f 519/466/227 520/467/227 504/451/227
f 504/451/228 520/467/228 505/452/228
f 520/467/229 521/468/229 505/452/229
f 505/452/230 521/468/230 506/453/230
f 521/468/231 522/469/231 506/453/231
f 506/453/232 522/469/232 507/454/232
f 522/469/233 523/470/233 507/454/233
f 507/454/234 523/470/234 508/455/234
f 523/470/235 524/471/235 508/455/235
f 508/455/236 524/471/236 509/456/236
f 524/471/237 525/472/237 509/456/237
f 509/456/238 525/472/238 510/457/238
f 525/472/239 526/473/239 510/457/239
f 510/457/35 526/473/35 511/458/35
f 526/473/35 527/474/35 511/458/35
f 511/458/35 527/474/35 512/459/35
f 527/474/35 528/475/35 512/459/35
f 512/459/35 528/475/35 513/460/35
f 528/475/35 529/476/35 513/460/35
f 513/460/35 529/476/35 78/461/35
f 529/476/35 77/477/35 78/461/35
f 390/335/240 530/338/240 514/336/240
f 530/338/241 531/478/241 514/336/241
f 514/336/242 531/478/242 515/462/242
f 531/478/243 532/479/243 515/462/243
f 515/462/244 532/479/244 516/463/244
f 532/479/245 533/480/245 516/463/245
f 516/463/246 533/480/246 517/464/246
f 533/480/247 534/481/247 517/464/247
f 517/464/248 534/481/248 518/465/248
f 534/481/249 535/482/249 518/465/249
f 518/465/250 535/482/250 519/466/250
f 535/482/251 536/483/251 519/466/251
f 519/466/252 536/483/252 520/467/252
f 536/483/253 537/484/253 520/467/253
f 520/467/254 537/484/254 521/468/254
f 537/484/255 538/485/255 521/468/255
f 521/468/256 538/485/256 522/469/256
f 538/485/257 539/486/257 522/469/257
f 522/469/258 539/486/258 523/470/258
f 539/486/259 540/487/259 523/470/259
f 523/470/260 540/487/260 524/471/260
f 540/487/261 541/488/261 524/471/261
f 524/471/262 541/488/262 525/472/262
f 541/488/263 542/489/263 525/472/263
f 525/472/264 542/489/264 526/473/264
f 542/489/265 543/490/265 526/473/265
f 526/473/35 543/490/35 527/474/35
f 543/490/35 544/491/35 527/474/35
f 527/474/35 544/491/35 528/475/35
f 544/491/35 545/492/35 528/475/35
f 528/475/35 545/492/35 529/476/35
f 545/492/35 546/493/35 529/476/35
f 529/476/35 546/493/35 77/477/35
f 546/493/35 76/494/35 77/477/35
f 391/337/266 547/340/266 530/338/266
f 547/340/267 548/495/267 530/338/267
f 530/338/268 548/495/268 531/478/268
f 548/495/269 549/496/269 531/478/269
f 531/478/270 549/496/270 532/479/270
f 549/496/271 550/497/271 532/479/271
f 532/479/272 550/497/272 533/480/272
f 550/497/273 551/498/273 533/480/273
f 533/480/274 551/498/274 534/481/274
f 551/498/275 552/499/275 534/481/275
f 534/481/276 552/499/276 535/482/276
f 552/499/277 553/500/277 535/482/277
f 535/482/278 553/500/278 536/483/278
f 553/500/279 554/501/279 536/483/279
f 536/483/280 554/501/280 537/484/280
f 554/501/281 555/502/281 537/484/281
f 537/484/282 555/502/282 538/485/282
f 555/502/283 556/503/283 538/485/283
f 538/485/284 556/503/284 539/486/284
f 556/503/285 557/504/285 539/486/285
f 539/486/286 557/504/286 540/487/286
f 557/504/287 558/505/287 540/487/287
f 540/487/288 558/505/288 541/488/288
f 558/505/289 559/506/289 541/488/289
f 541/488/290 559/506/290 542/489/290
f 559/506/291 560/507/291 542/489/291
f 542/489/292 560/507/292 543/490/292
f 560/507/293 561/508/293 543/490/293
f 543/490/35 561/508/35 544/491/35
f 561/508/35 562/509/35 544/491/35
f 544/491/35 562/509/35 545/492/35
f 562/509/35 563/510/35 545/492/35
f 545/492/35 563/510/35 546/493/35
f 563/510/35 564/511/35 546/493/35
f 546/493/35 564/511/35 76/494/35
f 564/511/35 75/512/35 76/494/35
f 392/339/294 565/341/294 547/340/294
f 565/341/295 566/513/295 547/340/295
f 547/340/296 566/513/296 548/495/296
f 566/513/297 567/514/297 548/495/297
f 548/495/298 567/514/298 549/496/298
f 567/514/299 568/515/299 549/496/299
f 549/496/300 568/515/300 550/497/300
f 568/515/301 569/516/301 550/497/301
f 550/497/302 569/516/302 551/498/302
f 569/516/303 570/517/303 551/498/303
f 551/498/304 570/517/304 552/499/304
f 570/517/305 571/518/305 552/499/305
f 552/499/306 571/518/306 553/500/306
f 571/518/307 572/519/307 553/500/307
f 553/500/308 572/519/308 554/501/308
f 572/519/309 573/520/309 554/501/309
f 554/501/310 573/520/310 555/502/310
f 573/520/311 574/521/311 555/502/311
f 555/502/312 574/521/312 556/503/312
f 574/521/313 575/522/313 556/503/313
f 556/503/314 575/522/314 557/504/314
f 575/522/315 576/523/315 557/504/315
f 557/504/316 576/523/316 558/505/316
f 576/523/317 577/524/317 558/505/317
f 558/505/318 577/524/318 559/506/318
f 577/524/319 578/525/319 559/506/319
f 559/506/320 578/525/320 560/507/320
f 578/525/321 579/526/321 560/507/321
f 560/507/322 579/526/322 561/508/322
f 579/526/323 580/527/323 561/508/323
f 561/508/35 580/527/35 562/509/35
f 580/527/35 581/528/35 562/509/35
f 562/509/324 581/528/324 563/510/324
f 581/528/35 582/529/35 563/510/35
f 563/510/35 582/529/35 564/511/35
f 582/529/324 583/530/324 564/511/324
f 564/511/35 583/530/35 75/512/35
f 583/530/35 74/531/35 75/512/35
f 393/112/35 113/302/35 565/341/35
f 113/302/35 112/532/35 565/341/35
f 565/341/325 112/532/325 566/513/325
f 112/532/326 111/533/326 566/513/326
f 566/513/327 111/533/327 567/514/327
f 111/533/328 110/534/328 567/514/328
f 567/514/329 110/534/329 568/515/329
f 110/534/330 109/535/330 568/515/330
f 568/515/331 109/535/331 569/516/331
f 109/535/332 108/536/332 569/516/332
f 569/516/333 108/536/333 570/517/333
f 108/536/334 107/537/334 570/517/334
f 570/517/335 107/537/335 571/518/335
f 107/537/336 106/538/336 571/518/336
f 571/518/337 106/538/337 572/519/337
f 106/538/338 105/539/338 572/519/338
f 572/519/339 105/539/339 573/520/339
f 105/539/340 104/540/340 573/520/340
f 573/520/341 104/540/341 574/521/341
f 104/540/342 103/541/342 574/521/342
f 574/521/343 103/541/343 575/522/343
f 103/541/344 102/542/344 575/522/344
f 575/522/345 102/542/345 576/523/345
f 102/542/346 101/543/346 576/523/346
f 576/523/347 101/543/347 577/524/347
f 101/543/348 100/544/348 577/524/348
f 577/524/349 100/544/349 578/525/349
f 100/544/350 99/545/350 578/525/350
f 578/525/351 99/545/351 579/526/351
f 99/545/352 98/546/352 579/526/352
f 579/526/353 98/546/353 580/527/353
f 98/546/354 97/547/354 580/527/354
f 580/527/35 97/547/35 581/528/35
f 97/547/35 96/548/35 581/528/35
f 581/528/35 96/548/35 582/529/35
f 96/548/35 95/549/35 582/529/35
f 582/529/35 95/549/35 583/530/35
f 95/549/35 94/550/35 583/530/35
f 583/530/35 94/550/35 74/531/35
f 94/550/324 37/551/324 74/531/324
f 293/290/34 373/552/34 48/288/34
f 292/553/34 584/554/34 293/290/34
f 291/555/355 585/556/355 292/553/355
f 290/557/356 587/558/356 291/555/356
f 289/559/357 590/560/357 290/557/357
f 288/561/358 594/562/358 289/559/358
f 287/563/359 599/564/359 288/561/359
f 286/565/360 605/566/360 287/563/360
f 285/567/361 612/568/361 286/565/361
f 284/569/362 620/570/362 285/567/362
f 283/571/363 629/572/363 284/569/363
f 282/573/364 639/574/364 283/571/364
f 281/575/365 650/576/365 282/573/365
f 280/577/34 662/578/34 281/575/34
f 279/579/34 675/580/34 280/577/34
f 278/581/34 689/582/34 279/579/34
f 277/583/34 704/584/34 278/581/34
f 276/585/34 720/586/34 277/583/34
f 275/587/34 737/588/34 276/585/34
f 274/301/34 755/589/34 275/587/34
f 293/290/34 584/554/34 373/552/34
f 584/554/34 372/590/34 373/552/34
f 292/553/34 585/556/34 584/554/34
f 585/556/34 586/591/34 584/554/34
f 584/554/34 586/591/34 372/590/34
f 586/591/34 371/592/34 372/590/34
f 291/555/366 587/558/366 585/556/366
f 587/558/367 588/593/367 585/556/367
f 585/556/34 588/593/34 586/591/34
f 588/593/34 589/594/34 586/591/34
f 586/591/34 589/594/34 371/592/34
f 589/594/34 370/595/34 371/592/34
f 290/557/368 590/560/368 587/558/368
f 590/560/369 591/596/369 587/558/369
f 587/558/370 591/596/370 588/593/370
f 591/596/371 592/597/371 588/593/371
f 588/593/34 592/597/34 589/594/34
f 592/597/34 593/598/34 589/594/34
f 589/594/34 593/598/34 370/595/34
f 593/598/34 369/599/34 370/595/34
f 289/559/372 594/562/372 590/560/372
f 594/562/373 595/600/373 590/560/373
f 590/560/374 595/600/374 591/596/374
f 595/600/375 596/601/375 591/596/375
f 591/596/376 596/601/376 592/597/376
f 596/601/377 597/602/377 592/597/377
f 592/597/34 597/602/34 593/598/34
f 597/602/34 598/603/34 593/598/34
f 593/598/34 598/603/34 369/599/34
f 598/603/34 368/604/34 369/599/34
f 288/561/378 599/564/378 594/562/378
f 599/564/34 600/605/34 594/562/34
f 594/562/34 600/605/34 595/600/34
f 600/605/34 601/606/34 595/600/34
f 595/600/379 601/606/379 596/601/379
f 601/606/380 602/607/380 596/601/380
f 596/601/381 602/607/381 597/602/381
f 602/607/382 603/608/382 597/602/382
f 597/602/34 603/608/34 598/603/34
f 603/608/34 604/609/34 598/603/34
f 598/603/34 604/609/34 368/604/34
f 604/609/34 367/610/34 368/604/34
f 287/563/383 605/566/383 599/564/383
f 605/566/384 606/611/384 599/564/384
f 599/564/34 606/611/34 600/605/34
f 606/611/34 607/612/34 600/605/34
f 600/605/34 607/612/34 601/606/34
f 607/612/34 608/613/34 601/606/34
f 601/606/385 608/613/385 602/607/385
f 608/613/386 609/614/386 602/607/386
f 602/607/387 609/614/387 603/608/387
f 609/614/34 610/615/34 603/608/34
f 603/608/34 610/615/34 604/609/34
f 610/615/34 611/616/34 604/609/34
f 604/609/34 611/616/34 367/610/34
f 611/616/34 366/617/34 367/610/34
f 286/565/388 612/568/388 605/566/388
f 612/568/389 613/618/389 605/566/389
f 605/566/390 613/618/390 606/611/390
f 613/618/391 614/619/391 606/611/391
f 606/611/34 614/619/34 607/612/34
f 614/619/34 615/620/34 607/612/34
f 607/612/34 615/620/34 608/613/34
f 615/620/34 616/621/34 608/613/34
f 608/613/34 616/621/34 609/614/34
f 616/621/34 617/622/34 609/614/34
f 609/614/34 617/622/34 610/615/34
f 617/622/34 618/623/34 610/615/34
f 610/615/34 618/623/34 611/616/34
f 618/623/34 619/624/34 611/616/34
f 611/616/34 619/624/34 366/617/34
f 619/624/34 365/625/34 366/617/34
f 285/567/392 620/570/392 612/568/392
f 620/570/393 621/626/393 612/568/393
f 612/568/394 621/626/394 613/618/394
f 621/626/395 622/627/395 613/618/395
f 613/618/396 622/627/396 614/619/396
f 622/627/397 623/628/397 614/619/397
f 614/619/34 623/628/34 615/620/34
f 623/628/34 624/629/34 615/620/34
f 615/620/34 624/629/34 616/621/34
f 624/629/34 625/630/34 616/621/34
f 616/621/34 625/630/34 617/622/34
f 625/630/34 626/631/34 617/622/34
f 617/622/34 626/631/34 618/623/34
f 626/631/34 627/632/34 618/623/34
f 618/623/34 627/632/34 619/624/34
f 627/632/34 628/633/34 619/624/34
f 619/624/34 628/633/34 365/625/34
f 628/633/34 364/634/34 365/625/34
f 284/569/398 629/572/398 620/570/398
f 629/572/399 630/635/399 620/570/399
f 620/570/400 630/635/400 621/626/400
f 630/635/401 631/636/401 621/626/401
f 621/626/402 631/636/402 622/627/402
f 631/636/403 632/637/403 622/627/403
f 622/627/404 632/637/404 623/628/404
f 632/637/34 633/638/34 623/628/34
f 623/628/34 633/638/34 624/629/34
f 633/638/34 634/639/34 624/629/34
f 624/629/34 634/639/34 625/630/34
f 634/639/34 635/640/34 625/630/34
f 625/630/34 635/640/34 626/631/34
f 635/640/34 636/641/34 626/631/34
f 626/631/34 636/641/34 627/632/34
f 636/641/34 637/642/34 627/632/34
f 627/632/34 637/642/34 628/633/34
f 637/642/34 638/643/34 628/633/34
f 628/633/34 638/643/34 364/634/34
f 638/643/34 363/644/34 364/634/34
f 283/571/405 639/574/405 629/572/405
f 639/574/406 640/645/406 629/572/406
f 629/572/407 640/645/407 630/635/407
f 640/645/408 641/646/408 630/635/408
f 630/635/409 641/646/409 631/636/409
f 641/646/410 642/647/410 631/636/410
f 631/636/411 642/647/411 632/637/411
f 642/647/412 643/648/412 632/637/412
f 632/637/34 643/648/34 633/638/34
f 643/648/34 644/649/34 633/638/34
f 633/638/34 644/649/34 634/639/34
f 644/649/34 645/650/34 634/639/34
f 634/639/34 645/650/34 635/640/34
f 645/650/34 646/651/34 635/640/34
f 635/640/34 646/651/34 636/641/34
f 646/651/34 647/652/34 636/641/34
f 636/641/34 647/652/34 637/642/34
f 647/652/34 648/653/34 637/642/34
f 637/642/34 648/653/34 638/643/34
f 648/653/34 649/654/34 638/643/34
f 638/643/34 649/654/34 363/644/34
f 649/654/34 362/655/34 363/644/34
f 282/573/413 650/576/413 639/574/413
f 650/576/414 651/656/414 639/574/414
f 639/574/415 651/656/415 640/645/415
f 651/656/416 652/657/416 640/645/416
f 640/645/417 652/657/417 641/646/417
f 652/657/418 653/658/418 641/646/418
f 641/646/419 653/658/419 642/647/419
f 653/658/420 654/659/420 642/647/420
f 642/647/421 654/659/421 643/648/421
f 654/659/422 655/660/422 643/648/422
f 643/648/34 655/660/34 644/649/34
f 655/660/34 656/661/34 644/649/34
f 644/649/34 656/661/34 645/650/34
f 656/661/34 657/662/34 645/650/34
f 645/650/34 657/662/34 646/651/34
f 657/662/34 658/663/34 646/651/34
f 646/651/34 658/663/34 647/652/34
f 658/663/34 659/664/34 647/652/34
f 647/652/34 659/664/34 648/653/34
f 659/664/34 660/665/34 648/653/34
f 648/653/34 660/665/34 649/654/34
f 660/665/34 661/666/34 649/654/34
f 649/654/34 661/666/34 362/655/34
f 661/666/34 361/667/34 362/655/34
f 281/575/34 662/578/34 650/576/34
f 662/578/34 663/668/34 650/576/34
f 650/576/423 663/668/423 651/656/423
f 663/668/424 664/669/424 651/656/424
f 651/656/425 664/669/425 652/657/425
f 664/669/34 665/670/34 652/657/34
f 652/657/426 665/670/426 653/658/426
f 665/670/427 666/671/427 653/658/427
f 653/658/428 666/671/428 654/659/428
f 666/671/429 667/672/429 654/659/429
f 654/659/430 667/672/430 655/660/430
f 667/672/431 668/673/431 655/660/431
f 655/660/34 668/673/34 656/661/34
f 668/673/34 669/674/34 656/661/34
f 656/661/34 669/674/34 657/662/34
f 669/674/34 670/675/34 657/662/34
f 657/662/34 670/675/34 658/663/34
f 670/675/34 671/676/34 658/663/34
f 658/663/34 671/676/34 659/664/34
f 671/676/34 672/677/34 659/664/34
f 659/664/34 672/677/34 660/665/34
f 672/677/34 673/678/34 660/665/34
f 660/665/34 673/678/34 661/666/34
f 673/678/34 674/679/34 661/666/34
f 661/666/34 674/679/34 361/667/34
f 674/679/34 360/680/34 361/667/34
f 280/577/34 675/580/34 662/578/34
f 675/580/34 676/681/34 662/578/34
f 662/578/34 676/681/34 663/668/34
f 676/681/34 677/682/34 663/668/34
f 663/668/34 677/682/34 664/669/34
f 677/682/34 678/683/34 664/669/34
f 664/669/34 678/683/34 665/670/34
f 678/683/34 679/684/34 665/670/34
f 665/670/34 679/684/34 666/671/34
f 679/684/34 680/685/34 666/671/34
f 666/671/432 680/685/432 667/672/432
f 680/685/433 681/686/433 667/672/433
f 667/672/434 681/686/434 668/673/434
f 681/686/34 682/687/34 668/673/34
f 668/673/34 682/687/34 669/674/34
f 682/687/34 683/688/34 669/674/34
f 669/674/34 683/688/34 670/675/34
f 683/688/34 684/689/34 670/675/34
f 670/675/34 684/689/34 671/676/34
f 684/689/34 685/690/34 671/676/34
f 671/676/34 685/690/34 672/677/34
f 685/690/34 686/691/34 672/677/34
f 672/677/34 686/691/34 673/678/34
f 686/691/34 687/692/34 673/678/34
f 673/678/34 687/692/34 674/679/34
f 687/692/34 688/693/34 674/679/34
f 674/679/34 688/693/34 360/680/34
f 688/693/34 359/694/34 360/680/34
f 279/579/34 689/582/34 675/580/34
f 689/582/34 690/695/34 675/580/34
f 675/580/34 690/695/34 676/681/34
f 690/695/34 691/696/34 676/681/34
f 676/681/34 691/696/34 677/682/34
f 691/696/34 692/697/34 677/682/34
f 677/682/34 692/697/34 678/683/34
f 692/697/34 693/698/34 678/683/34
f 678/683/34 693/698/34 679/684/34
f 693/698/34 694/699/34 679/684/34
f 679/684/34 694/699/34 680/685/34
f 694/699/34 695/700/34 680/685/34
f 680/685/34 695/700/34 681/686/34
f 695/700/34 696/701/34 681/686/34
f 681/686/34 696/701/34 682/687/34
f 696/701/34 697/702/34 682/687/34
f 682/687/34 697/702/34 683/688/34
f 697/702/34 698/703/34 683/688/34
f 683/688/34 698/703/34 684/689/34
f 698/703/34 699/704/34 684/689/34
f 684/689/34 699/704/34 685/690/34
f 699/704/34 700/705/34 685/690/34
f 685/690/34 700/705/34 686/691/34
f 700/705/34 701/706/34 686/691/34
f 686/691/34 701/706/34 687/692/34
f 701/706/34 702/707/34 687/692/34
f 687/692/34 702/707/34 688/693/34
f 702/707/34 703/708/34 688/693/34
f 688/693/34 703/708/34 359/694/34
f 703/708/34 358/709/34 359/694/34
f 278/581/34 704/584/34 689/582/34
f 704/584/34 705/710/34 689/582/34
f 689/582/34 705/710/34 690/695/34
f 705/710/34 706/711/34 690/695/34
f 690/695/34 706/711/34 691/696/34
f 706/711/34 707/712/34 691/696/34
f 691/696/34 707/712/34 692/697/34
f 707/712/34 708/713/34 692/697/34
f 692/697/34 708/713/34 693/698/34
f 708/713/34 709/714/34 693/698/34
f 693/698/34 709/714/34 694/699/34
f 709/714/34 710/715/34 694/699/34
f 694/699/34 710/715/34 695/700/34
f 710/715/34 711/716/34 695/700/34
f 695/700/34 711/716/34 696/701/34
f 711/716/34 712/717/34 696/701/34
f 696/701/34 712/717/34 697/702/34
f 712/717/34 713/718/34 697/702/34
f 697/702/34 713/718/34 698/703/34
f 713/718/34 714/719/34 698/703/34
f 698/703/34 714/719/34 699/704/34
f 714/719/34 715/720/34 699/704/34
f 699/704/34 715/720/34 700/705/34
f 715/720/34 716/721/34 700/705/34
f 700/705/34 716/721/34 701/706/34
f 716/721/34 717/722/34 701/706/34
f 701/706/34 717/722/34 702/707/34
f 717/722/34 718/723/34 702/707/34
f 702/707/34 718/723/34 703/708/34
f 718/723/34 719/724/34 703/708/34
f 703/708/34 719/724/34 358/709/34
f 719/724/34 357/725/34 358/709/34
f 277/583/34 720/586/34 704/584/34
f 720/586/34 721/726/34 704/584/34
f 704/584/34 721/726/34 705/710/34
f 721/726/34 722/727/34 705/710/34
f 705/710/34 722/727/34 706/711/34
f 722/727/34 723/728/34 706/711/34
f 706/711/34 723/728/34 707/712/34
f 723/728/34 724/729/34 707/712/34
f 707/712/34 724/729/34 708/713/34
f 724/729/34 725/730/34 708/713/34
f 708/713/34 725/730/34 709/714/34
f 725/730/34 726/731/34 709/714/34
f 709/714/34 726/731/34 710/715/34
f 726/731/34 727/732/34 710/715/34
f 710/715/34 727/732/34 711/716/34
f 727/732/34 728/733/34 711/716/34
f 711/716/34 728/733/34 712/717/34
f 728/733/34 729/734/34 712/717/34
f 712/717/34 729/734/34 713/718/34
f 729/734/34 730/735/34 713/718/34
f 713/718/34 730/735/34 714/719/34
f 730/735/34 731/736/34 714/719/34
f 714/719/34 731/736/34 715/720/34
f 731/736/34 732/737/34 715/720/34
f 715/720/34 732/737/34 716/721/34
f 732/737/34 733/738/34 716/721/34
f 716/721/34 733/738/34 717/722/34
f 733/738/34 734/739/34 717/722/34
f 717/722/34 734/739/34 718/723/34
f 734/739/34 735/740/34 718/723/34
f 718/723/34 735/740/34 719/724/34
f 735/740/34 736/741/34 719/724/34
f 719/724/34 736/741/34 357/725/34
f 736/741/34 356/742/34 357/725/34
f 276/585/34 737/588/34 720/586/34
f 737/588/34 738/743/34 720/586/34
f 720/586/34 738/743/34 721/726/34
f 738/743/34 739/744/34 721/726/34
f 721/726/34 739/744/34 722/727/34
f 739/744/34 740/745/34 722/727/34
f 722/727/34 740/745/34 723/728/34
f 740/745/34 741/746/34 723/728/34
f 723/728/34 741/746/34 724/729/34
f 741/746/34 742/747/34 724/729/34
f 724/729/34 742/747/34 725/730/34
f 742/747/34 743/748/34 725/730/34
f 725/730/34 743/748/34 726/731/34
f 743/748/34 744/749/34 726/731/34
f 726/731/34 744/749/34 727/732/34
f 744/749/34 745/750/34 727/732/34
f 727/732/34 745/750/34 728/733/34
f 745/750/34 746/751/34 728/733/34
f 728/733/34 746/751/34 729/734/34
f 746/751/34 747/752/34 729/734/34
f 729/734/34 747/752/34 730/735/34
f 747/752/34 748/753/34 730/735/34
f 730/735/34 748/753/34 731/736/34
f 748/753/34 749/754/34 731/736/34
f 731/736/34 749/754/34 732/737/34
f 749/754/34 750/755/34 732/737/34
f 732/737/34 750/755/34 733/738/34
f 750/755/34 751/756/34 733/738/34
f 733/738/34 751/756/34 734/739/34
f 751/756/34 752/757/34 734/739/34
f 734/739/34 752/757/34 735/740/34
f 752/757/34 753/758/34 735/740/34
f 735/740/34 753/758/34 736/741/34
f 753/758/34 754/759/34 736/741/34
f 736/741/34 754/759/34 356/742/34
f 754/759/34 355/760/34 356/742/34
f 275/587/34 755/589/34 737/588/34
f 755/589/34 756/761/34 737/588/34
f 737/588/34 756/761/34 738/743/34
f 756/761/34 757/762/34 738/743/34
f 738/743/34 757/762/34 739/744/34
f 757/762/34 758/763/34 739/744/34
f 739/744/34 758/763/34 740/745/34
f 758/763/34 759/764/34 740/745/34
f 740/745/34 759/764/34 741/746/34
f 759/764/34 760/765/34 741/746/34
f 741/746/34 760/765/34 742/747/34
f 760/765/34 761/766/34 742/747/34
f 742/747/34 761/766/34 743/748/34
f 761/766/34 762/767/34 743/748/34
f 743/748/34 762/767/34 744/749/34
f 762/767/34 763/768/34 744/749/34
f 744/749/34 763/768/34 745/750/34
f 763/768/34 764/769/34 745/750/34
f 745/750/34 764/769/34 746/751/34
f 764/769/34 765/770/34 746/751/34
f 746/751/34 765/770/34 747/752/34
f 765/770/34 766/771/34 747/752/34
f 747/752/34 766/771/34 748/753/34
f 766/771/34 767/772/34 748/753/34
f 748/753/34 767/772/34 749/754/34
f 767/772/34 768/773/34 749/754/34
f 749/754/34 768/773/34 750/755/34
f 768/773/34 769/774/34 750/755/34
f 750/755/34 769/774/34 751/756/34
f 769/774/34 770/775/34 751/756/34
f 751/756/34 770/775/34 752/757/34
f 770/775/34 771/776/34 752/757/34
f 752/757/34 771/776/34 753/758/34
f 771/776/34 772/777/34 753/758/34
f 753/758/34 772/777/34 754/759/34
f 772/777/34 773/778/34 754/759/34
f 754/759/34 773/778/34 355/760/34
f 773/778/34 354/81/34 355/760/34
f 274/301/34 273/300/34 755/589/34
f 273/300/34 272/779/34 755/589/34
f 755/589/34 272/779/34 756/761/34
f 272/779/34 271/780/34 756/761/34
f 756/761/34 271/780/34 757/762/34
f 271/780/34 270/781/34 757/762/34
f 757/762/34 270/781/34 758/763/34
f 270/781/34 269/782/34 758/763/34
f 758/763/34 269/782/34 759/764/34
f 269/782/34 268/783/34 759/764/34
f 759/764/34 268/783/34 760/765/34
f 268/783/34 267/784/34 760/765/34
f 760/765/34 267/784/34 761/766/34
f 267/784/34 266/785/34 761/766/34
f 761/766/34 266/785/34 762/767/34
f 266/785/34 265/786/34 762/767/34
f 762/767/34 265/786/34 763/768/34
f 265/786/34 264/787/34 763/768/34
f 763/768/34 264/787/34 764/769/34
f 264/787/34 263/788/34 764/769/34
f 764/769/34 263/788/34 765/770/34
f 263/788/34 262/789/34 765/770/34
f 765/770/34 262/789/34 766/771/34
f 262/789/34 261/790/34 766/771/34
f 766/771/34 261/790/34 767/772/34
f 261/790/34 260/791/34 767/772/34
f 767/772/34 260/791/34 768/773/34
f 260/791/34 259/792/34 768/773/34
f 768/773/34 259/792/34 769/774/34
f 259/792/34 258/793/34 769/774/34
f 769/774/34 258/793/34 770/775/34
f 258/793/34 257/794/34 770/775/34
f 770/775/34 257/794/34 771/776/34
f 257/794/34 256/795/34 771/776/34
f 771/776/34 256/795/34 772/777/34
f 256/795/34 255/796/34 772/777/34
f 772/777/34 255/796/34 773/778/34
f 255/796/34 254/797/34 773/778/34
f 773/778/34 254/797/34 354/81/34
f 254/797/34 52/79/34 354/81/34
f 353/798/33 113/302/33 39/111/33
f 352/799/33 774/800/33 353/798/33
f 351/801/435 775/802/435 352/799/435
f 350/803/436 777/804/436 351/801/436
f 349/805/437 780/806/437 350/803/437
f 348/807/438 784/808/438 349/805/438
f 347/809/439 789/810/439 348/807/439
f 346/811/440 795/812/440 347/809/440
f 345/813/441 802/814/441 346/811/441
f 344/815/442 810/816/442 345/813/442
f 343/817/443 819/818/443 344/815/443
f 342/819/444 829/820/444 343/817/444
f 341/821/445 840/822/445 342/819/445
f 340/823/446 852/824/446 341/821/446
f 339/825/447 865/826/447 340/823/447
f 338/827/33 879/828/33 339/825/33
f 337/829/33 894/830/33 338/827/33
f 336/831/33 910/832/33 337/829/33
f 335/833/33 927/834/33 336/831/33
f 334/299/33 945/835/33 335/833/33
f 353/798/33 774/800/33 113/302/33
f 774/800/33 112/532/33 113/302/33
f 352/799/448 775/802/448 774/800/448
f 775/802/449 776/836/449 774/800/449
f 774/800/450 776/836/450 112/532/450
f 776/836/451 111/533/451 112/532/451
f 351/801/452 777/804/452 775/802/452
f 777/804/453 778/837/453 775/802/453
f 775/802/454 778/837/454 776/836/454
f 778/837/455 779/838/455 776/836/455
f 776/836/456 779/838/456 111/533/456
f 779/838/457 110/534/457 111/533/457
f 350/803/458 780/806/458 777/804/458
f 780/806/459 781/839/459 777/804/459
f 777/804/460 781/839/460 778/837/460
f 781/839/461 782/840/461 778/837/461
f 778/837/462 782/840/462 779/838/462
f 782/840/463 783/841/463 779/838/463
f 779/838/464 783/841/464 110/534/464
f 783/841/465 109/535/465 110/534/465
f 349/805/466 784/808/466 780/806/466
f 784/808/467 785/842/467 780/806/467
f 780/806/468 785/842/468 781/839/468
f 785/842/469 786/843/469 781/839/469
f 781/839/470 786/843/470 782/840/470
f 786/843/471 787/844/471 782/840/471
f 782/840/472 787/844/472 783/841/472
f 787/844/473 788/845/473 783/841/473
f 783/841/474 788/845/474 109/535/474
f 788/845/475 108/536/475 109/535/475
f 348/807/476 789/810/476 784/808/476
f 789/810/477 790/846/477 784/808/477
f 784/808/478 790/846/478 785/842/478
f 790/846/479 791/847/479 785/842/479
f 785/842/480 791/847/480 786/843/480
f 791/847/481 792/848/481 786/843/481
f 786/843/482 792/848/482 787/844/482
f 792/848/483 793/849/483 787/844/483
f 787/844/484 793/849/484 788/845/484
f 793/849/485 794/850/485 788/845/485
f 788/845/486 794/850/486 108/536/486
f 794/850/487 107/537/487 108/536/487
f 347/809/488 795/812/488 789/810/488
f 795/812/489 796/851/489 789/810/489
f 789/810/490 796/851/490 790/846/490
f 796/851/491 797/852/491 790/846/491
f 790/846/492 797/852/492 791/847/492
f 797/852/493 798/853/493 791/847/493
f 791/847/494 798/853/494 792/848/494
f 798/853/495 799/854/495 792/848/495
f 792/848/496 799/854/496 793/849/496
f 799/854/497 800/855/497 793/849/497
f 793/849/498 800/855/498 794/850/498
f 800/855/499 801/856/499 794/850/499
f 794/850/500 801/856/500 107/537/500
f 801/856/336 106/538/336 107/537/336
f 346/811/501 802/814/501 795/812/501
f 802/814/502 803/857/502 795/812/502
f 795/812/503 803/857/503 796/851/503
f 803/857/504 804/858/504 796/851/504
f 796/851/505 804/858/505 797/852/505
f 804/858/506 805/859/506 797/852/506
f 797/852/507 805/859/507 798/853/507
f 805/859/508 806/860/508 798/853/508
f 798/853/509 806/860/509 799/854/509
f 806/860/510 807/861/510 799/854/510
f 799/854/511 807/861/511 800/855/511
f 807/861/512 808/862/512 800/855/512
f 800/855/513 808/862/513 801/856/513
f 808/862/514 809/863/514 801/856/514
f 801/856/515 809/863/515 106/538/515
f 809/863/516 105/539/516 106/538/516
f 345/813/517 810/816/517 802/814/517
f 810/816/518 811/864/518 802/814/518
f 802/814/519 811/864/519 803/857/519
f 811/864/520 812/865/520 803/857/520
f 803/857/521 812/865/521 804/858/521
f 812/865/522 813/866/522 804/858/522
f 804/858/523 813/866/523 805/859/523
f 813/866/524 814/867/524 805/859/524
f 805/859/525 814/867/525 806/860/525
f 814/867/526 815/868/526 806/860/526
f 806/860/527 815/868/527 807/861/527
f 815/868/528 816/869/528 807/861/528
f 807/861/529 816/869/529 808/862/529
f 816/869/530 817/870/530 808/862/530
f 808/862/531 817/870/531 809/863/531
f 817/870/532 818/871/532 809/863/532
f 809/863/533 818/871/533 105/539/533
f 818/871/534 104/540/534 105/539/534
f 344/815/535 819/818/535 810/816/535
f 819/818/536 820/872/536 810/816/536
f 810/816/537 820/872/537 811/864/537
f 820/872/538 821/873/538 811/864/538
f 811/864/539 821/873/539 812/865/539
f 821/873/540 822/874/540 812/865/540
f 812/865/541 822/874/541 813/866/541
f 822/874/542 823/875/542 813/866/542
f 813/866/543 823/875/543 814/867/543
f 823/875/544 824/876/544 814/867/544
f 814/867/545 824/876/545 815/868/545
f 824/876/546 825/877/546 815/868/546
f 815/868/547 825/877/547 816/869/547
f 825/877/548 826/878/548 816/869/548
f 816/869/549 826/878/549 817/870/549
f 826/878/550 827/879/550 817/870/550
f 817/870/551 827/879/551 818/871/551
f 827/879/552 828/880/552 818/871/552
f 818/871/553 828/880/553 104/540/553
f 828/880/554 103/541/554 104/540/554
f 343/817/555 829/820/555 819/818/555
f 829/820/556 830/881/556 819/818/556
f 819/818/557 830/881/557 820/872/557
f 830/881/558 831/882/558 820/872/558
f 820/872/559 831/882/559 821/873/559
f 831/882/560 832/883/560 821/873/560
f 821/873/561 832/883/561 822/874/561
f 832/883/562 833/884/562 822/874/562
f 822/874/563 833/884/563 823/875/563
f 833/884/564 834/885/564 823/875/564
f 823/875/565 834/885/565 824/876/565
f 834/885/566 835/886/566 824/876/566
f 824/876/567 835/886/567 825/877/567
f 835/886/568 836/887/568 825/877/568
f 825/877/569 836/887/569 826/878/569
f 836/887/570 837/888/570 826/878/570
f 826/878/571 837/888/571 827/879/571
f 837/888/572 838/889/572 827/879/572
f 827/879/573 838/889/573 828/880/573
f 838/889/574 839/890/574 828/880/574
f 828/880/575 839/890/575 103/541/575
f 839/890/576 102/542/576 103/541/576
f 342/819/577 840/822/577 829/820/577
f 840/822/578 841/891/578 829/820/578
f 829/820/579 841/891/579 830/881/579
f 841/891/580 842/892/580 830/881/580
f 830/881/581 842/892/581 831/882/581
f 842/892/582 843/893/582 831/882/582
f 831/882/583 843/893/583 832/883/583
f 843/893/584 844/894/584 832/883/584
f 832/883/585 844/894/585 833/884/585
f 844/894/586 845/895/586 833/884/586
f 833/884/587 845/895/587 834/885/587
f 845/895/588 846/896/588 834/885/588
f 834/885/589 846/896/589 835/886/589
f 846/896/590 847/897/590 835/886/590
f 835/886/591 847/897/591 836/887/591
f 847/897/592 848/898/592 836/887/592
f 836/887/593 848/898/593 837/888/593
f 848/898/594 849/899/594 837/888/594
f 837/888/595 849/899/595 838/889/595
f 849/899/596 850/900/596 838/889/596
f 838/889/597 850/900/597 839/890/597
f 850/900/598 851/901/598 839/890/598
f 839/890/599 851/901/599 102/542/599
f 851/901/600 101/543/600 102/542/600
f 341/821/601 852/824/601 840/822/601
f 852/824/602 853/902/602 840/822/602
f 840/822/603 853/902/603 841/891/603
f 853/902/604 854/903/604 841/891/604
f 841/891/605 854/903/605 842/892/605
f 854/903/606 855/904/606 842/892/606
f 842/892/607 855/904/607 843/893/607
f 855/904/608 856/905/608 843/893/608
f 843/893/609 856/905/609 844/894/609
f 856/905/610 857/906/610 844/894/610
f 844/894/611 857/906/611 845/895/611
f 857/906/612 858/907/612 845/895/612
f 845/895/613 858/907/613 846/896/613
f 858/907/614 859/908/614 846/896/614
f 846/896/615 859/908/615 847/897/615
f 859/908/616 860/909/616 847/897/616
f 847/897/617 860/909/617 848/898/617
f 860/909/618 861/910/618 848/898/618
f 848/898/619 861/910/619 849/899/619
f 861/910/620 862/911/620 849/899/620
f 849/899/621 862/911/621 850/900/621
f 862/911/622 863/912/622 850/900/622
f 850/900/623 863/912/623 851/901/623
f 863/912/624 864/913/624 851/901/624
f 851/901/625 864/913/625 101/543/625
f 864/913/626 100/544/626 101/543/626
f 340/823/627 865/826/627 852/824/627
f 865/826/628 866/914/628 852/824/628
f 852/824/629 866/914/629 853/902/629
f 866/914/630 867/915/630 853/902/630
f 853/902/631 867/915/631 854/903/631
f 867/915/632 868/916/632 854/903/632
f 854/903/633 868/916/633 855/904/633
f 868/916/634 869/917/634 855/904/634
f 855/904/635 869/917/635 856/905/635
f 869/917/636 870/918/636 856/905/636
f 856/905/637 870/918/637 857/906/637
f 870/918/638 871/919/638 857/906/638
f 857/906/639 871/919/639 858/907/639
f 871/919/640 872/920/640 858/907/640
f 858/907/641 872/920/641 859/908/641
f 872/920/642 873/921/642 859/908/642
f 859/908/643 873/921/643 860/909/643
f 873/921/644 874/922/644 860/909/644
f 860/909/645 874/922/645 861/910/645
f 874/922/646 875/923/646 861/910/646
f 861/910/647 875/923/647 862/911/647
f 875/923/648 876/924/648 862/911/648
f 862/911/649 876/924/649 863/912/649
f 876/924/650 877/925/650 863/912/650
f 863/912/651 877/925/651 864/913/651
f 877/925/652 878/926/652 864/913/652
f 864/913/653 878/926/653 100/544/653
f 878/926/654 99/545/654 100/544/654
f 339/825/655 879/828/655 865/826/655
f 879/828/656 880/927/656 865/826/656
f 865/826/657 880/927/657 866/914/657
f 880/927/658 881/928/658 866/914/658
f 866/914/659 881/928/659 867/915/659
f 881/928/660 882/929/660 867/915/660
f 867/915/661 882/929/661 868/916/661
f 882/929/662 883/930/662 868/916/662
f 868/916/663 883/930/663 869/917/663
f 883/930/664 884/931/664 869/917/664
f 869/917/665 884/931/665 870/918/665
f 884/931/666 885/932/666 870/918/666
f 870/918/667 885/932/667 871/919/667
f 885/932/668 886/933/668 871/919/668
f 871/919/669 886/933/669 872/920/669
f 886/933/670 887/934/670 872/920/670
f 872/920/671 887/934/671 873/921/671
f 887/934/672 888/935/672 873/921/672
f 873/921/673 888/935/673 874/922/673
f 888/935/674 889/936/674 874/922/674
f 874/922/675 889/936/675 875/923/675
f 889/936/676 890/937/676 875/923/676
f 875/923/677 890/937/677 876/924/677
f 890/937/678 891/938/678 876/924/678
f 876/924/679 891/938/679 877/925/679
f 891/938/680 892/939/680 877/925/680
f 877/925/681 892/939/681 878/926/681
f 892/939/682 893/940/682 878/926/682
f 878/926/683 893/940/683 99/545/683
f 893/940/684 98/546/684 99/545/684
f 338/827/33 894/830/33 879/828/33
f 894/830/33 895/941/33 879/828/33
f 879/828/33 895/941/33 880/927/33
f 895/941/33 896/942/33 880/927/33
f 880/927/685 896/942/685 881/928/685
f 896/942/686 897/943/686 881/928/686
f 881/928/687 897/943/687 882/929/687
f 897/943/688 898/944/688 882/929/688
f 882/929/689 898/944/689 883/930/689
f 898/944/690 899/945/690 883/930/690
f 883/930/691 899/945/691 884/931/691
f 899/945/692 900/946/692 884/931/692
f 884/931/693 900/946/693 885/932/693
f 900/946/694 901/947/694 885/932/694
f 885/932/695 901/947/695 886/933/695
f 901/947/696 902/948/696 886/933/696
f 886/933/697 902/948/697 887/934/697
f 902/948/698 903/949/698 887/934/698
f 887/934/699 903/949/699 888/935/699
f 903/949/700 904/950/700 888/935/700
f 888/935/701 904/950/701 889/936/701
f 904/950/702 905/951/702 889/936/702
f 889/936/703 905/951/703 890/937/703
f 905/951/704 906/952/704 890/937/704
f 890/937/705 906/952/705 891/938/705
f 906/952/706 907/953/706 891/938/706
f 891/938/707 907/953/707 892/939/707
f 907/953/708 908/954/708 892/939/708
f 892/939/709 908/954/709 893/940/709
f 908/954/710 909/955/710 893/940/710
f 893/940/711 909/955/711 98/546/711
f 909/955/712 97/547/712 98/546/712
f 337/829/33 910/832/33 894/830/33
f 910/832/33 911/956/33 894/830/33
f 894/830/33 911/956/33 895/941/33
f 911/956/33 912/957/33 895/941/33
f 895/941/33 912/957/33 896/942/33
f 912/957/33 913/958/33 896/942/33
f 896/942/33 913/958/33 897/943/33
f 913/958/33 914/959/33 897/943/33
f 897/943/655 914/959/655 898/944/655
f 914/959/656 915/960/656 898/944/656
f 898/944/713 915/960/713 899/945/713
f 915/960/714 916/961/714 899/945/714
f 899/945/715 916/961/715 900/946/715
f 916/961/716 917/962/716 900/946/716
f 900/946/717 917/962/717 901/947/717
f 917/962/718 918/963/718 901/947/718
f 901/947/719 918/963/719 902/948/719
f 918/963/720 919/964/720 902/948/720
f 902/948/721 919/964/721 903/949/721
f 919/964/722 920/965/722 903/949/722
f 903/949/723 920/965/723 904/950/723
f 920/965/724 921/966/724 904/950/724
f 904/950/725 921/966/725 905/951/725
f 921/966/726 922/967/726 905/951/726
f 905/951/727 922/967/727 906/952/727
f 922/967/728 923/968/728 906/952/728
f 906/952/729 923/968/729 907/953/729
f 923/968/730 924/969/730 907/953/730
f 907/953/731 924/969/731 908/954/731
f 924/969/33 925/970/33 908/954/33
f 908/954/33 925/970/33 909/955/33
f 925/970/33 926/971/33 909/955/33
f 909/955/33 926/971/33 97/547/33
f 926/971/33 96/548/33 97/547/33
f 336/831/33 927/834/33 910/832/33
f 927/834/33 928/972/33 910/832/33
f 910/832/33 928/972/33 911/956/33
f 928/972/33 929/973/33 911/956/33
f 911/956/33 929/973/33 912/957/33
f 929/973/33 930/974/33 912/957/33
f 912/957/33 930/974/33 913/958/33
f 930/974/33 931/975/33 913/958/33
f 913/958/33 931/975/33 914/959/33
f 931/975/33 932/976/33 914/959/33
f 914/959/33 932/976/33 915/960/33
f 932/976/33 933/977/33 915/960/33
f 915/960/33 933/977/33 916/961/33
f 933/977/33 934/978/33 916/961/33
f 916/961/33 934/978/33 917/962/33
f 934/978/33 935/979/33 917/962/33
f 917/962/33 935/979/33 918/963/33
f 935/979/33 936/980/33 918/963/33
f 918/963/33 936/980/33 919/964/33
f 936/980/33 937/981/33 919/964/33
f 919/964/33 937/981/33 920/965/33
f 937/981/33 938/982/33 920/965/33
f 920/965/33 938/982/33 921/966/33
f 938/982/33 939/983/33 921/966/33
f 921/966/33 939/983/33 922/967/33
f 939/983/33 940/984/33 922/967/33
f 922/967/33 940/984/33 923/968/33
f 940/984/33 941/985/33 923/968/33
f 923/968/33 941/985/33 924/969/33
f 941/985/33 942/986/33 924/969/33
f 924/969/33 942/986/33 925/970/33
f 942/986/33 943/987/33 925/970/33
f 925/970/33 943/987/33 926/971/33
f 943/987/33 944/988/33 926/971/33
f 926/971/33 944/988/33 96/548/33
f 944/988/33 95/549/33 96/548/33
f 335/833/33 945/835/33 927/834/33
f 945/835/33 946/989/33 927/834/33
f 927/834/33 946/989/33 928/972/33
f 946/989/33 947/990/33 928/972/33
f 928/972/33 947/990/33 929/973/33
f 947/990/33 948/991/33 929/973/33
f 929/973/33 948/991/33 930/974/33
f 948/991/33 949/992/33 930/974/33
f 930/974/33 949/992/33 931/975/33
f 949/992/33 950/993/33 931/975/33
f 931/975/33 950/993/33 932/976/33
f 950/993/33 951/994/33 932/976/33
f 932/976/33 951/994/33 933/977/33
f 951/994/33 952/995/33 933/977/33
f 933/977/33 952/995/33 934/978/33
f 952/995/33 953/996/33 934/978/33
f 934/978/33 953/996/33 935/979/33
f 953/996/33 954/997/33 935/979/33
f 935/979/33 954/997/33 936/980/33
f 954/997/33 955/998/33 936/980/33
f 936/980/33 955/998/33 937/981/33
f 955/998/33 956/999/33 937/981/33
f 937/981/33 956/999/33 938/982/33
f 956/999/33 957/1000/33 938/982/33
f 938/982/33 957/1000/33 939/983/33
f 957/1000/33 958/1001/33 939/983/33
f 939/983/33 958/1001/33 940/984/33
f 958/1001/33 959/1002/33 940/984/33
f 940/984/33 959/1002/33 941/985/33
f 959/1002/33 960/1003/33 941/985/33
f 941/985/33 960/1003/33 942/986/33
f 960/1003/33 961/1004/33 942/986/33
f 942/986/33 961/1004/33 943/987/33
f 961/1004/33 962/1005/33 943/987/33
f 943/987/33 962/1005/33 944/988/33
f 962/1005/33 963/1006/33 944/988/33
f 944/988/33 963/1006/33 95/549/33
f 963/1006/33 94/550/33 95/549/33
f 334/299/33 193/298/33 945/835/33
f 193/298/33 192/1007/33 945/835/33
f 945/835/33 192/1007/33 946/989/33
f 192/1007/33 191/1008/33 946/989/33
f 946/989/33 191/1008/33 947/990/33
f 191/1008/33 190/1009/33 947/990/33
f 947/990/33 190/1009/33 948/991/33
f 190/1009/33 189/1010/33 948/991/33
f 948/991/33 189/1010/33 949/992/33
f 189/1010/33 188/1011/33 949/992/33
f 949/992/33 188/1011/33 950/993/33
f 188/1011/33 187/1012/33 950/993/33
f 950/993/33 187/1012/33 951/994/33
f 187/1012/33 186/1013/33 951/994/33
f 951/994/33 186/1013/33 952/995/33
f 186/1013/33 185/1014/33 952/995/33
f 952/995/33 185/1014/33 953/996/33
f 185/1014/33 184/1015/33 953/996/33
f 953/996/33 184/1015/33 954/997/33
f 184/1015/33 183/1016/33 954/997/33
f 954/997/33 183/1016/33 955/998/33
f 183/1016/33 182/1017/33 955/998/33
f 955/998/33 182/1017/33 956/999/33
f 182/1017/33 181/1018/33 956/999/33
f 956/999/33 181/1018/33 957/1000/33
f 181/1018/33 180/1019/33 957/1000/33
f 957/1000/33 180/1019/33 958/1001/33
f 180/1019/33 179/1020/33 958/1001/33
f 958/1001/33 179/1020/33 959/1002/33
f 179/1020/33 178/1021/33 959/1002/33
f 959/1002/33 178/1021/33 960/1003/33
f 178/1021/33 177/1022/33 960/1003/33
f 960/1003/33 177/1022/33 961/1004/33
f 177/1022/33 176/1023/33 961/1004/33
f 961/1004/33 176/1023/33 962/1005/33
f 176/1023/33 175/1024/33 962/1005/33
f 962/1005/33 175/1024/33 963/1006/33
f 175/1024/33 174/1025/33 963/1006/33
f 963/1006/33 174/1025/33 94/550/33
f 174/1025/33 37/551/33 94/550/33
f 333/1026/32 353/798/32 39/111/32
f 332/1027/32 964/1028/32 333/1026/32
f 331/1029/32 965/1030/32 332/1027/32
f 330/1031/732 967/1032/732 331/1029/732
f 329/1033/733 970/1034/733 330/1031/733
f 328/1035/734 974/1036/734 329/1033/734
f 327/1037/735 979/1038/735 328/1035/735
f 326/1039/736 985/1040/736 327/1037/736
f 325/1041/737 992/1042/737 326/1039/737
f 324/1043/738 1000/1044/738 325/1041/738
f 323/1045/739 1009/1046/739 324/1043/739
f 322/1047/740 1019/1048/740 323/1045/740
f 321/1049/741 1030/1050/741 322/1047/741
f 320/1051/742 1042/1052/742 321/1049/742
f 319/1053/743 1055/1054/743 320/1051/743
f 318/1055/744 1069/1056/744 319/1053/744
f 317/1057/745 1084/1058/745 318/1055/745
f 316/1059/32 1100/1060/32 317/1057/32
f 315/1061/32 1117/1062/32 316/1059/32
f 314/296/32 1135/1063/32 315/1061/32
f 333/1026/32 964/1028/32 353/798/32
f 964/1028/32 352/799/32 353/798/32
f 332/1027/32 965/1030/32 964/1028/32
f 965/1030/32 966/1064/32 964/1028/32
f 964/1028/32 966/1064/32 352/799/32
f 966/1064/746 351/801/746 352/799/746
f 331/1029/747 967/1032/747 965/1030/747
f 967/1032/748 968/1065/748 965/1030/748
f 965/1030/749 968/1065/749 966/1064/749
f 968/1065/750 969/1066/750 966/1064/750
f 966/1064/751 969/1066/751 351/801/751
f 969/1066/752 350/803/752 351/801/752
f 330/1031/753 970/1034/753 967/1032/753
f 970/1034/754 971/1067/754 967/1032/754
f 967/1032/755 971/1067/755 968/1065/755
f 971/1067/756 972/1068/756 968/1065/756
f 968/1065/757 972/1068/757 969/1066/757
f 972/1068/758 973/1069/758 969/1066/758
f 969/1066/759 973/1069/759 350/803/759
f 973/1069/760 349/805/760 350/803/760
f 329/1033/761 974/1036/761 970/1034/761
f 974/1036/762 975/1070/762 970/1034/762
f 970/1034/763 975/1070/763 971/1067/763
f 975/1070/764 976/1071/764 971/1067/764
f 971/1067/765 976/1071/765 972/1068/765
f 976/1071/766 977/1072/766 972/1068/766
f 972/1068/767 977/1072/767 973/1069/767
f 977/1072/768 978/1073/768 973/1069/768
f 973/1069/769 978/1073/769 349/805/769
f 978/1073/770 348/807/770 349/805/770
f 328/1035/771 979/1038/771 974/1036/771
f 979/1038/772 980/1074/772 974/1036/772
f 974/1036/773 980/1074/773 975/1070/773
f 980/1074/774 981/1075/774 975/1070/774
f 975/1070/775 981/1075/775 976/1071/775
f 981/1075/776 982/1076/776 976/1071/776
f 976/1071/777 982/1076/777 977/1072/777
f 982/1076/778 983/1077/778 977/1072/778
f 977/1072/779 983/1077/779 978/1073/779
f 983/1077/780 984/1078/780 978/1073/780
f 978/1073/781 984/1078/781 348/807/781
f 984/1078/782 347/809/782 348/807/782
f 327/1037/783 985/1040/783 979/1038/783
f 985/1040/784 986/1079/784 979/1038/784
f 979/1038/785 986/1079/785 980/1074/785
f 986/1079/786 987/1080/786 980/1074/786
f 980/1074/787 987/1080/787 981/1075/787
f 987/1080/788 988/1081/788 981/1075/788
f 981/1075/789 988/1081/789 982/1076/789
f 988/1081/790 989/1082/790 982/1076/790
f 982/1076/791 989/1082/791 983/1077/791
f 989/1082/792 990/1083/792 983/1077/792
f 983/1077/793 990/1083/793 984/1078/793
f 990/1083/794 991/1084/794 984/1078/794
f 984/1078/795 991/1084/795 347/809/795
f 991/1084/796 346/811/796 347/809/796
f 326/1039/797 992/1042/797 985/1040/797
f 992/1042/798 993/1085/798 985/1040/798
f 985/1040/799 993/1085/799 986/1079/799
f 993/1085/800 994/1086/800 986/1079/800
f 986/1079/801 994/1086/801 987/1080/801
f 994/1086/802 995/1087/802 987/1080/802
f 987/1080/803 995/1087/803 988/1081/803
f 995/1087/804 996/1088/804 988/1081/804
f 988/1081/805 996/1088/805 989/1082/805
f 996/1088/806 997/1089/806 989/1082/806
f 989/1082/807 997/1089/807 990/1083/807
f 997/1089/808 998/1090/808 990/1083/808
f 990/1083/809 998/1090/809 991/1084/809
f 998/1090/810 999/1091/810 991/1084/810
f 991/1084/811 999/1091/811 346/811/811
f 999/1091/812 345/813/812 346/811/812
f 325/1041/813 1000/1044/813 992/1042/813
f 1000/1044/814 1001/1092/814 992/1042/814
f 992/1042/815 1001/1092/815 993/1085/815
f 1001/1092/816 1002/1093/816 993/1085/816
f 993/1085/817 1002/1093/817 994/1086/817
f 1002/1093/818 1003/1094/818 994/1086/818
f 994/1086/819 1003/1094/819 995/1087/819
f 1003/1094/820 1004/1095/820 995/1087/820
f 995/1087/821 1004/1095/821 996/1088/821
f 1004/1095/822 1005/1096/822 996/1088/822
f 996/1088/823 1005/1096/823 997/1089/823
f 1005/1096/824 1006/1097/824 997/1089/824
f 997/1089/825 1006/1097/825 998/1090/825
f 1006/1097/826 1007/1098/826 998/1090/826
f 998/1090/827 1007/1098/827 999/1091/827
f 1007/1098/828 1008/1099/828 999/1091/828
f 999/1091/829 1008/1099/829 345/813/829
f 1008/1099/830 344/815/830 345/813/830
f 324/1043/831 1009/1046/831 1000/1044/831
f 1009/1046/832 1010/1100/832 1000/1044/832
f 1000/1044/833 1010/1100/833 1001/1092/833
f 1010/1100/834 1011/1101/834 1001/1092/834
f 1001/1092/835 1011/1101/835 1002/1093/835
f 1011/1101/836 1012/1102/836 1002/1093/836
f 1002/1093/837 1012/1102/837 1003/1094/837
f 1012/1102/838 1013/1103/838 1003/1094/838
f 1003/1094/839 1013/1103/839 1004/1095/839
f 1013/1103/840 1014/1104/840 1004/1095/840
f 1004/1095/841 1014/1104/841 1005/1096/841
f 1014/1104/842 1015/1105/842 1005/1096/842
f 1005/1096/843 1015/1105/843 1006/1097/843
f 1015/1105/844 1016/1106/844 1006/1097/844
f 1006/1097/845 1016/1106/845 1007/1098/845
f 1016/1106/846 1017/1107/846 1007/1098/846
f 1007/1098/847 1017/1107/847 1008/1099/847
f 1017/1107/848 1018/1108/848 1008/1099/848
f 1008/1099/849 1018/1108/849 344/815/849
f 1018/1108/850 343/817/850 344/815/850
f 323/1045/851 1019/1048/851 1009/1046/851
f 1019/1048/852 1020/1109/852 1009/1046/852
f 1009/1046/853 1020/1109/853 1010/1100/853
f 1020/1109/854 1021/1110/854 1010/1100/854
f 1010/1100/855 1021/1110/855 1011/1101/855
f 1021/1110/856 1022/1111/856 1011/1101/856
f 1011/1101/857 1022/1111/857 1012/1102/857
f 1022/1111/858 1023/1112/858 1012/1102/858
f 1012/1102/859 1023/1112/859 1013/1103/859
f 1023/1112/860 1024/1113/860 1013/1103/860
f 1013/1103/861 1024/1113/861 1014/1104/861
f 1024/1113/862 1025/1114/862 1014/1104/862
f 1014/1104/863 1025/1114/863 1015/1105/863
f 1025/1114/864 1026/1115/864 1015/1105/864
f 1015/1105/865 1026/1115/865 1016/1106/865
f 1026/1115/866 1027/1116/866 1016/1106/866
f 1016/1106/867 1027/1116/867 1017/1107/867
f 1027/1116/868 1028/1117/868 1017/1107/868
f 1017/1107/869 1028/1117/869 1018/1108/869
f 1028/1117/870 1029/1118/870 1018/1108/870
f 1018/1108/871 1029/1118/871 343/817/871
f 1029/1118/872 342/819/872 343/817/872
f 322/1047/873 1030/1050/873 1019/1048/873
f 1030/1050/874 1031/1119/874 1019/1048/874
f 1019/1048/875 1031/1119/875 1020/1109/875
f 1031/1119/876 1032/1120/876 1020/1109/876
f 1020/1109/877 1032/1120/877 1021/1110/877
f 1032/1120/878 1033/1121/878 1021/1110/878
f 1021/1110/879 1033/1121/879 1022/1111/879
f 1033/1121/880 1034/1122/880 1022/1111/880
f 1022/1111/881 1034/1122/881 1023/1112/881
f 1034/1122/882 1035/1123/882 1023/1112/882
f 1023/1112/883 1035/1123/883 1024/1113/883
f 1035/1123/884 1036/1124/884 1024/1113/884
f 1024/1113/885 1036/1124/885 1025/1114/885
f 1036/1124/886 1037/1125/886 1025/1114/886
f 1025/1114/887 1037/1125/887 1026/1115/887
f 1037/1125/888 1038/1126/888 1026/1115/888
f 1026/1115/889 1038/1126/889 1027/1116/889
f 1038/1126/890 1039/1127/890 1027/1116/890
f 1027/1116/891 1039/1127/891 1028/1117/891
f 1039/1127/892 1040/1128/892 1028/1117/892
f 1028/1117/893 1040/1128/893 1029/1118/893
f 1040/1128/894 1041/1129/894 1029/1118/894
f 1029/1118/895 1041/1129/895 342/819/895
f 1041/1129/896 341/821/896 342/819/896
f 321/1049/897 1042/1052/897 1030/1050/897
f 1042/1052/898 1043/1130/898 1030/1050/898
f 1030/1050/899 1043/1130/899 1031/1119/899
f 1043/1130/900 1044/1131/900 1031/1119/900
f 1031/1119/901 1044/1131/901 1032/1120/901
f 1044/1131/902 1045/1132/902 1032/1120/902
f 1032/1120/903 1045/1132/903 1033/1121/903
f 1045/1132/904 1046/1133/904 1033/1121/904
f 1033/1121/905 1046/1133/905 1034/1122/905
f 1046/1133/906 1047/1134/906 1034/1122/906
f 1034/1122/907 1047/1134/907 1035/1123/907
f 1047/1134/908 1048/1135/908 1035/1123/908
f 1035/1123/909 1048/1135/909 1036/1124/909
f 1048/1135/910 1049/1136/910 1036/1124/910
f 1036/1124/911 1049/1136/911 1037/1125/911
f 1049/1136/912 1050/1137/912 1037/1125/912
f 1037/1125/913 1050/1137/913 1038/1126/913
f 1050/1137/914 1051/1138/914 1038/1126/914
f 1038/1126/915 1051/1138/915 1039/1127/915
f 1051/1138/916 1052/1139/916 1039/1127/916
f 1039/1127/917 1052/1139/917 1040/1128/917
f 1052/1139/918 1053/1140/918 1040/1128/918
f 1040/1128/919 1053/1140/919 1041/1129/919
f 1053/1140/920 1054/1141/920 1041/1129/920
f 1041/1129/921 1054/1141/921 341/821/921
f 1054/1141/922 340/823/922 341/821/922
f 320/1051/923 1055/1054/923 1042/1052/923
f 1055/1054/924 1056/1142/924 1042/1052/924
f 1042/1052/925 1056/1142/925 1043/1130/925
f 1056/1142/926 1057/1143/926 1043/1130/926
f 1043/1130/927 1057/1143/927 1044/1131/927
f 1057/1143/928 1058/1144/928 1044/1131/928
f 1044/1131/929 1058/1144/929 1045/1132/929
f 1058/1144/930 1059/1145/930 1045/1132/930
f 1045/1132/931 1059/1145/931 1046/1133/931
f 1059/1145/932 1060/1146/932 1046/1133/932
f 1046/1133/933 1060/1146/933 1047/1134/933
f 1060/1146/934 1061/1147/934 1047/1134/934
f 1047/1134/935 1061/1147/935 1048/1135/935
f 1061/1147/936 1062/1148/936 1048/1135/936
f 1048/1135/937 1062/1148/937 1049/1136/937
f 1062/1148/938 1063/1149/938 1049/1136/938
f 1049/1136/939 1063/1149/939 1050/1137/939
f 1063/1149/940 1064/1150/940 1050/1137/940
f 1050/1137/941 1064/1150/941 1051/1138/941
f 1064/1150/942 1065/1151/942 1051/1138/942
f 1051/1138/943 1065/1151/943 1052/1139/943
f 1065/1151/944 1066/1152/944 1052/1139/944
f 1052/1139/945 1066/1152/945 1053/1140/945
f 1066/1152/946 1067/1153/946 1053/1140/946
f 1053/1140/947 1067/1153/947 1054/1141/947
f 1067/1153/948 1068/1154/948 1054/1141/948
f 1054/1141/949 1068/1154/949 340/823/949
f 1068/1154/950 339/825/950 340/823/950
f 319/1053/951 1069/1056/951 1055/1054/951
f 1069/1056/952 1070/1155/952 1055/1054/952
f 1055/1054/953 1070/1155/953 1056/1142/953
f 1070/1155/954 1071/1156/954 1056/1142/954
f 1056/1142/955 1071/1156/955 1057/1143/955
f 1071/1156/956 1072/1157/956 1057/1143/956
f 1057/1143/957 1072/1157/957 1058/1144/957
f 1072/1157/958 1073/1158/958 1058/1144/958
f 1058/1144/959 1073/1158/959 1059/1145/959
f 1073/1158/960 1074/1159/960 1059/1145/960
f 1059/1145/961 1074/1159/961 1060/1146/961
f 1074/1159/962 1075/1160/962 1060/1146/962
f 1060/1146/963 1075/1160/963 1061/1147/963
f 1075/1160/964 1076/1161/964 1061/1147/964
f 1061/1147/965 1076/1161/965 1062/1148/965
f 1076/1161/966 1077/1162/966 1062/1148/966
f 1062/1148/967 1077/1162/967 1063/1149/967
f 1077/1162/968 1078/1163/968 1063/1149/968
f 1063/1149/969 1078/1163/969 1064/1150/969
f 1078/1163/970 1079/1164/970 1064/1150/970
f 1064/1150/971 1079/1164/971 1065/1151/971
f 1079/1164/972 1080/1165/972 1065/1151/972
f 1065/1151/973 1080/1165/973 1066/1152/973
f 1080/1165/974 1081/1166/974 1066/1152/974
f 1066/1152/975 1081/1166/975 1067/1153/975
f 1081/1166/976 1082/1167/976 1067/1153/976
f 1067/1153/977 1082/1167/977 1068/1154/977
f 1082/1167/978 1083/1168/978 1068/1154/978
f 1068/1154/979 1083/1168/979 339/825/979
f 1083/1168/32 338/827/32 339/825/32
f 318/1055/980 1084/1058/980 1069/1056/980
f 1084/1058/981 1085/1169/981 1069/1056/981
f 1069/1056/982 1085/1169/982 1070/1155/982
f 1085/1169/983 1086/1170/983 1070/1155/983
f 1070/1155/984 1086/1170/984 1071/1156/984
f 1086/1170/32 1087/1171/32 1071/1156/32
f 1071/1156/32 1087/1171/32 1072/1157/32
f 1087/1171/32 1088/1172/32 1072/1157/32
f 1072/1157/985 1088/1172/985 1073/1158/985
f 1088/1172/986 1089/1173/986 1073/1158/986
f 1073/1158/987 1089/1173/987 1074/1159/987
f 1089/1173/988 1090/1174/988 1074/1159/988
f 1074/1159/989 1090/1174/989 1075/1160/989
f 1090/1174/990 1091/1175/990 1075/1160/990
f 1075/1160/991 1091/1175/991 1076/1161/991
f 1091/1175/992 1092/1176/992 1076/1161/992
f 1076/1161/993 1092/1176/993 1077/1162/993
f 1092/1176/994 1093/1177/994 1077/1162/994
f 1077/1162/995 1093/1177/995 1078/1163/995
f 1093/1177/996 1094/1178/996 1078/1163/996
f 1078/1163/997 1094/1178/997 1079/1164/997
f 1094/1178/998 1095/1179/998 1079/1164/998
f 1079/1164/999 1095/1179/999 1080/1165/999
f 1095/1179/1000 1096/1180/1000 1080/1165/1000
f 1080/1165/1001 1096/1180/1001 1081/1166/1001
f 1096/1180/32 1097/1181/32 1081/1166/32
f 1081/1166/32 1097/1181/32 1082/1167/32
f 1097/1181/32 1098/1182/32 1082/1167/32
f 1082/1167/32 1098/1182/32 1083/1168/32
f 1098/1182/32 1099/1183/32 1083/1168/32
f 1083/1168/32 1099/1183/32 338/827/32
f 1099/1183/32 337/829/32 338/827/32
f 317/1057/32 1100/1060/32 1084/1058/32
f 1100/1060/32 1101/1184/32 1084/1058/32
f 1084/1058/32 1101/1184/32 1085/1169/32
f 1101/1184/32 1102/1185/32 1085/1169/32
f 1085/1169/32 1102/1185/32 1086/1170/32
f 1102/1185/32 1103/1186/32 1086/1170/32
f 1086/1170/32 1103/1186/32 1087/1171/32
f 1103/1186/32 1104/1187/32 1087/1171/32
f 1087/1171/32 1104/1187/32 1088/1172/32
f 1104/1187/32 1105/1188/32 1088/1172/32
f 1088/1172/32 1105/1188/32 1089/1173/32
f 1105/1188/32 1106/1189/32 1089/1173/32
f 1089/1173/32 1106/1189/32 1090/1174/32
f 1106/1189/32 1107/1190/32 1090/1174/32
f 1090/1174/32 1107/1190/32 1091/1175/32
f 1107/1190/32 1108/1191/32 1091/1175/32
f 1091/1175/32 1108/1191/32 1092/1176/32
f 1108/1191/32 1109/1192/32 1092/1176/32
f 1092/1176/32 1109/1192/32 1093/1177/32
f 1109/1192/32 1110/1193/32 1093/1177/32
f 1093/1177/32 1110/1193/32 1094/1178/32
f 1110/1193/32 1111/1194/32 1094/1178/32
f 1094/1178/32 1111/1194/32 1095/1179/32
f 1111/1194/32 1112/1195/32 1095/1179/32
f 1095/1179/32 1112/1195/32 1096/1180/32
f 1112/1195/32 1113/1196/32 1096/1180/32
f 1096/1180/32 1113/1196/32 1097/1181/32
f 1113/1196/32 1114/1197/32 1097/1181/32
f 1097/1181/32 1114/1197/32 1098/1182/32
f 1114/1197/32 1115/1198/32 1098/1182/32
f 1098/1182/32 1115/1198/32 1099/1183/32
f 1115/1198/32 1116/1199/32 1099/1183/32
f 1099/1183/32 1116/1199/32 337/829/32
f 1116/1199/32 336/831/32 337/829/32
f 316/1059/32 1117/1062/32 1100/1060/32
f 1117/1062/32 1118/1200/32 1100/1060/32
f 1100/1060/32 1118/1200/32 1101/1184/32
f 1118/1200/32 1119/1201/32 1101/1184/32
f 1101/1184/32 1119/1201/32 1102/1185/32
f 1119/1201/32 1120/1202/32 1102/1185/32
f 1102/1185/32 1120/1202/32 1103/1186/32
f 1120/1202/32 1121/1203/32 1103/1186/32
f 1103/1186/32 1121/1203/32 1104/1187/32
f 1121/1203/32 1122/1204/32 1104/1187/32
f 1104/1187/32 1122/1204/32 1105/1188/32
f 1122/1204/32 1123/1205/32 1105/1188/32
f 1105/1188/32 1123/1205/32 1106/1189/32
f 1123/1205/32 1124/1206/32 1106/1189/32
f 1106/1189/32 1124/1206/32 1107/1190/32
f 1124/1206/32 1125/1207/32 1107/1190/32
f 1107/1190/32 1125/1207/32 1108/1191/32
f 1125/1207/32 1126/1208/32 1108/1191/32
f 1108/1191/32 1126/1208/32 1109/1192/32
f 1126/1208/32 1127/1209/32 1109/1192/32
f 1109/1192/32 1127/1209/32 1110/1193/32
f 1127/1209/32 1128/1210/32 1110/1193/32
f 1110/1193/32 1128/1210/32 1111/1194/32
f 1128/1210/32 1129/1211/32 1111/1194/32
f 1111/1194/32 1129/1211/32 1112/1195/32
f 1129/1211/32 1130/1212/32 1112/1195/32
f 1112/1195/32 1130/1212/32 1113/1196/32
f 1130/1212/32 1131/1213/32 1113/1196/32
f 1113/1196/32 1131/1213/32 1114/1197/32
f 1131/1213/32 1132/1214/32 1114/1197/32
f 1114/1197/32 1132/1214/32 1115/1198/32
f 1132/1214/32 1133/1215/32 1115/1198/32
f 1115/1198/32 1133/1215/32 1116/1199/32
f 1133/1215/32 1134/1216/32 1116/1199/32
f 1116/1199/32 1134/1216/32 336/831/32
f 1134/1216/32 335/833/32 336/831/32
f 315/1061/32 1135/1063/32 1117/1062/32
f 1135/1063/32 1136/1217/32 1117/1062/32
f 1117/1062/32 1136/1217/32 1118/1200/32
f 1136/1217/32 1137/1218/32 1118/1200/32
f 1118/1200/32 1137/1218/32 1119/1201/32
f 1137/1218/32 1138/1219/32 1119/1201/32
f 1119/1201/32 1138/1219/32 1120/1202/32
f 1138/1219/32 1139/1220/32 1120/1202/32
f 1120/1202/32 1139/1220/32 1121/1203/32
f 1139/1220/32 1140/1221/32 1121/1203/32
f 1121/1203/32 1140/1221/32 1122/1204/32
f 1140/1221/32 1141/1222/32 1122/1204/32
f 1122/1204/32 1141/1222/32 1123/1205/32
f 1141/1222/32 1142/1223/32 1123/1205/32
f 1123/1205/32 1142/1223/32 1124/1206/32
f 1142/1223/32 1143/1224/32 1124/1206/32
f 1124/1206/32 1143/1224/32 1125/1207/32
f 1143/1224/32 1144/1225/32 1125/1207/32
f 1125/1207/32 1144/1225/32 1126/1208/32
f 1144/1225/32 1145/1226/32 1126/1208/32
f 1126/1208/32 1145/1226/32 1127/1209/32
f 1145/1226/32 1146/1227/32 1127/1209/32
f 1127/1209/32 1146/1227/32 1128/1210/32
f 1146/1227/32 1147/1228/32 1128/1210/32
f 1128/1210/32 1147/1228/32 1129/1211/32
f 1147/1228/32 1148/1229/32 1129/1211/32
f 1129/1211/32 1148/1229/32 1130/1212/32
f 1148/1229/32 1149/1230/32 1130/1212/32
f 1130/1212/32 1149/1230/32 1131/1213/32
f 1149/1230/32 1150/1231/32 1131/1213/32
f 1131/1213/32 1150/1231/32 1132/1214/32
f 1150/1231/32 1151/1232/32 1132/1214/32
f 1132/1214/32 1151/1232/32 1133/1215/32
f 1151/1232/32 1152/1233/32 1133/1215/32
f 1133/1215/32 1152/1233/32 1134/1216/32
f 1152/1233/32 1153/1234/32 1134/1216/32
f 1134/1216/32 1153/1234/32 335/833/32
f 1153/1234/32 334/299/32 335/833/32
f 314/296/32 213/295/32 1135/1063/32
f 213/295/32 212/1235/32 1135/1063/32
f 1135/1063/32 212/1235/32 1136/1217/32
f 212/1235/32 211/1236/32 1136/1217/32
f 1136/1217/32 211/1236/32 1137/1218/32
f 211/1236/32 210/1237/32 1137/1218/32
f 1137/1218/32 210/1237/32 1138/1219/32
f 210/1237/32 209/1238/32 1138/1219/32
f 1138/1219/32 209/1238/32 1139/1220/32
f 209/1238/32 208/1239/32 1139/1220/32
f 1139/1220/32 208/1239/32 1140/1221/32
f 208/1239/32 207/1240/32 1140/1221/32
f 1140/1221/32 207/1240/32 1141/1222/32
f 207/1240/32 206/1241/32 1141/1222/32
f 1141/1222/32 206/1241/32 1142/1223/32
f 206/1241/32 205/1242/32 1142/1223/32
f 1142/1223/32 205/1242/32 1143/1224/32
f 205/1242/32 204/1243/32 1143/1224/32
f 1143/1224/32 204/1243/32 1144/1225/32
f 204/1243/32 203/1244/32 1144/1225/32
f 1144/1225/32 203/1244/32 1145/1226/32
f 203/1244/32 202/1245/32 1145/1226/32
f 1145/1226/32 202/1245/32 1146/1227/32
f 202/1245/32 201/1246/32 1146/1227/32
f 1146/1227/32 201/1246/32 1147/1228/32
f 201/1246/32 200/1247/32 1147/1228/32
f 1147/1228/32 200/1247/32 1148/1229/32
f 200/1247/32 199/1248/32 1148/1229/32
f 1148/1229/32 199/1248/32 1149/1230/32
f 199/1248/32 198/1249/32 1149/1230/32
f 1149/1230/32 198/1249/32 1150/1231/32
f 198/1249/32 197/1250/32 1150/1231/32
f 1150/1231/32 197/1250/32 1151/1232/32
f 197/1250/32 196/1251/32 1151/1232/32
f 1151/1232/32 196/1251/32 1152/1233/32
f 196/1251/32 195/1252/32 1152/1233/32
f 1152/1233/32 195/1252/32 1153/1234/32
f 195/1252/32 194/1253/32 1153/1234/32
f 1153/1234/32 194/1253/32 334/299/32
f 194/1253/32 50/297/32 334/299/32
f 313/1254/31 333/1026/31 39/111/31
f 312/1255/31 1154/1256/31 313/1254/31
f 311/1257/31 1155/1258/31 312/1255/31
f 310/1259/1002 1157/1260/1002 311/1257/1002
f 309/1261/1003 1160/1262/1003 310/1259/1003
f 308/1263/1004 1164/1264/1004 309/1261/1004
f 307/1265/1005 1169/1266/1005 308/1263/1005
f 306/1267/1006 1175/1268/1006 307/1265/1006
f 305/1269/1007 1182/1270/1007 306/1267/1007
f 304/1271/1008 1190/1272/1008 305/1269/1008
f 303/1273/1009 1199/1274/1009 304/1271/1009
f 302/1275/1010 1209/1276/1010 303/1273/1010
f 301/1277/1011 1220/1278/1011 302/1275/1011
f 300/1279/1012 1232/1280/1012 301/1277/1012
f 299/1281/1013 1245/1282/1013 300/1279/1013
f 298/1283/1014 1259/1284/1014 299/1281/1014
f 297/1285/1015 1274/1286/1015 298/1283/1015
f 296/1287/1016 1290/1288/1016 297/1285/1016
f 295/1289/31 1307/1290/31 296/1287/31
f 294/293/1002 1325/1291/1002 295/1289/1002
f 313/1254/31 1154/1256/31 333/1026/31
f 1154/1256/1002 332/1027/1002 333/1026/1002
f 312/1255/31 1155/1258/31 1154/1256/31
f 1155/1258/31 1156/1292/31 1154/1256/31
f 1154/1256/1002 1156/1292/1002 332/1027/1002
f 1156/1292/31 331/1029/31 332/1027/31
f 311/1257/31 1157/1260/31 1155/1258/31
f 1157/1260/31 1158/1293/31 1155/1258/31
f 1155/1258/31 1158/1293/31 1156/1292/31
f 1158/1293/1017 1159/1294/1017 1156/1292/1017
f 1156/1292/31 1159/1294/31 331/1029/31
f 1159/1294/1018 330/1031/1018 331/1029/1018
f 310/1259/1019 1160/1262/1019 1157/1260/1019
f 1160/1262/1020 1161/1295/1020 1157/1260/1020
f 1157/1260/1021 1161/1295/1021 1158/1293/1021
f 1161/1295/1022 1162/1296/1022 1158/1293/1022
f 1158/1293/1023 1162/1296/1023 1159/1294/1023
f 1162/1296/1024 1163/1297/1024 1159/1294/1024
f 1159/1294/1025 1163/1297/1025 330/1031/1025
f 1163/1297/1026 329/1033/1026 330/1031/1026
f 309/1261/1027 1164/1264/1027 1160/1262/1027
f 1164/1264/1028 1165/1298/1028 1160/1262/1028
f 1160/1262/1029 1165/1298/1029 1161/1295/1029
f 1165/1298/1030 1166/1299/1030 1161/1295/1030
f 1161/1295/1031 1166/1299/1031 1162/1296/1031
f 1166/1299/1032 1167/1300/1032 1162/1296/1032
f 1162/1296/1033 1167/1300/1033 1163/1297/1033
f 1167/1300/1034 1168/1301/1034 1163/1297/1034
f 1163/1297/1035 1168/1301/1035 329/1033/1035
f 1168/1301/1036 328/1035/1036 329/1033/1036
f 308/1263/1037 1169/1266/1037 1164/1264/1037
f 1169/1266/1038 1170/1302/1038 1164/1264/1038
f 1164/1264/1039 1170/1302/1039 1165/1298/1039
f 1170/1302/1040 1171/1303/1040 1165/1298/1040
f 1165/1298/1041 1171/1303/1041 1166/1299/1041
f 1171/1303/1042 1172/1304/1042 1166/1299/1042
f 1166/1299/1043 1172/1304/1043 1167/1300/1043
f 1172/1304/1044 1173/1305/1044 1167/1300/1044
f 1167/1300/1045 1173/1305/1045 1168/1301/1045
f 1173/1305/1046 1174/1306/1046 1168/1301/1046
f 1168/1301/1047 1174/1306/1047 328/1035/1047
f 1174/1306/1048 327/1037/1048 328/1035/1048
f 307/1265/1049 1175/1268/1049 1169/1266/1049
f 1175/1268/1050 1176/1307/1050 1169/1266/1050
f 1169/1266/1051 1176/1307/1051 1170/1302/1051
f 1176/1307/1052 1177/1308/1052 1170/1302/1052
f 1170/1302/1053 1177/1308/1053 1171/1303/1053
f 1177/1308/1054 1178/1309/1054 1171/1303/1054
f 1171/1303/1055 1178/1309/1055 1172/1304/1055
f 1178/1309/1056 1179/1310/1056 1172/1304/1056
f 1172/1304/1057 1179/1310/1057 1173/1305/1057
f 1179/1310/1058 1180/1311/1058 1173/1305/1058
f 1173/1305/1059 1180/1311/1059 1174/1306/1059
f 1180/1311/1060 1181/1312/1060 1174/1306/1060
f 1174/1306/1061 1181/1312/1061 327/1037/1061
f 1181/1312/1062 326/1039/1062 327/1037/1062
f 306/1267/1063 1182/1270/1063 1175/1268/1063
f 1182/1270/1064 1183/1313/1064 1175/1268/1064
f 1175/1268/1065 1183/1313/1065 1176/1307/1065
f 1183/1313/1066 1184/1314/1066 1176/1307/1066
f 1176/1307/1067 1184/1314/1067 1177/1308/1067
f 1184/1314/1068 1185/1315/1068 1177/1308/1068
f 1177/1308/1069 1185/1315/1069 1178/1309/1069
f 1185/1315/1070 1186/1316/1070 1178/1309/1070
f 1178/1309/1071 1186/1316/1071 1179/1310/1071
f 1186/1316/1072 1187/1317/1072 1179/1310/1072
f 1179/1310/1073 1187/1317/1073 1180/1311/1073
f 1187/1317/1074 1188/1318/1074 1180/1311/1074
f 1180/1311/1075 1188/1318/1075 1181/1312/1075
f 1188/1318/1076 1189/1319/1076 1181/1312/1076
f 1181/1312/1077 1189/1319/1077 326/1039/1077
f 1189/1319/1078 325/1041/1078 326/1039/1078
f 305/1269/1079 1190/1272/1079 1182/1270/1079
f 1190/1272/1080 1191/1320/1080 1182/1270/1080
f 1182/1270/1081 1191/1320/1081 1183/1313/1081
f 1191/1320/1082 1192/1321/1082 1183/1313/1082
f 1183/1313/1083 1192/1321/1083 1184/1314/1083
f 1192/1321/1084 1193/1322/1084 1184/1314/1084
f 1184/1314/1085 1193/1322/1085 1185/1315/1085
f 1193/1322/1086 1194/1323/1086 1185/1315/1086
f 1185/1315/1087 1194/1323/1087 1186/1316/1087
f 1194/1323/1088 1195/1324/1088 1186/1316/1088
f 1186/1316/1089 1195/1324/1089 1187/1317/1089
f 1195/1324/1090 1196/1325/1090 1187/1317/1090
f 1187/1317/1091 1196/1325/1091 1188/1318/1091
f 1196/1325/1092 1197/1326/1092 1188/1318/1092
f 1188/1318/1093 1197/1326/1093 1189/1319/1093
f 1197/1326/1094 1198/1327/1094 1189/1319/1094
f 1189/1319/1095 1198/1327/1095 325/1041/1095
f 1198/1327/1096 324/1043/1096 325/1041/1096
f 304/1271/1097 1199/1274/1097 1190/1272/1097
f 1199/1274/1098 1200/1328/1098 1190/1272/1098
f 1190/1272/1099 1200/1328/1099 1191/1320/1099
f 1200/1328/1100 1201/1329/1100 1191/1320/1100
f 1191/1320/1101 1201/1329/1101 1192/1321/1101
f 1201/1329/1102 1202/1330/1102 1192/1321/1102
f 1192/1321/1103 1202/1330/1103 1193/1322/1103
f 1202/1330/1104 1203/1331/1104 1193/1322/1104
f 1193/1322/1105 1203/1331/1105 1194/1323/1105
f 1203/1331/1106 1204/1332/1106 1194/1323/1106
f 1194/1323/1107 1204/1332/1107 1195/1324/1107
f 1204/1332/1108 1205/1333/1108 1195/1324/1108
f 1195/1324/1109 1205/1333/1109 1196/1325/1109
f 1205/1333/1110 1206/1334/1110 1196/1325/1110
f 1196/1325/1111 1206/1334/1111 1197/1326/1111
f 1206/1334/1112 1207/1335/1112 1197/1326/1112
f 1197/1326/1113 1207/1335/1113 1198/1327/1113
f 1207/1335/1114 1208/1336/1114 1198/1327/1114
f 1198/1327/1115 1208/1336/1115 324/1043/1115
f 1208/1336/1116 323/1045/1116 324/1043/1116
f 303/1273/1117 1209/1276/1117 1199/1274/1117
f 1209/1276/1118 1210/1337/1118 1199/1274/1118
f 1199/1274/1119 1210/1337/1119 1200/1328/1119
f 1210/1337/1120 1211/1338/1120 1200/1328/1120
f 1200/1328/1121 1211/1338/1121 1201/1329/1121
f 1211/1338/1122 1212/1339/1122 1201/1329/1122
f 1201/1329/1123 1212/1339/1123 1202/1330/1123
f 1212/1339/1124 1213/1340/1124 1202/1330/1124
f 1202/1330/1125 1213/1340/1125 1203/1331/1125
f 1213/1340/1126 1214/1341/1126 1203/1331/1126
f 1203/1331/1127 1214/1341/1127 1204/1332/1127
f 1214/1341/1128 1215/1342/1128 1204/1332/1128
f 1204/1332/1129 1215/1342/1129 1205/1333/1129
f 1215/1342/1130 1216/1343/1130 1205/1333/1130
f 1205/1333/1131 1216/1343/1131 1206/1334/1131
f 1216/1343/1132 1217/1344/1132 1206/1334/1132
f 1206/1334/1133 1217/1344/1133 1207/1335/1133
f 1217/1344/1134 1218/1345/1134 1207/1335/1134
f 1207/1335/1135 1218/1345/1135 1208/1336/1135
f 1218/1345/1136 1219/1346/1136 1208/1336/1136
f 1208/1336/1137 1219/1346/1137 323/1045/1137
f 1219/1346/1138 322/1047/1138 323/1045/1138
f 302/1275/1139 1220/1278/1139 1209/1276/1139
f 1220/1278/1140 1221/1347/1140 1209/1276/1140
f 1209/1276/1141 1221/1347/1141 1210/1337/1141
f 1221/1347/1142 1222/1348/1142 1210/1337/1142
f 1210/1337/1143 1222/1348/1143 1211/1338/1143
f 1222/1348/1144 1223/1349/1144 1211/1338/1144
f 1211/1338/1145 1223/1349/1145 1212/1339/1145
f 1223/1349/1146 1224/1350/1146 1212/1339/1146
f 1212/1339/1147 1224/1350/1147 1213/1340/1147
f 1224/1350/1148 1225/1351/1148 1213/1340/1148
f 1213/1340/1149 1225/1351/1149 1214/1341/1149
f 1225/1351/1150 1226/1352/1150 1214/1341/1150
f 1214/1341/1151 1226/1352/1151 1215/1342/1151
f 1226/1352/1152 1227/1353/1152 1215/1342/1152
f 1215/1342/1153 1227/1353/1153 1216/1343/1153
f 1227/1353/1154 1228/1354/1154 1216/1343/1154
f 1216/1343/1155 1228/1354/1155 1217/1344/1155
f 1228/1354/1156 1229/1355/1156 1217/1344/1156
f 1217/1344/1157 1229/1355/1157 1218/1345/1157
f 1229/1355/1158 1230/1356/1158 1218/1345/1158
f 1218/1345/1159 1230/1356/1159 1219/1346/1159
f 1230/1356/1160 1231/1357/1160 1219/1346/1160
f 1219/1346/1161 1231/1357/1161 322/1047/1161
f 1231/1357/1162 321/1049/1162 322/1047/1162
f 301/1277/1163 1232/1280/1163 1220/1278/1163
f 1232/1280/1164 1233/1358/1164 1220/1278/1164
f 1220/1278/1165 1233/1358/1165 1221/1347/1165
f 1233/1358/1166 1234/1359/1166 1221/1347/1166
f 1221/1347/1167 1234/1359/1167 1222/1348/1167
f 1234/1359/1168 1235/1360/1168 1222/1348/1168
f 1222/1348/1169 1235/1360/1169 1223/1349/1169
f 1235/1360/1170 1236/1361/1170 1223/1349/1170
f 1223/1349/1171 1236/1361/1171 1224/1350/1171
f 1236/1361/1172 1237/1362/1172 1224/1350/1172
f 1224/1350/1173 1237/1362/1173 1225/1351/1173
f 1237/1362/1174 1238/1363/1174 1225/1351/1174
f 1225/1351/1175 1238/1363/1175 1226/1352/1175
f 1238/1363/1176 1239/1364/1176 1226/1352/1176
f 1226/1352/1177 1239/1364/1177 1227/1353/1177
f 1239/1364/1178 1240/1365/1178 1227/1353/1178
f 1227/1353/1179 1240/1365/1179 1228/1354/1179
f 1240/1365/1180 1241/1366/1180 1228/1354/1180
f 1228/1354/1181 1241/1366/1181 1229/1355/1181
f 1241/1366/1182 1242/1367/1182 1229/1355/1182
f 1229/1355/1183 1242/1367/1183 1230/1356/1183
f 1242/1367/1184 1243/1368/1184 1230/1356/1184
f 1230/1356/1185 1243/1368/1185 1231/1357/1185
f 1243/1368/1186 1244/1369/1186 1231/1357/1186
f 1231/1357/1187 1244/1369/1187 321/1049/1187
f 1244/1369/1188 320/1051/1188 321/1049/1188
f 300/1279/1189 1245/1282/1189 1232/1280/1189
f 1245/1282/1190 1246/1370/1190 1232/1280/1190
f 1232/1280/1191 1246/1370/1191 1233/1358/1191
f 1246/1370/1192 1247/1371/1192 1233/1358/1192
f 1233/1358/1193 1247/1371/1193 1234/1359/1193
f 1247/1371/1194 1248/1372/1194 1234/1359/1194
f 1234/1359/1195 1248/1372/1195 1235/1360/1195
f 1248/1372/1196 1249/1373/1196 1235/1360/1196
f 1235/1360/1197 1249/1373/1197 1236/1361/1197
f 1249/1373/1198 1250/1374/1198 1236/1361/1198
f 1236/1361/1199 1250/1374/1199 1237/1362/1199
f 1250/1374/1200 1251/1375/1200 1237/1362/1200
f 1237/1362/1201 1251/1375/1201 1238/1363/1201
f 1251/1375/1202 1252/1376/1202 1238/1363/1202
f 1238/1363/1203 1252/1376/1203 1239/1364/1203
f 1252/1376/1204 1253/1377/1204 1239/1364/1204
f 1239/1364/1205 1253/1377/1205 1240/1365/1205
f 1253/1377/1206 1254/1378/1206 1240/1365/1206
f 1240/1365/1207 1254/1378/1207 1241/1366/1207
f 1254/1378/1208 1255/1379/1208 1241/1366/1208
f 1241/1366/1209 1255/1379/1209 1242/1367/1209
f 1255/1379/1210 1256/1380/1210 1242/1367/1210
f 1242/1367/1211 1256/1380/1211 1243/1368/1211
f 1256/1380/1212 1257/1381/1212 1243/1368/1212
f 1243/1368/1213 1257/1381/1213 1244/1369/1213
f 1257/1381/1214 1258/1382/1214 1244/1369/1214
f 1244/1369/1215 1258/1382/1215 320/1051/1215
f 1258/1382/1216 319/1053/1216 320/1051/1216
f 299/1281/1217 1259/1284/1217 1245/1282/1217
f 1259/1284/1218 1260/1383/1218 1245/1282/1218
f 1245/1282/1219 1260/1383/1219 1246/1370/1219
f 1260/1383/1220 1261/1384/1220 1246/1370/1220
f 1246/1370/1221 1261/1384/1221 1247/1371/1221
f 1261/1384/1222 1262/1385/1222 1247/1371/1222
f 1247/1371/1223 1262/1385/1223 1248/1372/1223
f 1262/1385/1224 1263/1386/1224 1248/1372/1224
f 1248/1372/1225 1263/1386/1225 1249/1373/1225
f 1263/1386/1226 1264/1387/1226 1249/1373/1226
f 1249/1373/1227 1264/1387/1227 1250/1374/1227
f 1264/1387/1228 1265/1388/1228 1250/1374/1228
f 1250/1374/1229 1265/1388/1229 1251/1375/1229
f 1265/1388/1230 1266/1389/1230 1251/1375/1230
f 1251/1375/1231 1266/1389/1231 1252/1376/1231
f 1266/1389/1232 1267/1390/1232 1252/1376/1232
f 1252/1376/1233 1267/1390/1233 1253/1377/1233
f 1267/1390/1234 1268/1391/1234 1253/1377/1234
f 1253/1377/1235 1268/1391/1235 1254/1378/1235
f 1268/1391/1236 1269/1392/1236 1254/1378/1236
f 1254/1378/1237 1269/1392/1237 1255/1379/1237
f 1269/1392/1238 1270/1393/1238 1255/1379/1238
f 1255/1379/1239 1270/1393/1239 1256/1380/1239
f 1270/1393/1240 1271/1394/1240 1256/1380/1240
f 1256/1380/1241 1271/1394/1241 1257/1381/1241
f 1271/1394/1242 1272/1395/1242 1257/1381/1242
f 1257/1381/1243 1272/1395/1243 1258/1382/1243
f 1272/1395/1244 1273/1396/1244 1258/1382/1244
f 1258/1382/1245 1273/1396/1245 319/1053/1245
f 1273/1396/1246 318/1055/1246 319/1053/1246
f 298/1283/1247 1274/1286/1247 1259/1284/1247
f 1274/1286/1248 1275/1397/1248 1259/1284/1248
f 1259/1284/1249 1275/1397/1249 1260/1383/1249
f 1275/1397/1250 1276/1398/1250 1260/1383/1250
f 1260/1383/1251 1276/1398/1251 1261/1384/1251
f 1276/1398/1252 1277/1399/1252 1261/1384/1252
f 1261/1384/1253 1277/1399/1253 1262/1385/1253
f 1277/1399/1254 1278/1400/1254 1262/1385/1254
f 1262/1385/1255 1278/1400/1255 1263/1386/1255
f 1278/1400/1256 1279/1401/1256 1263/1386/1256
f 1263/1386/1257 1279/1401/1257 1264/1387/1257
f 1279/1401/1258 1280/1402/1258 1264/1387/1258
f 1264/1387/1259 1280/1402/1259 1265/1388/1259
f 1280/1402/1260 1281/1403/1260 1265/1388/1260
f 1265/1388/1261 1281/1403/1261 1266/1389/1261
f 1281/1403/1262 1282/1404/1262 1266/1389/1262
f 1266/1389/1263 1282/1404/1263 1267/1390/1263
f 1282/1404/1264 1283/1405/1264 1267/1390/1264
f 1267/1390/1265 1283/1405/1265 1268/1391/1265
f 1283/1405/1266 1284/1406/1266 1268/1391/1266
f 1268/1391/1267 1284/1406/1267 1269/1392/1267
f 1284/1406/1268 1285/1407/1268 1269/1392/1268
f 1269/1392/1269 1285/1407/1269 1270/1393/1269
f 1285/1407/1270 1286/1408/1270 1270/1393/1270
f 1270/1393/1271 1286/1408/1271 1271/1394/1271
f 1286/1408/1272 1287/1409/1272 1271/1394/1272
f 1271/1394/1273 1287/1409/1273 1272/1395/1273
f 1287/1409/1274 1288/1410/1274 1272/1395/1274
f 1272/1395/1275 1288/1410/1275 1273/1396/1275
f 1288/1410/1276 1289/1411/1276 1273/1396/1276
f 1273/1396/1277 1289/1411/1277 318/1055/1277
f 1289/1411/1278 317/1057/1278 318/1055/1278
f 297/1285/1279 1290/1288/1279 1274/1286/1279
f 1290/1288/1280 1291/1412/1280 1274/1286/1280
f 1274/1286/1281 1291/1412/1281 1275/1397/1281
f 1291/1412/1282 1292/1413/1282 1275/1397/1282
f 1275/1397/1283 1292/1413/1283 1276/1398/1283
f 1292/1413/1284 1293/1414/1284 1276/1398/1284
f 1276/1398/1285 1293/1414/1285 1277/1399/1285
f 1293/1414/1286 1294/1415/1286 1277/1399/1286
f 1277/1399/1287 1294/1415/1287 1278/1400/1287
f 1294/1415/1288 1295/1416/1288 1278/1400/1288
f 1278/1400/1289 1295/1416/1289 1279/1401/1289
f 1295/1416/1290 1296/1417/1290 1279/1401/1290
f 1279/1401/1291 1296/1417/1291 1280/1402/1291
f 1296/1417/1292 1297/1418/1292 1280/1402/1292
f 1280/1402/1293 1297/1418/1293 1281/1403/1293
f 1297/1418/1294 1298/1419/1294 1281/1403/1294
f 1281/1403/1295 1298/1419/1295 1282/1404/1295
f 1298/1419/1296 1299/1420/1296 1282/1404/1296
f 1282/1404/1297 1299/1420/1297 1283/1405/1297
f 1299/1420/1298 1300/1421/1298 1283/1405/1298
f 1283/1405/1299 1300/1421/1299 1284/1406/1299
f 1300/1421/1300 1301/1422/1300 1284/1406/1300
f 1284/1406/1301 1301/1422/1301 1285/1407/1301
f 1301/1422/1302 1302/1423/1302 1285/1407/1302
f 1285/1407/1303 1302/1423/1303 1286/1408/1303
f 1302/1423/1304 1303/1424/1304 1286/1408/1304
f 1286/1408/1305 1303/1424/1305 1287/1409/1305
f 1303/1424/1306 1304/1425/1306 1287/1409/1306
f 1287/1409/1307 1304/1425/1307 1288/1410/1307
f 1304/1425/31 1305/1426/31 1288/1410/31
f 1288/1410/31 1305/1426/31 1289/1411/31
f 1305/1426/1002 1306/1427/1002 1289/1411/1002
f 1289/1411/31 1306/1427/31 317/1057/31
f 1306/1427/31 316/1059/31 317/1057/31
f 296/1287/31 1307/1290/31 1290/1288/31
f 1307/1290/31 1308/1428/31 1290/1288/31
f 1290/1288/1002 1308/1428/1002 1291/1412/1002
f 1308/1428/31 1309/1429/31 1291/1412/31
f 1291/1412/31 1309/1429/31 1292/1413/31
f 1309/1429/31 1310/1430/31 1292/1413/31
f 1292/1413/31 1310/1430/31 1293/1414/31
f 1310/1430/1002 1311/1431/1002 1293/1414/1002
f 1293/1414/31 1311/1431/31 1294/1415/31
f 1311/1431/31 1312/1432/31 1294/1415/31
f 1294/1415/1002 1312/1432/1002 1295/1416/1002
f 1312/1432/31 1313/1433/31 1295/1416/31
f 1295/1416/31 1313/1433/31 1296/1417/31
f 1313/1433/31 1314/1434/31 1296/1417/31
f 1296/1417/1002 1314/1434/1002 1297/1418/1002
f 1314/1434/31 1315/1435/31 1297/1418/31
f 1297/1418/31 1315/1435/31 1298/1419/31
f 1315/1435/31 1316/1436/31 1298/1419/31
f 1298/1419/31 1316/1436/31 1299/1420/31
f 1316/1436/31 1317/1437/31 1299/1420/31
f 1299/1420/1002 1317/1437/1002 1300/1421/1002
f 1317/1437/31 1318/1438/31 1300/1421/31
f 1300/1421/31 1318/1438/31 1301/1422/31
f 1318/1438/31 1319/1439/31 1301/1422/31
f 1301/1422/1002 1319/1439/1002 1302/1423/1002
f 1319/1439/1002 1320/1440/1002 1302/1423/1002
f 1302/1423/31 1320/1440/31 1303/1424/31
f 1320/1440/1002 1321/1441/1002 1303/1424/1002
f 1303/1424/31 1321/1441/31 1304/1425/31
f 1321/1441/31 1322/1442/31 1304/1425/31
f 1304/1425/1002 1322/1442/1002 1305/1426/1002
f 1322/1442/31 1323/1443/31 1305/1426/31
f 1305/1426/31 1323/1443/31 1306/1427/31
f 1323/1443/31 1324/1444/31 1306/1427/31
f 1306/1427/31 1324/1444/31 316/1059/31
f 1324/1444/1002 315/1061/1002 316/1059/1002
f 295/1289/31 1325/1291/31 1307/1290/31
f 1325/1291/31 1326/1445/31 1307/1290/31
f 1307/1290/31 1326/1445/31 1308/1428/31
f 1326/1445/1002 1327/1446/1002 1308/1428/1002
f 1308/1428/31 1327/1446/31 1309/1429/31
f 1327/1446/31 1328/1447/31 1309/1429/31
f 1309/1429/31 1328/1447/31 1310/1430/31
f 1328/1447/31 1329/1448/31 1310/1430/31
f 1310/1430/31 1329/1448/31 1311/1431/31
f 1329/1448/31 1330/1449/31 1311/1431/31
f 1311/1431/31 1330/1449/31 1312/1432/31
f 1330/1449/1002 1331/1450/1002 1312/1432/1002
f 1312/1432/31 1331/1450/31 1313/1433/31
f 1331/1450/31 1332/1451/31 1313/1433/31
f 1313/1433/1002 1332/1451/1002 1314/1434/1002
f 1332/1451/1002 1333/1452/1002 1314/1434/1002
f 1314/1434/31 1333/1452/31 1315/1435/31
f 1333/1452/31 1334/1453/31 1315/1435/31
f 1315/1435/31 1334/1453/31 1316/1436/31
f 1334/1453/1002 1335/1454/1002 1316/1436/1002
f 1316/1436/31 1335/1454/31 1317/1437/31
f 1335/1454/31 1336/1455/31 1317/1437/31
f 1317/1437/1002 1336/1455/1002 1318/1438/1002
f 1336/1455/31 1337/1456/31 1318/1438/31
f 1318/1438/1002 1337/1456/1002 1319/1439/1002
f 1337/1456/31 1338/1457/31 1319/1439/31
f 1319/1439/31 1338/1457/31 1320/1440/31
f 1338/1457/1002 1339/1458/1002 1320/1440/1002
f 1320/1440/31 1339/1458/31 1321/1441/31
f 1339/1458/31 1340/1459/31 1321/1441/31
f 1321/1441/1002 1340/1459/1002 1322/1442/1002
f 1340/1459/31 1341/1460/31 1322/1442/31
f 1322/1442/1002 1341/1460/1002 1323/1443/1002
f 1341/1460/1002 1342/1461/1002 1323/1443/1002
f 1323/1443/31 1342/1461/31 1324/1444/31
f 1342/1461/31 1343/1462/31 1324/1444/31
f 1324/1444/31 1343/1462/31 315/1061/31
f 1343/1462/31 314/296/31 315/1061/31
f 294/293/31 153/292/31 1325/1291/31
f 153/292/1002 152/1463/1002 1325/1291/1002
f 1325/1291/31 152/1463/31 1326/1445/31
f 152/1463/31 151/1464/31 1326/1445/31
f 1326/1445/31 151/1464/31 1327/1446/31
f 151/1464/1002 150/1465/1002 1327/1446/1002
f 1327/1446/31 150/1465/31 1328/1447/31
f 150/1465/31 149/1466/31 1328/1447/31
f 1328/1447/1002 149/1466/1002 1329/1448/1002
f 149/1466/31 148/1467/31 1329/1448/31
f 1329/1448/31 148/1467/31 1330/1449/31
f 148/1467/31 147/1468/31 1330/1449/31
f 1330/1449/31 147/1468/31 1331/1450/31
f 147/1468/31 146/1469/31 1331/1450/31
f 1331/1450/1002 146/1469/1002 1332/1451/1002
f 146/1469/1002 145/1470/1002 1332/1451/1002
f 1332/1451/31 145/1470/31 1333/1452/31
f 145/1470/31 144/1471/31 1333/1452/31
f 1333/1452/1002 144/1471/1002 1334/1453/1002
f 144/1471/1002 143/1472/1002 1334/1453/1002
f 1334/1453/31 143/1472/31 1335/1454/31
f 143/1472/31 142/1473/31 1335/1454/31
f 1335/1454/1002 142/1473/1002 1336/1455/1002
f 142/1473/1002 141/1474/1002 1336/1455/1002
f 1336/1455/31 141/1474/31 1337/1456/31
f 141/1474/31 140/1475/31 1337/1456/31
f 1337/1456/31 140/1475/31 1338/1457/31
f 140/1475/1002 139/1476/1002 1338/1457/1002
f 1338/1457/31 139/1476/31 1339/1458/31
f 139/1476/31 138/1477/31 1339/1458/31
f 1339/1458/31 138/1477/31 1340/1459/31
f 138/1477/31 137/1478/31 1340/1459/31
f 1340/1459/1002 137/1478/1002 1341/1460/1002
f 137/1478/31 136/1479/31 1341/1460/31
f 1341/1460/31 136/1479/31 1342/1461/31
f 136/1479/1002 135/1480/1002 1342/1461/1002
f 1342/1461/1002 135/1480/1002 1343/1462/1002
f 135/1480/31 134/1481/31 1343/1462/31
f 1343/1462/1002 134/1481/1002 314/296/1002
f 134/1481/31 49/294/31 314/296/31
f 274/301/30 313/1254/30 39/111/30
f 275/587/30 1344/1482/30 274/301/30
f 276/585/30 1345/1483/30 275/587/30
f 277/583/30 1347/1484/30 276/585/30
f 278/581/30 1350/1485/30 277/583/30
f 279/579/30 1354/1486/30 278/581/30
f 280/577/30 1359/1487/30 279/579/30
f 281/575/1308 1365/1488/1308 280/577/1308
f 282/573/1309 1372/1489/1309 281/575/1309
f 283/571/1310 1380/1490/1310 282/573/1310
f 284/569/1311 1389/1491/1311 283/571/1311
f 285/567/1312 1399/1492/1312 284/569/1312
f 286/565/1313 1410/1493/1313 285/567/1313
f 287/563/1314 1422/1494/1314 286/565/1314
f 288/561/1315 1435/1495/1315 287/563/1315
f 289/559/1316 1449/1496/1316 288/561/1316
f 290/557/1317 1464/1497/1317 289/559/1317
f 291/555/1318 1480/1498/1318 290/557/1318
f 292/553/1319 1497/1499/1319 291/555/1319
f 293/290/30 1515/1500/30 292/553/30
f 274/301/30 1344/1482/30 313/1254/30
f 1344/1482/30 312/1255/30 313/1254/30
f 275/587/30 1345/1483/30 1344/1482/30
f 1345/1483/30 1346/1501/30 1344/1482/30
f 1344/1482/30 1346/1501/30 312/1255/30
f 1346/1501/30 311/1257/30 312/1255/30
f 276/585/30 1347/1484/30 1345/1483/30
f 1347/1484/30 1348/1502/30 1345/1483/30
f 1345/1483/30 1348/1502/30 1346/1501/30
f 1348/1502/30 1349/1503/30 1346/1501/30
f 1346/1501/30 1349/1503/30 311/1257/30
f 1349/1503/30 310/1259/30 311/1257/30
f 277/583/30 1350/1485/30 1347/1484/30
f 1350/1485/1320 1351/1504/1320 1347/1484/1320
f 1347/1484/1321 1351/1504/1321 1348/1502/1321
f 1351/1504/1322 1352/1505/1322 1348/1502/1322
f 1348/1502/1323 1352/1505/1323 1349/1503/1323
f 1352/1505/1324 1353/1506/1324 1349/1503/1324
f 1349/1503/1325 1353/1506/1325 310/1259/1325
f 1353/1506/1326 309/1261/1326 310/1259/1326
f 278/581/30 1354/1486/30 1350/1485/30
f 1354/1486/1327 1355/1507/1327 1350/1485/1327
f 1350/1485/1328 1355/1507/1328 1351/1504/1328
f 1355/1507/1329 1356/1508/1329 1351/1504/1329
f 1351/1504/1330 1356/1508/1330 1352/1505/1330
f 1356/1508/1331 1357/1509/1331 1352/1505/1331
f 1352/1505/1332 1357/1509/1332 1353/1506/1332
f 1357/1509/1333 1358/1510/1333 1353/1506/1333
f 1353/1506/1334 1358/1510/1334 309/1261/1334
f 1358/1510/1335 308/1263/1335 309/1261/1335
f 279/579/30 1359/1487/30 1354/1486/30
f 1359/1487/1336 1360/1511/1336 1354/1486/1336
f 1354/1486/1337 1360/1511/1337 1355/1507/1337
f 1360/1511/1338 1361/1512/1338 1355/1507/1338
f 1355/1507/1339 1361/1512/1339 1356/1508/1339
f 1361/1512/1340 1362/1513/1340 1356/1508/1340
f 1356/1508/1341 1362/1513/1341 1357/1509/1341
f 1362/1513/1342 1363/1514/1342 1357/1509/1342
f 1357/1509/1343 1363/1514/1343 1358/1510/1343
f 1363/1514/1344 1364/1515/1344 1358/1510/1344
f 1358/1510/1345 1364/1515/1345 308/1263/1345
f 1364/1515/1346 307/1265/1346 308/1263/1346
f 280/577/1347 1365/1488/1347 1359/1487/1347
f 1365/1488/1348 1366/1516/1348 1359/1487/1348
f 1359/1487/1349 1366/1516/1349 1360/1511/1349
f 1366/1516/1350 1367/1517/1350 1360/1511/1350
f 1360/1511/1351 1367/1517/1351 1361/1512/1351
f 1367/1517/1352 1368/1518/1352 1361/1512/1352
f 1361/1512/1353 1368/1518/1353 1362/1513/1353
f 1368/1518/1354 1369/1519/1354 1362/1513/1354
f 1362/1513/1355 1369/1519/1355 1363/1514/1355
f 1369/1519/1356 1370/1520/1356 1363/1514/1356
f 1363/1514/1357 1370/1520/1357 1364/1515/1357
f 1370/1520/1358 1371/1521/1358 1364/1515/1358
f 1364/1515/1359 1371/1521/1359 307/1265/1359
f 1371/1521/1360 306/1267/1360 307/1265/1360
f 281/575/1361 1372/1489/1361 1365/1488/1361
f 1372/1489/1362 1373/1522/1362 1365/1488/1362
f 1365/1488/1363 1373/1522/1363 1366/1516/1363
f 1373/1522/1364 1374/1523/1364 1366/1516/1364
f 1366/1516/1365 1374/1523/1365 1367/1517/1365
f 1374/1523/1366 1375/1524/1366 1367/1517/1366
f 1367/1517/1367 1375/1524/1367 1368/1518/1367
f 1375/1524/1368 1376/1525/1368 1368/1518/1368
f 1368/1518/1369 1376/1525/1369 1369/1519/1369
f 1376/1525/1370 1377/1526/1370 1369/1519/1370
f 1369/1519/1371 1377/1526/1371 1370/1520/1371
f 1377/1526/1372 1378/1527/1372 1370/1520/1372
f 1370/1520/1373 1378/1527/1373 1371/1521/1373
f 1378/1527/1374 1379/1528/1374 1371/1521/1374
f 1371/1521/1375 1379/1528/1375 306/1267/1375
f 1379/1528/1376 305/1269/1376 306/1267/1376
f 282/573/1377 1380/1490/1377 1372/1489/1377
f 1380/1490/1378 1381/1529/1378 1372/1489/1378
f 1372/1489/1379 1381/1529/1379 1373/1522/1379
f 1381/1529/1380 1382/1530/1380 1373/1522/1380
f 1373/1522/1381 1382/1530/1381 1374/1523/1381
f 1382/1530/1382 1383/1531/1382 1374/1523/1382
f 1374/1523/1383 1383/1531/1383 1375/1524/1383
f 1383/1531/1384 1384/1532/1384 1375/1524/1384
f 1375/1524/1385 1384/1532/1385 1376/1525/1385
f 1384/1532/1386 1385/1533/1386 1376/1525/1386
f 1376/1525/1387 1385/1533/1387 1377/1526/1387
f 1385/1533/1388 1386/1534/1388 1377/1526/1388
f 1377/1526/1389 1386/1534/1389 1378/1527/1389
f 1386/1534/1390 1387/1535/1390 1378/1527/1390
f 1378/1527/1391 1387/1535/1391 1379/1528/1391
f 1387/1535/1392 1388/1536/1392 1379/1528/1392
f 1379/1528/1393 1388/1536/1393 305/1269/1393
f 1388/1536/1394 304/1271/1394 305/1269/1394
f 283/571/1395 1389/1491/1395 1380/1490/1395
f 1389/1491/1396 1390/1537/1396 1380/1490/1396
f 1380/1490/1397 1390/1537/1397 1381/1529/1397
f 1390/1537/1398 1391/1538/1398 1381/1529/1398
f 1381/1529/1399 1391/1538/1399 1382/1530/1399
f 1391/1538/1400 1392/1539/1400 1382/1530/1400
f 1382/1530/1401 1392/1539/1401 1383/1531/1401
f 1392/1539/1402 1393/1540/1402 1383/1531/1402
f 1383/1531/1403 1393/1540/1403 1384/1532/1403
f 1393/1540/1404 1394/1541/1404 1384/1532/1404
f 1384/1532/1405 1394/1541/1405 1385/1533/1405
f 1394/1541/1406 1395/1542/1406 1385/1533/1406
f 1385/1533/1407 1395/1542/1407 1386/1534/1407
f 1395/1542/1408 1396/1543/1408 1386/1534/1408
f 1386/1534/1409 1396/1543/1409 1387/1535/1409
f 1396/1543/1410 1397/1544/1410 1387/1535/1410
f 1387/1535/1411 1397/1544/1411 1388/1536/1411
f 1397/1544/1412 1398/1545/1412 1388/1536/1412
f 1388/1536/1413 1398/1545/1413 304/1271/1413
f 1398/1545/1414 303/1273/1414 304/1271/1414
f 284/569/1415 1399/1492/1415 1389/1491/1415
f 1399/1492/1416 1400/1546/1416 1389/1491/1416
f 1389/1491/1417 1400/1546/1417 1390/1537/1417
f 1400/1546/1418 1401/1547/1418 1390/1537/1418
f 1390/1537/1419 1401/1547/1419 1391/1538/1419
f 1401/1547/1420 1402/1548/1420 1391/1538/1420
f 1391/1538/1421 1402/1548/1421 1392/1539/1421
f 1402/1548/1422 1403/1549/1422 1392/1539/1422
f 1392/1539/1423 1403/1549/1423 1393/1540/1423
f 1403/1549/1424 1404/1550/1424 1393/1540/1424
f 1393/1540/1425 1404/1550/1425 1394/1541/1425
f 1404/1550/1426 1405/1551/1426 1394/1541/1426
f 1394/1541/1427 1405/1551/1427 1395/1542/1427
f 1405/1551/1428 1406/1552/1428 1395/1542/1428
f 1395/1542/1429 1406/1552/1429 1396/1543/1429
f 1406/1552/1430 1407/1553/1430 1396/1543/1430
f 1396/1543/1431 1407/1553/1431 1397/1544/1431
f 1407/1553/1432 1408/1554/1432 1397/1544/1432
f 1397/1544/1433 1408/1554/1433 1398/1545/1433
f 1408/1554/1434 1409/1555/1434 1398/1545/1434
f 1398/1545/1435 1409/1555/1435 303/1273/1435
f 1409/1555/1436 302/1275/1436 303/1273/1436
f 285/567/1437 1410/1493/1437 1399/1492/1437
f 1410/1493/1438 1411/1556/1438 1399/1492/1438
f 1399/1492/1439 1411/1556/1439 1400/1546/1439
f 1411/1556/1440 1412/1557/1440 1400/1546/1440
f 1400/1546/1441 1412/1557/1441 1401/1547/1441
f 1412/1557/1442 1413/1558/1442 1401/1547/1442
f 1401/1547/1443 1413/1558/1443 1402/1548/1443
f 1413/1558/1444 1414/1559/1444 1402/1548/1444
f 1402/1548/1445 1414/1559/1445 1403/1549/1445
f 1414/1559/1446 1415/1560/1446 1403/1549/1446
f 1403/1549/1447 1415/1560/1447 1404/1550/1447
f 1415/1560/1448 1416/1561/1448 1404/1550/1448
f 1404/1550/1449 1416/1561/1449 1405/1551/1449
f 1416/1561/1450 1417/1562/1450 1405/1551/1450
f 1405/1551/1451 1417/1562/1451 1406/1552/1451
f 1417/1562/1452 1418/1563/1452 1406/1552/1452
f 1406/1552/1453 1418/1563/1453 1407/1553/1453
f 1418/1563/1454 1419/1564/1454 1407/1553/1454
f 1407/1553/1455 1419/1564/1455 1408/1554/1455
f 1419/1564/1456 1420/1565/1456 1408/1554/1456
f 1408/1554/1457 1420/1565/1457 1409/1555/1457
f 1420/1565/1458 1421/1566/1458 1409/1555/1458
f 1409/1555/1459 1421/1566/1459 302/1275/1459
f 1421/1566/1460 301/1277/1460 302/1275/1460
f 286/565/1461 1422/1494/1461 1410/1493/1461
f 1422/1494/1462 1423/1567/1462 1410/1493/1462
f 1410/1493/1463 1423/1567/1463 1411/1556/1463
f 1423/1567/1464 1424/1568/1464 1411/1556/1464
f 1411/1556/1465 1424/1568/1465 1412/1557/1465
f 1424/1568/1466 1425/1569/1466 1412/1557/1466
f 1412/1557/1467 1425/1569/1467 1413/1558/1467
f 1425/1569/1468 1426/1570/1468 1413/1558/1468
f 1413/1558/1469 1426/1570/1469 1414/1559/1469
f 1426/1570/1470 1427/1571/1470 1414/1559/1470
f 1414/1559/1471 1427/1571/1471 1415/1560/1471
f 1427/1571/1472 1428/1572/1472 1415/1560/1472
f 1415/1560/1473 1428/1572/1473 1416/1561/1473
f 1428/1572/1474 1429/1573/1474 1416/1561/1474
f 1416/1561/1475 1429/1573/1475 1417/1562/1475
f 1429/1573/1476 1430/1574/1476 1417/1562/1476
f 1417/1562/1477 1430/1574/1477 1418/1563/1477
f 1430/1574/1478 1431/1575/1478 1418/1563/1478
f 1418/1563/1479 1431/1575/1479 1419/1564/1479
f 1431/1575/1480 1432/1576/1480 1419/1564/1480
f 1419/1564/1481 1432/1576/1481 1420/1565/1481
f 1432/1576/1482 1433/1577/1482 1420/1565/1482
f 1420/1565/1483 1433/1577/1483 1421/1566/1483
f 1433/1577/1484 1434/1578/1484 1421/1566/1484
f 1421/1566/1485 1434/1578/1485 301/1277/1485
f 1434/1578/1486 300/1279/1486 301/1277/1486
f 287/563/1487 1435/1495/1487 1422/1494/1487
f 1435/1495/1488 1436/1579/1488 1422/1494/1488
f 1422/1494/1489 1436/1579/1489 1423/1567/1489
f 1436/1579/1490 1437/1580/1490 1423/1567/1490
f 1423/1567/1491 1437/1580/1491 1424/1568/1491
f 1437/1580/1492 1438/1581/1492 1424/1568/1492
f 1424/1568/1493 1438/1581/1493 1425/1569/1493
f 1438/1581/1494 1439/1582/1494 1425/1569/1494
f 1425/1569/1495 1439/1582/1495 1426/1570/1495
f 1439/1582/1496 1440/1583/1496 1426/1570/1496
f 1426/1570/1497 1440/1583/1497 1427/1571/1497
f 1440/1583/1498 1441/1584/1498 1427/1571/1498
f 1427/1571/1499 1441/1584/1499 1428/1572/1499
f 1441/1584/1500 1442/1585/1500 1428/1572/1500
f 1428/1572/1501 1442/1585/1501 1429/1573/1501
f 1442/1585/1502 1443/1586/1502 1429/1573/1502
f 1429/1573/1503 1443/1586/1503 1430/1574/1503
f 1443/1586/1504 1444/1587/1504 1430/1574/1504
f 1430/1574/1505 1444/1587/1505 1431/1575/1505
f 1444/1587/1506 1445/1588/1506 1431/1575/1506
f 1431/1575/1507 1445/1588/1507 1432/1576/1507
f 1445/1588/1508 1446/1589/1508 1432/1576/1508
f 1432/1576/1509 1446/1589/1509 1433/1577/1509
f 1446/1589/1510 1447/1590/1510 1433/1577/1510
f 1433/1577/1511 1447/1590/1511 1434/1578/1511
f 1447/1590/1512 1448/1591/1512 1434/1578/1512
f 1434/1578/1513 1448/1591/1513 300/1279/1513
f 1448/1591/1514 299/1281/1514 300/1279/1514
f 288/561/1515 1449/1496/1515 1435/1495/1515
f 1449/1496/1516 1450/1592/1516 1435/1495/1516
f 1435/1495/1517 1450/1592/1517 1436/1579/1517
f 1450/1592/1518 1451/1593/1518 1436/1579/1518
f 1436/1579/1519 1451/1593/1519 1437/1580/1519
f 1451/1593/1520 1452/1594/1520 1437/1580/1520
f 1437/1580/1521 1452/1594/1521 1438/1581/1521
f 1452/1594/1522 1453/1595/1522 1438/1581/1522
f 1438/1581/1523 1453/1595/1523 1439/1582/1523
f 1453/1595/1524 1454/1596/1524 1439/1582/1524
f 1439/1582/1525 1454/1596/1525 1440/1583/1525
f 1454/1596/1526 1455/1597/1526 1440/1583/1526
f 1440/1583/1527 1455/1597/1527 1441/1584/1527
f 1455/1597/1528 1456/1598/1528 1441/1584/1528
f 1441/1584/1529 1456/1598/1529 1442/1585/1529
f 1456/1598/1530 1457/1599/1530 1442/1585/1530
f 1442/1585/1531 1457/1599/1531 1443/1586/1531
f 1457/1599/1532 1458/1600/1532 1443/1586/1532
f 1443/1586/1533 1458/1600/1533 1444/1587/1533
f 1458/1600/1534 1459/1601/1534 1444/1587/1534
f 1444/1587/1535 1459/1601/1535 1445/1588/1535
f 1459/1601/1536 1460/1602/1536 1445/1588/1536
f 1445/1588/1508 1460/1602/1508 1446/1589/1508
f 1460/1602/1537 1461/1603/1537 1446/1589/1537
f 1446/1589/1538 1461/1603/1538 1447/1590/1538
f 1461/1603/1539 1462/1604/1539 1447/1590/1539
f 1447/1590/1540 1462/1604/1540 1448/1591/1540
f 1462/1604/1541 1463/1605/1541 1448/1591/1541
f 1448/1591/1542 1463/1605/1542 299/1281/1542
f 1463/1605/1543 298/1283/1543 299/1281/1543
f 289/559/1544 1464/1497/1544 1449/1496/1544
f 1464/1497/1545 1465/1606/1545 1449/1496/1545
f 1449/1496/1546 1465/1606/1546 1450/1592/1546
f 1465/1606/1547 1466/1607/1547 1450/1592/1547
f 1450/1592/1548 1466/1607/1548 1451/1593/1548
f 1466/1607/1549 1467/1608/1549 1451/1593/1549
f 1451/1593/1550 1467/1608/1550 1452/1594/1550
f 1467/1608/1551 1468/1609/1551 1452/1594/1551
f 1452/1594/1552 1468/1609/1552 1453/1595/1552
f 1468/1609/1553 1469/1610/1553 1453/1595/1553
f 1453/1595/1554 1469/1610/1554 1454/1596/1554
f 1469/1610/1555 1470/1611/1555 1454/1596/1555
f 1454/1596/1556 1470/1611/1556 1455/1597/1556
f 1470/1611/1557 1471/1612/1557 1455/1597/1557
f 1455/1597/1558 1471/1612/1558 1456/1598/1558
f 1471/1612/1559 1472/1613/1559 1456/1598/1559
f 1456/1598/1560 1472/1613/1560 1457/1599/1560
f 1472/1613/1561 1473/1614/1561 1457/1599/1561
f 1457/1599/1562 1473/1614/1562 1458/1600/1562
f 1473/1614/1563 1474/1615/1563 1458/1600/1563
f 1458/1600/1564 1474/1615/1564 1459/1601/1564
f 1474/1615/1565 1475/1616/1565 1459/1601/1565
f 1459/1601/1566 1475/1616/1566 1460/1602/1566
f 1475/1616/1567 1476/1617/1567 1460/1602/1567
f 1460/1602/1568 1476/1617/1568 1461/1603/1568
f 1476/1617/1569 1477/1618/1569 1461/1603/1569
f 1461/1603/1570 1477/1618/1570 1462/1604/1570
f 1477/1618/1571 1478/1619/1571 1462/1604/1571
f 1462/1604/1572 1478/1619/1572 1463/1605/1572
f 1478/1619/1573 1479/1620/1573 1463/1605/1573
f 1463/1605/1574 1479/1620/1574 298/1283/1574
f 1479/1620/1575 297/1285/1575 298/1283/1575
f 290/557/1576 1480/1498/1576 1464/1497/1576
f 1480/1498/1577 1481/1621/1577 1464/1497/1577
f 1464/1497/1578 1481/1621/1578 1465/1606/1578
f 1481/1621/1579 1482/1622/1579 1465/1606/1579
f 1465/1606/1580 1482/1622/1580 1466/1607/1580
f 1482/1622/1581 1483/1623/1581 1466/1607/1581
f 1466/1607/1582 1483/1623/1582 1467/1608/1582
f 1483/1623/1583 1484/1624/1583 1467/1608/1583
f 1467/1608/1584 1484/1624/1584 1468/1609/1584
f 1484/1624/1585 1485/1625/1585 1468/1609/1585
f 1468/1609/1586 1485/1625/1586 1469/1610/1586
f 1485/1625/1587 1486/1626/1587 1469/1610/1587
f 1469/1610/1588 1486/1626/1588 1470/1611/1588
f 1486/1626/1589 1487/1627/1589 1470/1611/1589
f 1470/1611/1590 1487/1627/1590 1471/1612/1590
f 1487/1627/1591 1488/1628/1591 1471/1612/1591
f 1471/1612/1592 1488/1628/1592 1472/1613/1592
f 1488/1628/1593 1489/1629/1593 1472/1613/1593
f 1472/1613/1594 1489/1629/1594 1473/1614/1594
f 1489/1629/1595 1490/1630/1595 1473/1614/1595
f 1473/1614/1596 1490/1630/1596 1474/1615/1596
f 1490/1630/1597 1491/1631/1597 1474/1615/1597
f 1474/1615/1598 1491/1631/1598 1475/1616/1598
f 1491/1631/1599 1492/1632/1599 1475/1616/1599
f 1475/1616/1600 1492/1632/1600 1476/1617/1600
f 1492/1632/1601 1493/1633/1601 1476/1617/1601
f 1476/1617/1602 1493/1633/1602 1477/1618/1602
f 1493/1633/1603 1494/1634/1603 1477/1618/1603
f 1477/1618/1604 1494/1634/1604 1478/1619/1604
f 1494/1634/1605 1495/1635/1605 1478/1619/1605
f 1478/1619/1606 1495/1635/1606 1479/1620/1606
f 1495/1635/1607 1496/1636/1607 1479/1620/1607
f 1479/1620/1608 1496/1636/1608 297/1285/1608
f 1496/1636/1609 296/1287/1609 297/1285/1609
f 291/555/1610 1497/1499/1610 1480/1498/1610
f 1497/1499/1611 1498/1637/1611 1480/1498/1611
f 1480/1498/1612 1498/1637/1612 1481/1621/1612
f 1498/1637/1613 1499/1638/1613 1481/1621/1613
f 1481/1621/1614 1499/1638/1614 1482/1622/1614
f 1499/1638/1615 1500/1639/1615 1482/1622/1615
f 1482/1622/1616 1500/1639/1616 1483/1623/1616
f 1500/1639/1617 1501/1640/1617 1483/1623/1617
f 1483/1623/1618 1501/1640/1618 1484/1624/1618
f 1501/1640/1619 1502/1641/1619 1484/1624/1619
f 1484/1624/1620 1502/1641/1620 1485/1625/1620
f 1502/1641/1621 1503/1642/1621 1485/1625/1621
f 1485/1625/1622 1503/1642/1622 1486/1626/1622
f 1503/1642/1623 1504/1643/1623 1486/1626/1623
f 1486/1626/1624 1504/1643/1624 1487/1627/1624
f 1504/1643/1625 1505/1644/1625 1487/1627/1625
f 1487/1627/1626 1505/1644/1626 1488/1628/1626
f 1505/1644/1627 1506/1645/1627 1488/1628/1627
f 1488/1628/1628 1506/1645/1628 1489/1629/1628
f 1506/1645/1629 1507/1646/1629 1489/1629/1629
f 1489/1629/1630 1507/1646/1630 1490/1630/1630
f 1507/1646/1631 1508/1647/1631 1490/1630/1631
f 1490/1630/1632 1508/1647/1632 1491/1631/1632
f 1508/1647/1633 1509/1648/1633 1491/1631/1633
f 1491/1631/1634 1509/1648/1634 1492/1632/1634
f 1509/1648/1635 1510/1649/1635 1492/1632/1635
f 1492/1632/1636 1510/1649/1636 1493/1633/1636
f 1510/1649/1637 1511/1650/1637 1493/1633/1637
f 1493/1633/1638 1511/1650/1638 1494/1634/1638
f 1511/1650/1639 1512/1651/1639 1494/1634/1639
f 1494/1634/1640 1512/1651/1640 1495/1635/1640
f 1512/1651/1641 1513/1652/1641 1495/1635/1641
f 1495/1635/1642 1513/1652/1642 1496/1636/1642
f 1513/1652/30 1514/1653/30 1496/1636/30
f 1496/1636/30 1514/1653/30 296/1287/30
f 1514/1653/30 295/1289/30 296/1287/30
f 292/553/30 1515/1500/30 1497/1499/30
f 1515/1500/30 1516/1654/30 1497/1499/30
f 1497/1499/1643 1516/1654/1643 1498/1637/1643
f 1516/1654/1644 1517/1655/1644 1498/1637/1644
f 1498/1637/1645 1517/1655/1645 1499/1638/1645
f 1517/1655/1646 1518/1656/1646 1499/1638/1646
f 1499/1638/1647 1518/1656/1647 1500/1639/1647
f 1518/1656/1648 1519/1657/1648 1500/1639/1648
f 1500/1639/1649 1519/1657/1649 1501/1640/1649
f 1519/1657/1650 1520/1658/1650 1501/1640/1650
f 1501/1640/1651 1520/1658/1651 1502/1641/1651
f 1520/1658/30 1521/1659/30 1502/1641/30
f 1502/1641/30 1521/1659/30 1503/1642/30
f 1521/1659/30 1522/1660/30 1503/1642/30
f 1503/1642/30 1522/1660/30 1504/1643/30
f 1522/1660/30 1523/1661/30 1504/1643/30
f 1504/1643/30 1523/1661/30 1505/1644/30
f 1523/1661/30 1524/1662/30 1505/1644/30
f 1505/1644/30 1524/1662/30 1506/1645/30
f 1524/1662/30 1525/1663/30 1506/1645/30
f 1506/1645/30 1525/1663/30 1507/1646/30
f 1525/1663/30 1526/1664/30 1507/1646/30
f 1507/1646/30 1526/1664/30 1508/1647/30
f 1526/1664/30 1527/1665/30 1508/1647/30
f 1508/1647/30 1527/1665/30 1509/1648/30
f 1527/1665/30 1528/1666/30 1509/1648/30
f 1509/1648/30 1528/1666/30 1510/1649/30
f 1528/1666/30 1529/1667/30 1510/1649/30
f 1510/1649/30 1529/1667/30 1511/1650/30
f 1529/1667/30 1530/1668/30 1511/1650/30
f 1511/1650/30 1530/1668/30 1512/1651/30
f 1530/1668/30 1531/1669/30 1512/1651/30
f 1512/1651/30 1531/1669/30 1513/1652/30
f 1531/1669/30 1532/1670/30 1513/1652/30
f 1513/1652/30 1532/1670/30 1514/1653/30
f 1532/1670/30 1533/1671/30 1514/1653/30
f 1514/1653/30 1533/1671/30 295/1289/30
f 1533/1671/30 294/293/30 295/1289/30
f 293/290/30 173/289/30 1515/1500/30
f 173/289/30 172/1672/30 1515/1500/30
f 1515/1500/30 172/1672/30 1516/1654/30
f 172/1672/30 171/1673/30 1516/1654/30
f 1516/1654/30 171/1673/30 1517/1655/30
f 171/1673/30 170/1674/30 1517/1655/30
f 1517/1655/30 170/1674/30 1518/1656/30
f 170/1674/30 169/1675/30 1518/1656/30
f 1518/1656/30 169/1675/30 1519/1657/30
f 169/1675/30 168/1676/30 1519/1657/30
f 1519/1657/30 168/1676/30 1520/1658/30
f 168/1676/30 167/1677/30 1520/1658/30
f 1520/1658/30 167/1677/30 1521/1659/30
f 167/1677/30 166/1678/30 1521/1659/30
f 1521/1659/30 166/1678/30 1522/1660/30
f 166/1678/30 165/1679/30 1522/1660/30
f 1522/1660/30 165/1679/30 1523/1661/30
f 165/1679/30 164/1680/30 1523/1661/30
f 1523/1661/30 164/1680/30 1524/1662/30
f 164/1680/30 163/1681/30 1524/1662/30
f 1524/1662/30 163/1681/30 1525/1663/30
f 163/1681/30 162/1682/30 1525/1663/30
f 1525/1663/30 162/1682/30 1526/1664/30
f 162/1682/30 161/1683/30 1526/1664/30
f 1526/1664/30 161/1683/30 1527/1665/30
f 161/1683/30 160/1684/30 1527/1665/30
f 1527/1665/30 160/1684/30 1528/1666/30
f 160/1684/30 159/1685/30 1528/1666/30
f 1528/1666/30 159/1685/30 1529/1667/30
f 159/1685/30 158/1686/30 1529/1667/30
f 1529/1667/30 158/1686/30 1530/1668/30
f 158/1686/30 157/1687/30 1530/1668/30
f 1530/1668/30 157/1687/30 1531/1669/30
f 157/1687/30 156/1688/30 1531/1669/30
f 1531/1669/30 156/1688/30 1532/1670/30
f 156/1688/30 155/1689/30 1532/1670/30
f 1532/1670/30 155/1689/30 1533/1671/30
f 155/1689/30 154/1690/30 1533/1671/30
f 1533/1671/30 154/1690/30 294/293/30
f 154/1690/30 47/291/30 294/293/30
f 114/1691/1652 73/118/1652 45/117/1652
f 115/1692/24 1534/1693/24 114/1691/24
f 116/1694/24 1535/1695/24 115/1692/24
f 117/1696/24 1537/1697/24 116/1694/24
f 118/1698/24 1540/1699/24 117/1696/24
f 119/1700/1652 1544/1701/1652 118/1698/1652
f 120/1702/24 1549/1703/24 119/1700/24
f 121/1704/1652 1555/1705/1652 120/1702/1652
f 122/1706/24 1562/1707/24 121/1704/24
f 123/1708/24 1570/1709/24 122/1706/24
f 124/1710/24 1579/1711/24 123/1708/24
f 125/1712/1652 1589/1713/1652 124/1710/1652
f 126/1714/1652 1600/1715/1652 125/1712/1652
f 127/1716/24 1612/1717/24 126/1714/24
f 128/1718/24 1625/1719/24 127/1716/24
f 129/1720/1652 1639/1721/1652 128/1718/1652
f 130/1722/1652 1654/1723/1652 129/1720/1652
f 131/1724/24 1670/1725/24 130/1722/24
f 132/1726/24 1687/1727/24 131/1724/24
f 133/113/24 1705/1728/24 132/1726/24
f 114/1691/24 1534/1693/24 73/118/24
f 1534/1693/24 72/119/24 73/118/24
f 115/1692/1652 1535/1695/1652 1534/1693/1652
f 1535/1695/24 1536/1729/24 1534/1693/24
f 1534/1693/1652 1536/1729/1652 72/119/1652
f 1536/1729/24 71/120/24 72/119/24
f 116/1694/24 1537/1697/24 1535/1695/24
f 1537/1697/1652 1538/1730/1652 1535/1695/1652
f 1535/1695/24 1538/1730/24 1536/1729/24
f 1538/1730/24 1539/1731/24 1536/1729/24
f 1536/1729/24 1539/1731/24 71/120/24
f 1539/1731/1652 70/121/1652 71/120/1652
f 117/1696/24 1540/1699/24 1537/1697/24
f 1540/1699/24 1541/1732/24 1537/1697/24
f 1537/1697/24 1541/1732/24 1538/1730/24
f 1541/1732/24 1542/1733/24 1538/1730/24
f 1538/1730/24 1542/1733/24 1539/1731/24
f 1542/1733/24 1543/1734/24 1539/1731/24
f 1539/1731/24 1543/1734/24 70/121/24
f 1543/1734/24 69/122/24 70/121/24
f 118/1698/24 1544/1701/24 1540/1699/24
f 1544/1701/24 1545/1735/24 1540/1699/24
f 1540/1699/1652 1545/1735/1652 1541/1732/1652
f 1545/1735/24 1546/1736/24 1541/1732/24
f 1541/1732/24 1546/1736/24 1542/1733/24
f 1546/1736/24 1547/1737/24 1542/1733/24
f 1542/1733/1652 1547/1737/1652 1543/1734/1652
f 1547/1737/24 1548/1738/24 1543/1734/24
f 1543/1734/24 1548/1738/24 69/122/24
f 1548/1738/1652 68/123/1652 69/122/1652
f 119/1700/1652 1549/1703/1652 1544/1701/1652
f 1549/1703/24 1550/1739/24 1544/1701/24
f 1544/1701/24 1550/1739/24 1545/1735/24
f 1550/1739/1652 1551/1740/1652 1545/1735/1652
f 1545/1735/24 1551/1740/24 1546/1736/24
f 1551/1740/1652 1552/1741/1652 1546/1736/1652
f 1546/1736/24 1552/1741/24 1547/1737/24
f 1552/1741/1652 1553/1742/1652 1547/1737/1652
f 1547/1737/24 1553/1742/24 1548/1738/24
f 1553/1742/24 1554/1743/24 1548/1738/24
f 1548/1738/24 1554/1743/24 68/123/24
f 1554/1743/24 67/124/24 68/123/24
f 120/1702/24 1555/1705/24 1549/1703/24
f 1555/1705/1652 1556/1744/1652 1549/1703/1652
f 1549/1703/1652 1556/1744/1652 1550/1739/1652
f 1556/1744/24 1557/1745/24 1550/1739/24
f 1550/1739/24 1557/1745/24 1551/1740/24
f 1557/1745/24 1558/1746/24 1551/1740/24
f 1551/1740/24 1558/1746/24 1552/1741/24
f 1558/1746/1653 1559/1747/1653 1552/1741/1653
f 1552/1741/324 1559/1747/324 1553/1742/324
f 1559/1747/1654 1560/1748/1654 1553/1742/1654
f 1553/1742/1652 1560/1748/1652 1554/1743/1652
f 1560/1748/24 1561/1749/24 1554/1743/24
f 1554/1743/24 1561/1749/24 67/124/24
f 1561/1749/1652 66/125/1652 67/124/1652
f 121/1704/24 1562/1707/24 1555/1705/24
f 1562/1707/24 1563/1750/24 1555/1705/24
f 1555/1705/24 1563/1750/24 1556/1744/24
f 1563/1750/1652 1564/1751/1652 1556/1744/1652
f 1556/1744/24 1564/1751/24 1557/1745/24
f 1564/1751/1655 1565/1752/1655 1557/1745/1655
f 1557/1745/1656 1565/1752/1656 1558/1746/1656
f 1565/1752/1657 1566/1753/1657 1558/1746/1657
f 1558/1746/1658 1566/1753/1658 1559/1747/1658
f 1566/1753/1659 1567/1754/1659 1559/1747/1659
f 1559/1747/1660 1567/1754/1660 1560/1748/1660
f 1567/1754/1661 1568/1755/1661 1560/1748/1661
f 1560/1748/24 1568/1755/24 1561/1749/24
f 1568/1755/24 1569/1756/24 1561/1749/24
f 1561/1749/24 1569/1756/24 66/125/24
f 1569/1756/24 65/126/24 66/125/24
f 122/1706/24 1570/1709/24 1562/1707/24
f 1570/1709/24 1571/1757/24 1562/1707/24
f 1562/1707/24 1571/1757/24 1563/1750/24
f 1571/1757/24 1572/1758/24 1563/1750/24
f 1563/1750/24 1572/1758/24 1564/1751/24
f 1572/1758/1662 1573/1759/1662 1564/1751/1662
f 1564/1751/1663 1573/1759/1663 1565/1752/1663
f 1573/1759/1664 1574/1760/1664 1565/1752/1664
f 1565/1752/1665 1574/1760/1665 1566/1753/1665
f 1574/1760/1666 1575/1761/1666 1566/1753/1666
f 1566/1753/1667 1575/1761/1667 1567/1754/1667
f 1575/1761/1668 1576/1762/1668 1567/1754/1668
f 1567/1754/1669 1576/1762/1669 1568/1755/1669
f 1576/1762/1670 1577/1763/1670 1568/1755/1670
f 1568/1755/1652 1577/1763/1652 1569/1756/1652
f 1577/1763/24 1578/1764/24 1569/1756/24
f 1569/1756/24 1578/1764/24 65/126/24
f 1578/1764/1652 64/127/1652 65/126/1652
f 123/1708/1652 1579/1711/1652 1570/1709/1652
f 1579/1711/24 1580/1765/24 1570/1709/24
f 1570/1709/24 1580/1765/24 1571/1757/24
f 1580/1765/1652 1581/1766/1652 1571/1757/1652
f 1571/1757/24 1581/1766/24 1572/1758/24
f 1581/1766/24 1582/1767/24 1572/1758/24
f 1572/1758/1671 1582/1767/1671 1573/1759/1671
f 1582/1767/1672 1583/1768/1672 1573/1759/1672
f 1573/1759/1673 1583/1768/1673 1574/1760/1673
f 1583/1768/1674 1584/1769/1674 1574/1760/1674
f 1574/1760/1675 1584/1769/1675 1575/1761/1675
f 1584/1769/1676 1585/1770/1676 1575/1761/1676
f 1575/1761/1677 1585/1770/1677 1576/1762/1677
f 1585/1770/1678 1586/1771/1678 1576/1762/1678
f 1576/1762/1679 1586/1771/1679 1577/1763/1679
f 1586/1771/1680 1587/1772/1680 1577/1763/1680
f 1577/1763/1681 1587/1772/1681 1578/1764/1681
f 1587/1772/24 1588/1773/24 1578/1764/24
f 1578/1764/24 1588/1773/24 64/127/24
f 1588/1773/24 63/128/24 64/127/24
f 124/1710/24 1589/1713/24 1579/1711/24
f 1589/1713/1652 1590/1774/1652 1579/1711/1652
f 1579/1711/24 1590/1774/24 1580/1765/24
f 1590/1774/24 1591/1775/24 1580/1765/24
f 1580/1765/24 1591/1775/24 1581/1766/24
f 1591/1775/24 1592/1776/24 1581/1766/24
f 1581/1766/1652 1592/1776/1652 1582/1767/1652
f 1592/1776/1682 1593/1777/1682 1582/1767/1682
f 1582/1767/1683 1593/1777/1683 1583/1768/1683
f 1593/1777/1684 1594/1778/1684 1583/1768/1684
f 1583/1768/1685 1594/1778/1685 1584/1769/1685
f 1594/1778/1686 1595/1779/1686 1584/1769/1686
f 1584/1769/1687 1595/1779/1687 1585/1770/1687
f 1595/1779/1688 1596/1780/1688 1585/1770/1688
f 1585/1770/1689 1596/1780/1689 1586/1771/1689
f 1596/1780/1690 1597/1781/1690 1586/1771/1690
f 1586/1771/1691 1597/1781/1691 1587/1772/1691
f 1597/1781/1692 1598/1782/1692 1587/1772/1692
f 1587/1772/1652 1598/1782/1652 1588/1773/1652
f 1598/1782/24 1599/1783/24 1588/1773/24
f 1588/1773/24 1599/1783/24 63/128/24
f 1599/1783/1652 62/129/1652 63/128/1652
f 125/1712/24 1600/1715/24 1589/1713/24
f 1600/1715/1652 1601/1784/1652 1589/1713/1652
f 1589/1713/24 1601/1784/24 1590/1774/24
f 1601/1784/24 1602/1785/24 1590/1774/24
f 1590/1774/1652 1602/1785/1652 1591/1775/1652
f 1602/1785/1652 1603/1786/1652 1591/1775/1652
f 1591/1775/1652 1603/1786/1652 1592/1776/1652
f 1603/1786/1693 1604/1787/1693 1592/1776/1693
f 1592/1776/1694 1604/1787/1694 1593/1777/1694
f 1604/1787/1695 1605/1788/1695 1593/1777/1695
f 1593/1777/1696 1605/1788/1696 1594/1778/1696
f 1605/1788/1697 1606/1789/1697 1594/1778/1697
f 1594/1778/1698 1606/1789/1698 1595/1779/1698
f 1606/1789/1699 1607/1790/1699 1595/1779/1699
f 1595/1779/1700 1607/1790/1700 1596/1780/1700
f 1607/1790/1701 1608/1791/1701 1596/1780/1701
f 1596/1780/1702 1608/1791/1702 1597/1781/1702
f 1608/1791/1703 1609/1792/1703 1597/1781/1703
f 1597/1781/1704 1609/1792/1704 1598/1782/1704
f 1609/1792/1705 1610/1793/1705 1598/1782/1705
f 1598/1782/24 1610/1793/24 1599/1783/24
f 1610/1793/24 1611/1794/24 1599/1783/24
f 1599/1783/24 1611/1794/24 62/129/24
f 1611/1794/24 61/130/24 62/129/24
f 126/1714/24 1612/1717/24 1600/1715/24
f 1612/1717/1652 1613/1795/1652 1600/1715/1652
f 1600/1715/24 1613/1795/24 1601/1784/24
f 1613/1795/24 1614/1796/24 1601/1784/24
f 1601/1784/24 1614/1796/24 1602/1785/24
f 1614/1796/1652 1615/1797/1652 1602/1785/1652
f 1602/1785/1652 1615/1797/1652 1603/1786/1652
f 1615/1797/1706 1616/1798/1706 1603/1786/1706
f 1603/1786/1707 1616/1798/1707 1604/1787/1707
f 1616/1798/1708 1617/1799/1708 1604/1787/1708
f 1604/1787/1709 1617/1799/1709 1605/1788/1709
f 1617/1799/1710 1618/1800/1710 1605/1788/1710
f 1605/1788/1711 1618/1800/1711 1606/1789/1711
f 1618/1800/1712 1619/1801/1712 1606/1789/1712
f 1606/1789/1713 1619/1801/1713 1607/1790/1713
f 1619/1801/1714 1620/1802/1714 1607/1790/1714
f 1607/1790/1715 1620/1802/1715 1608/1791/1715
f 1620/1802/1716 1621/1803/1716 1608/1791/1716
f 1608/1791/1717 1621/1803/1717 1609/1792/1717
f 1621/1803/1718 1622/1804/1718 1609/1792/1718
f 1609/1792/1719 1622/1804/1719 1610/1793/1719
f 1622/1804/1720 1623/1805/1720 1610/1793/1720
f 1610/1793/1652 1623/1805/1652 1611/1794/1652
f 1623/1805/24 1624/1806/24 1611/1794/24
f 1611/1794/24 1624/1806/24 61/130/24
f 1624/1806/1652 60/131/1652 61/130/1652
f 127/1716/24 1625/1719/24 1612/1717/24
f 1625/1719/1652 1626/1807/1652 1612/1717/1652
f 1612/1717/24 1626/1807/24 1613/1795/24
f 1626/1807/1652 1627/1808/1652 1613/1795/1652
f 1613/1795/1652 1627/1808/1652 1614/1796/1652
f 1627/1808/1652 1628/1809/1652 1614/1796/1652
f 1614/1796/24 1628/1809/24 1615/1797/24
f 1628/1809/1721 1629/1810/1721 1615/1797/1721
f 1615/1797/1722 1629/1810/1722 1616/1798/1722
f 1629/1810/1723 1630/1811/1723 1616/1798/1723
f 1616/1798/1724 1630/1811/1724 1617/1799/1724
f 1630/1811/1725 1631/1812/1725 1617/1799/1725
f 1617/1799/1726 1631/1812/1726 1618/1800/1726
f 1631/1812/1727 1632/1813/1727 1618/1800/1727
f 1618/1800/1728 1632/1813/1728 1619/1801/1728
f 1632/1813/1729 1633/1814/1729 1619/1801/1729
f 1619/1801/1730 1633/1814/1730 1620/1802/1730
f 1633/1814/1731 1634/1815/1731 1620/1802/1731
f 1620/1802/1732 1634/1815/1732 1621/1803/1732
f 1634/1815/1733 1635/1816/1733 1621/1803/1733
f 1621/1803/1734 1635/1816/1734 1622/1804/1734
f 1635/1816/1735 1636/1817/1735 1622/1804/1735
f 1622/1804/1736 1636/1817/1736 1623/1805/1736
f 1636/1817/1737 1637/1818/1737 1623/1805/1737
f 1623/1805/24 1637/1818/24 1624/1806/24
f 1637/1818/24 1638/1819/24 1624/1806/24
f 1624/1806/24 1638/1819/24 60/131/24
f 1638/1819/24 59/132/24 60/131/24
f 128/1718/24 1639/1721/24 1625/1719/24
f 1639/1721/24 1640/1820/24 1625/1719/24
f 1625/1719/24 1640/1820/24 1626/1807/24
f 1640/1820/1738 1641/1821/1738 1626/1807/1738
f 1626/1807/1739 1641/1821/1739 1627/1808/1739
f 1641/1821/1740 1642/1822/1740 1627/1808/1740
f 1627/1808/24 1642/1822/24 1628/1809/24
f 1642/1822/1741 1643/1823/1741 1628/1809/1741
f 1628/1809/1742 1643/1823/1742 1629/1810/1742
f 1643/1823/1743 1644/1824/1743 1629/1810/1743
f 1629/1810/1744 1644/1824/1744 1630/1811/1744
f 1644/1824/1745 1645/1825/1745 1630/1811/1745
f 1630/1811/1746 1645/1825/1746 1631/1812/1746
f 1645/1825/1747 1646/1826/1747 1631/1812/1747
f 1631/1812/1748 1646/1826/1748 1632/1813/1748
f 1646/1826/1749 1647/1827/1749 1632/1813/1749
f 1632/1813/1750 1647/1827/1750 1633/1814/1750
f 1647/1827/1751 1648/1828/1751 1633/1814/1751
f 1633/1814/1752 1648/1828/1752 1634/1815/1752
f 1648/1828/1753 1649/1829/1753 1634/1815/1753
f 1634/1815/1754 1649/1829/1754 1635/1816/1754
f 1649/1829/1755 1650/1830/1755 1635/1816/1755
f 1635/1816/1756 1650/1830/1756 1636/1817/1756
f 1650/1830/1757 1651/1831/1757 1636/1817/1757
f 1636/1817/1758 1651/1831/1758 1637/1818/1758
f 1651/1831/1759 1652/1832/1759 1637/1818/1759
f 1637/1818/1652 1652/1832/1652 1638/1819/1652
f 1652/1832/24 1653/1833/24 1638/1819/24
f 1638/1819/24 1653/1833/24 59/132/24
f 1653/1833/1652 58/133/1652 59/132/1652
f 129/1720/24 1654/1723/24 1639/1721/24
f 1654/1723/24 1655/1834/24 1639/1721/24
f 1639/1721/1652 1655/1834/1652 1640/1820/1652
f 1655/1834/1760 1656/1835/1760 1640/1820/1760
f 1640/1820/1761 1656/1835/1761 1641/1821/1761
f 1656/1835/1762 1657/1836/1762 1641/1821/1762
f 1641/1821/1763 1657/1836/1763 1642/1822/1763
f 1657/1836/1764 1658/1837/1764 1642/1822/1764
f 1642/1822/1765 1658/1837/1765 1643/1823/1765
f 1658/1837/1766 1659/1838/1766 1643/1823/1766
f 1643/1823/1767 1659/1838/1767 1644/1824/1767
f 1659/1838/1768 1660/1839/1768 1644/1824/1768
f 1644/1824/1769 1660/1839/1769 1645/1825/1769
f 1660/1839/1770 1661/1840/1770 1645/1825/1770
f 1645/1825/1771 1661/1840/1771 1646/1826/1771
f 1661/1840/1772 1662/1841/1772 1646/1826/1772
f 1646/1826/1773 1662/1841/1773 1647/1827/1773
f 1662/1841/1774 1663/1842/1774 1647/1827/1774
f 1647/1827/1775 1663/1842/1775 1648/1828/1775
f 1663/1842/1776 1664/1843/1776 1648/1828/1776
f 1648/1828/1777 1664/1843/1777 1649/1829/1777
f 1664/1843/1778 1665/1844/1778 1649/1829/1778
f 1649/1829/1779 1665/1844/1779 1650/1830/1779
f 1665/1844/1780 1666/1845/1780 1650/1830/1780
f 1650/1830/1781 1666/1845/1781 1651/1831/1781
f 1666/1845/1782 1667/1846/1782 1651/1831/1782
f 1651/1831/1783 1667/1846/1783 1652/1832/1783
f 1667/1846/1652 1668/1847/1652 1652/1832/1652
f 1652/1832/24 1668/1847/24 1653/1833/24
f 1668/1847/24 1669/1848/24 1653/1833/24
f 1653/1833/24 1669/1848/24 58/133/24
f 1669/1848/24 57/134/24 58/133/24
f 130/1722/24 1670/1725/24 1654/1723/24
f 1670/1725/24 1671/1849/24 1654/1723/24
f 1654/1723/24 1671/1849/24 1655/1834/24
f 1671/1849/1784 1672/1850/1784 1655/1834/1784
f 1655/1834/1785 1672/1850/1785 1656/1835/1785
f 1672/1850/1786 1673/1851/1786 1656/1835/1786
f 1656/1835/1787 1673/1851/1787 1657/1836/1787
f 1673/1851/1788 1674/1852/1788 1657/1836/1788
f 1657/1836/1789 1674/1852/1789 1658/1837/1789
f 1674/1852/1790 1675/1853/1790 1658/1837/1790
f 1658/1837/1791 1675/1853/1791 1659/1838/1791
f 1675/1853/1792 1676/1854/1792 1659/1838/1792
f 1659/1838/1793 1676/1854/1793 1660/1839/1793
f 1676/1854/1794 1677/1855/1794 1660/1839/1794
f 1660/1839/1795 1677/1855/1795 1661/1840/1795
f 1677/1855/1796 1678/1856/1796 1661/1840/1796
f 1661/1840/1797 1678/1856/1797 1662/1841/1797
f 1678/1856/1798 1679/1857/1798 1662/1841/1798
f 1662/1841/1799 1679/1857/1799 1663/1842/1799
f 1679/1857/1800 1680/1858/1800 1663/1842/1800
f 1663/1842/1801 1680/1858/1801 1664/1843/1801
f 1680/1858/1802 1681/1859/1802 1664/1843/1802
f 1664/1843/1803 1681/1859/1803 1665/1844/1803
f 1681/1859/1804 1682/1860/1804 1665/1844/1804
f 1665/1844/1805 1682/1860/1805 1666/1845/1805
f 1682/1860/1806 1683/1861/1806 1666/1845/1806
f 1666/1845/1807 1683/1861/1807 1667/1846/1807
f 1683/1861/1808 1684/1862/1808 1667/1846/1808
f 1667/1846/24 1684/1862/24 1668/1847/24
f 1684/1862/24 1685/1863/24 1668/1847/24
f 1668/1847/1652 1685/1863/1652 1669/1848/1652
f 1685/1863/24 1686/1864/24 1669/1848/24
f 1669/1848/24 1686/1864/24 57/134/24
f 1686/1864/1652 56/135/1652 57/134/1652
f 131/1724/24 1687/1727/24 1670/1725/24
f 1687/1727/24 1688/1865/24 1670/1725/24
f 1670/1725/24 1688/1865/24 1671/1849/24
f 1688/1865/1809 1689/1866/1809 1671/1849/1809
f 1671/1849/1810 1689/1866/1810 1672/1850/1810
f 1689/1866/1811 1690/1867/1811 1672/1850/1811
f 1672/1850/1812 1690/1867/1812 1673/1851/1812
f 1690/1867/1813 1691/1868/1813 1673/1851/1813
f 1673/1851/1814 1691/1868/1814 1674/1852/1814
f 1691/1868/1815 1692/1869/1815 1674/1852/1815
f 1674/1852/1816 1692/1869/1816 1675/1853/1816
f 1692/1869/1817 1693/1870/1817 1675/1853/1817
f 1675/1853/1818 1693/1870/1818 1676/1854/1818
f 1693/1870/1819 1694/1871/1819 1676/1854/1819
f 1676/1854/1820 1694/1871/1820 1677/1855/1820
f 1694/1871/1821 1695/1872/1821 1677/1855/1821
f 1677/1855/1822 1695/1872/1822 1678/1856/1822
f 1695/1872/1823 1696/1873/1823 1678/1856/1823
f 1678/1856/1824 1696/1873/1824 1679/1857/1824
f 1696/1873/1825 1697/1874/1825 1679/1857/1825
f 1679/1857/1826 1697/1874/1826 1680/1858/1826
f 1697/1874/1827 1698/1875/1827 1680/1858/1827
f 1680/1858/1828 1698/1875/1828 1681/1859/1828
f 1698/1875/1829 1699/1876/1829 1681/1859/1829
f 1681/1859/1830 1699/1876/1830 1682/1860/1830
f 1699/1876/1831 1700/1877/1831 1682/1860/1831
f 1682/1860/1832 1700/1877/1832 1683/1861/1832
f 1700/1877/1833 1701/1878/1833 1683/1861/1833
f 1683/1861/1834 1701/1878/1834 1684/1862/1834
f 1701/1878/24 1702/1879/24 1684/1862/24
f 1684/1862/24 1702/1879/24 1685/1863/24
f 1702/1879/1652 1703/1880/1652 1685/1863/1652
f 1685/1863/24 1703/1880/24 1686/1864/24
f 1703/1880/24 1704/1881/24 1686/1864/24
f 1686/1864/24 1704/1881/24 56/135/24
f 1704/1881/24 55/136/24 56/135/24
f 132/1726/1652 1705/1728/1652 1687/1727/1652
f 1705/1728/24 1706/1882/24 1687/1727/24
f 1687/1727/1652 1706/1882/1652 1688/1865/1652
f 1706/1882/1835 1707/1883/1835 1688/1865/1835
f 1688/1865/1836 1707/1883/1836 1689/1866/1836
f 1707/1883/1837 1708/1884/1837 1689/1866/1837
f 1689/1866/1838 1708/1884/1838 1690/1867/1838
f 1708/1884/1839 1709/1885/1839 1690/1867/1839
f 1690/1867/1840 1709/1885/1840 1691/1868/1840
f 1709/1885/1841 1710/1886/1841 1691/1868/1841
f 1691/1868/1842 1710/1886/1842 1692/1869/1842
f 1710/1886/1843 1711/1887/1843 1692/1869/1843
f 1692/1869/1844 1711/1887/1844 1693/1870/1844
f 1711/1887/1845 1712/1888/1845 1693/1870/1845
f 1693/1870/1846 1712/1888/1846 1694/1871/1846
f 1712/1888/1847 1713/1889/1847 1694/1871/1847
f 1694/1871/1848 1713/1889/1848 1695/1872/1848
f 1713/1889/1849 1714/1890/1849 1695/1872/1849
f 1695/1872/1850 1714/1890/1850 1696/1873/1850
f 1714/1890/1851 1715/1891/1851 1696/1873/1851
f 1696/1873/1852 1715/1891/1852 1697/1874/1852
f 1715/1891/1853 1716/1892/1853 1697/1874/1853
f 1697/1874/1854 1716/1892/1854 1698/1875/1854
f 1716/1892/1855 1717/1893/1855 1698/1875/1855
f 1698/1875/1856 1717/1893/1856 1699/1876/1856
f 1717/1893/1857 1718/1894/1857 1699/1876/1857
f 1699/1876/1858 1718/1894/1858 1700/1877/1858
f 1718/1894/1859 1719/1895/1859 1700/1877/1859
f 1700/1877/1860 1719/1895/1860 1701/1878/1860
f 1719/1895/1861 1720/1896/1861 1701/1878/1861
f 1701/1878/24 1720/1896/24 1702/1879/24
f 1720/1896/24 1721/1897/24 1702/1879/24
f 1702/1879/24 1721/1897/24 1703/1880/24
f 1721/1897/24 1722/1898/24 1703/1880/24
f 1703/1880/1652 1722/1898/1652 1704/1881/1652
f 1722/1898/24 1723/1899/24 1704/1881/24
f 1704/1881/1652 1723/1899/1652 55/136/1652
f 1723/1899/24 54/137/24 55/136/24
f 133/113/24 393/112/24 1705/1728/24
f 393/112/1652 392/339/1652 1705/1728/1652
f 1705/1728/1652 392/339/1652 1706/1882/1652
f 392/339/1862 391/337/1862 1706/1882/1862
f 1706/1882/1863 391/337/1863 1707/1883/1863
f 391/337/1864 390/335/1864 1707/1883/1864
f 1707/1883/1865 390/335/1865 1708/1884/1865
f 390/335/1866 389/333/1866 1708/1884/1866
f 1708/1884/1867 389/333/1867 1709/1885/1867
f 389/333/1868 388/331/1868 1709/1885/1868
f 1709/1885/1869 388/331/1869 1710/1886/1869
f 388/331/1870 387/329/1870 1710/1886/1870
f 1710/1886/1871 387/329/1871 1711/1887/1871
f 387/329/1872 386/327/1872 1711/1887/1872
f 1711/1887/1873 386/327/1873 1712/1888/1873
f 386/327/1874 385/325/1874 1712/1888/1874
f 1712/1888/1875 385/325/1875 1713/1889/1875
f 385/325/1876 384/323/1876 1713/1889/1876
f 1713/1889/1877 384/323/1877 1714/1890/1877
f 384/323/1878 383/321/1878 1714/1890/1878
f 1714/1890/1879 383/321/1879 1715/1891/1879
f 383/321/1880 382/319/1880 1715/1891/1880
f 1715/1891/1881 382/319/1881 1716/1892/1881
f 382/319/1882 381/317/1882 1716/1892/1882
f 1716/1892/1883 381/317/1883 1717/1893/1883
f 381/317/1884 380/315/1884 1717/1893/1884
f 1717/1893/1885 380/315/1885 1718/1894/1885
f 380/315/1886 379/313/1886 1718/1894/1886
f 1718/1894/1887 379/313/1887 1719/1895/1887
f 379/313/1888 378/311/1888 1719/1895/1888
f 1719/1895/1889 378/311/1889 1720/1896/1889
f 378/311/1652 377/309/1652 1720/1896/1652
f 1720/1896/24 377/309/24 1721/1897/24
f 377/309/24 376/307/24 1721/1897/24
f 1721/1897/24 376/307/24 1722/1898/24
f 376/307/24 375/305/24 1722/1898/24
f 1722/1898/24 375/305/24 1723/1899/24
f 375/305/24 374/303/24 1723/1899/24
f 1723/1899/24 374/303/24 54/137/24
f 374/303/1652 40/114/1652 54/137/1652
f 373/552/1890 234/1900/1890 48/288/1890
f 372/590/1890 1724/1901/1890 373/552/1890
f 371/592/1891 1725/1902/1891 372/590/1891
f 370/595/1892 1727/1903/1892 371/592/1892
f 369/599/1893 1730/1904/1893 370/595/1893
f 368/604/1893 1734/1905/1893 369/599/1893
f 367/610/1890 1739/1906/1890 368/604/1890
f 366/617/1890 1745/1907/1890 367/610/1890
f 365/625/1893 1752/1908/1893 366/617/1893
f 364/634/1890 1760/1909/1890 365/625/1890
f 363/644/1890 1769/1910/1890 364/634/1890
f 362/655/1893 1779/1911/1893 363/644/1893
f 361/667/1893 1790/1912/1893 362/655/1893
f 360/680/1890 1802/1913/1890 361/667/1890
f 359/694/1890 1815/1914/1890 360/680/1890
f 358/709/1893 1829/1915/1893 359/694/1893
f 357/725/1893 1844/1916/1893 358/709/1893
f 356/742/1893 1860/1917/1893 357/725/1893
f 355/760/1890 1877/1918/1890 356/742/1890
f 354/81/1890 1895/1919/1890 355/760/1890
f 373/552/1893 1724/1901/1893 234/1900/1893
f 1724/1901/1891 235/1920/1891 234/1900/1891
f 372/590/1890 1725/1902/1890 1724/1901/1890
f 1725/1902/1892 1726/1921/1892 1724/1901/1892
f 1724/1901/1892 1726/1921/1892 235/1920/1892
f 1726/1921/1893 236/1922/1893 235/1920/1893
f 371/592/1892 1727/1903/1892 1725/1902/1892
f 1727/1903/1894 1728/1923/1894 1725/1902/1894
f 1725/1902/1891 1728/1923/1891 1726/1921/1891
f 1728/1923/1890 1729/1924/1890 1726/1921/1890
f 1726/1921/1893 1729/1924/1893 236/1922/1893
f 1729/1924/1891 237/1925/1891 236/1922/1891
f 370/595/1891 1730/1904/1891 1727/1903/1891
f 1730/1904/1893 1731/1926/1893 1727/1903/1893
f 1727/1903/1890 1731/1926/1890 1728/1923/1890
f 1731/1926/1891 1732/1927/1891 1728/1923/1891
f 1728/1923/1893 1732/1927/1893 1729/1924/1893
f 1732/1927/1892 1733/1928/1892 1729/1924/1892
f 1729/1924/1892 1733/1928/1892 237/1925/1892
f 1733/1928/1893 238/1929/1893 237/1925/1893
f 369/599/1893 1734/1905/1893 1730/1904/1893
f 1734/1905/1891 1735/1930/1891 1730/1904/1891
f 1730/1904/1893 1735/1930/1893 1731/1926/1893
f 1735/1930/1892 1736/1931/1892 1731/1926/1892
f 1731/1926/1892 1736/1931/1892 1732/1927/1892
f 1736/1931/1890 1737/1932/1890 1732/1927/1890
f 1732/1927/1892 1737/1932/1892 1733/1928/1892
f 1737/1932/1890 1738/1933/1890 1733/1928/1890
f 1733/1928/1893 1738/1933/1893 238/1929/1893
f 1738/1933/1891 239/1934/1891 238/1929/1891
f 368/604/1895 1739/1906/1895 1734/1905/1895
f 1739/1906/1893 1740/1935/1893 1734/1905/1893
f 1734/1905/20 1740/1935/20 1735/1930/20
f 1740/1935/1896 1741/1936/1896 1735/1930/1896
f 1735/1930/20 1741/1936/20 1736/1931/20
f 1741/1936/1892 1742/1937/1892 1736/1931/1892
f 1736/1931/1893 1742/1937/1893 1737/1932/1893
f 1742/1937/1890 1743/1938/1890 1737/1932/1890
f 1737/1932/1890 1743/1938/1890 1738/1933/1890
f 1743/1938/1890 1744/1939/1890 1738/1933/1890
f 1738/1933/1892 1744/1939/1892 239/1934/1892
f 1744/1939/20 240/1940/20 239/1934/20
f 367/610/1890 1745/1907/1890 1739/1906/1890
f 1745/1907/1890 1746/1941/1890 1739/1906/1890
f 1739/1906/1893 1746/1941/1893 1740/1935/1893
f 1746/1941/1890 1747/1942/1890 1740/1935/1890
f 1740/1935/1891 1747/1942/1891 1741/1936/1891
f 1747/1942/1893 1748/1943/1893 1741/1936/1893
f 1741/1936/20 1748/1943/20 1742/1937/20
f 1748/1943/20 1749/1944/20 1742/1937/20
f 1742/1937/1890 1749/1944/1890 1743/1938/1890
f 1749/1944/1890 1750/1945/1890 1743/1938/1890
f 1743/1938/1890 1750/1945/1890 1744/1939/1890
f 1750/1945/1893 1751/1946/1893 1744/1939/1893
f 1744/1939/20 1751/1946/20 240/1940/20
f 1751/1946/20 241/1947/20 240/1940/20
f 366/617/1890 1752/1908/1890 1745/1907/1890
f 1752/1908/1890 1753/1948/1890 1745/1907/1890
f 1745/1907/1893 1753/1948/1893 1746/1941/1893
f 1753/1948/1890 1754/1949/1890 1746/1941/1890
f 1746/1941/1890 1754/1949/1890 1747/1942/1890
f 1754/1949/1890 1755/1950/1890 1747/1942/1890
f 1747/1942/1890 1755/1950/1890 1748/1943/1890
f 1755/1950/1893 1756/1951/1893 1748/1943/1893
f 1748/1943/1891 1756/1951/1891 1749/1944/1891
f 1756/1951/1893 1757/1952/1893 1749/1944/1893
f 1749/1944/1893 1757/1952/1893 1750/1945/1893
f 1757/1952/1891 1758/1953/1891 1750/1945/1891
f 1750/1945/1890 1758/1953/1890 1751/1946/1890
f 1758/1953/1892 1759/1954/1892 1751/1946/1892
f 1751/1946/1892 1759/1954/1892 241/1947/1892
f 1759/1954/1893 242/1955/1893 241/1947/1893
f 365/625/1893 1760/1909/1893 1752/1908/1893
f 1760/1909/1890 1761/1956/1890 1752/1908/1890
f 1752/1908/1890 1761/1956/1890 1753/1948/1890
f 1761/1956/1890 1762/1957/1890 1753/1948/1890
f 1753/1948/1893 1762/1957/1893 1754/1949/1893
f 1762/1957/1890 1763/1958/1890 1754/1949/1890
f 1754/1949/1890 1763/1958/1890 1755/1950/1890
f 1763/1958/1893 1764/1959/1893 1755/1950/1893
f 1755/1950/1890 1764/1959/1890 1756/1951/1890
f 1764/1959/1891 1765/1960/1891 1756/1951/1891
f 1756/1951/1893 1765/1960/1893 1757/1952/1893
f 1765/1960/1892 1766/1961/1892 1757/1952/1892
f 1757/1952/1892 1766/1961/1892 1758/1953/1892
f 1766/1961/1890 1767/1962/1890 1758/1953/1890
f 1758/1953/20 1767/1962/20 1759/1954/20
f 1767/1962/1890 1768/1963/1890 1759/1954/1890
f 1759/1954/1890 1768/1963/1890 242/1955/1890
f 1768/1963/20 243/1964/20 242/1955/20
f 364/634/1890 1769/1910/1890 1760/1909/1890
f 1769/1910/1893 1770/1965/1893 1760/1909/1893
f 1760/1909/1890 1770/1965/1890 1761/1956/1890
f 1770/1965/1890 1771/1966/1890 1761/1956/1890
f 1761/1956/1890 1771/1966/1890 1762/1957/1890
f 1771/1966/1893 1772/1967/1893 1762/1957/1893
f 1762/1957/1893 1772/1967/1893 1763/1958/1893
f 1772/1967/1897 1773/1968/1897 1763/1958/1897
f 1763/1958/1893 1773/1968/1893 1764/1959/1893
f 1773/1968/1890 1774/1969/1890 1764/1959/1890
f 1764/1959/20 1774/1969/20 1765/1960/20
f 1774/1969/20 1775/1970/20 1765/1960/20
f 1765/1960/20 1775/1970/20 1766/1961/20
f 1775/1970/1892 1776/1971/1892 1766/1961/1892
f 1766/1961/1890 1776/1971/1890 1767/1962/1890
f 1776/1971/1890 1777/1972/1890 1767/1962/1890
f 1767/1962/1893 1777/1972/1893 1768/1963/1893
f 1777/1972/1893 1778/1973/1893 1768/1963/1893
f 1768/1963/1891 1778/1973/1891 243/1964/1891
f 1778/1973/1892 244/1974/1892 243/1964/1892
f 363/644/1890 1779/1911/1890 1769/1910/1890
f 1779/1911/1890 1780/1975/1890 1769/1910/1890
f 1769/1910/1893 1780/1975/1893 1770/1965/1893
f 1780/1975/1890 1781/1976/1890 1770/1965/1890
f 1770/1965/1890 1781/1976/1890 1771/1966/1890
f 1781/1976/1890 1782/1977/1890 1771/1966/1890
f 1771/1966/1890 1782/1977/1890 1772/1967/1890
f 1782/1977/1893 1783/1978/1893 1772/1967/1893
f 1772/1967/1890 1783/1978/1890 1773/1968/1890
f 1783/1978/1890 1784/1979/1890 1773/1968/1890
f 1773/1968/1890 1784/1979/1890 1774/1969/1890
f 1784/1979/1893 1785/1980/1893 1774/1969/1893
f 1774/1969/1898 1785/1980/1898 1775/1970/1898
f 1785/1980/1893 1786/1981/1893 1775/1970/1893
f 1775/1970/1892 1786/1981/1892 1776/1971/1892
f 1786/1981/20 1787/1982/20 1776/1971/20
f 1776/1971/1893 1787/1982/1893 1777/1972/1893
f 1787/1982/1897 1788/1983/1897 1777/1972/1897
f 1777/1972/1893 1788/1983/1893 1778/1973/1893
f 1788/1983/1893 1789/1984/1893 1778/1973/1893
f 1778/1973/20 1789/1984/20 244/1974/20
f 1789/1984/20 245/1985/20 244/1974/20
f 362/655/1890 1790/1912/1890 1779/1911/1890
f 1790/1912/1890 1791/1986/1890 1779/1911/1890
f 1779/1911/1893 1791/1986/1893 1780/1975/1893
f 1791/1986/1890 1792/1987/1890 1780/1975/1890
f 1780/1975/1890 1792/1987/1890 1781/1976/1890
f 1792/1987/1890 1793/1988/1890 1781/1976/1890
f 1781/1976/1890 1793/1988/1890 1782/1977/1890
f 1793/1988/1893 1794/1989/1893 1782/1977/1893
f 1782/1977/1890 1794/1989/1890 1783/1978/1890
f 1794/1989/1890 1795/1990/1890 1783/1978/1890
f 1783/1978/1893 1795/1990/1893 1784/1979/1893
f 1795/1990/1890 1796/1991/1890 1784/1979/1890
f 1784/1979/1890 1796/1991/1890 1785/1980/1890
f 1796/1991/1899 1797/1992/1899 1785/1980/1899
f 1785/1980/1890 1797/1992/1890 1786/1981/1890
f 1797/1992/1893 1798/1993/1893 1786/1981/1893
f 1786/1981/1892 1798/1993/1892 1787/1982/1892
f 1798/1993/1890 1799/1994/1890 1787/1982/1890
f 1787/1982/1900 1799/1994/1900 1788/1983/1900
f 1799/1994/1891 1800/1995/1891 1788/1983/1891
f 1788/1983/1890 1800/1995/1890 1789/1984/1890
f 1800/1995/1892 1801/1996/1892 1789/1984/1892
f 1789/1984/1892 1801/1996/1892 245/1985/1892
f 1801/1996/1893 246/1997/1893 245/1985/1893
f 361/667/1890 1802/1913/1890 1790/1912/1890
f 1802/1913/1893 1803/1998/1893 1790/1912/1893
f 1790/1912/1897 1803/1998/1897 1791/1986/1897
f 1803/1998/1893 1804/1999/1893 1791/1986/1893
f 1791/1986/1893 1804/1999/1893 1792/1987/1893
f 1804/1999/1890 1805/2000/1890 1792/1987/1890
f 1792/1987/1890 1805/2000/1890 1793/1988/1890
f 1805/2000/1890 1806/2001/1890 1793/1988/1890
f 1793/1988/1893 1806/2001/1893 1794/1989/1893
f 1806/2001/1890 1807/2002/1890 1794/1989/1890
f 1794/1989/1890 1807/2002/1890 1795/1990/1890
f 1807/2002/1890 1808/2003/1890 1795/1990/1890
f 1795/1990/1893 1808/2003/1893 1796/1991/1893
f 1808/2003/1890 1809/2004/1890 1796/1991/1890
f 1796/1991/1890 1809/2004/1890 1797/1992/1890
f 1809/2004/1893 1810/2005/1893 1797/1992/1893
f 1797/1992/1893 1810/2005/1893 1798/1993/1893
f 1810/2005/1891 1811/2006/1891 1798/1993/1891
f 1798/1993/1893 1811/2006/1893 1799/1994/1893
f 1811/2006/1892 1812/2007/1892 1799/1994/1892
f 1799/1994/1892 1812/2007/1892 1800/1995/1892
f 1812/2007/1890 1813/2008/1890 1800/1995/1890
f 1800/1995/1891 1813/2008/1891 1801/1996/1891
f 1813/2008/1893 1814/2009/1893 1801/1996/1893
f 1801/1996/1893 1814/2009/1893 246/1997/1893
f 1814/2009/1891 247/2010/1891 246/1997/1891
f 360/680/1890 1815/1914/1890 1802/1913/1890
f 1815/1914/1890 1816/2011/1890 1802/1913/1890
f 1802/1913/1893 1816/2011/1893 1803/1998/1893
f 1816/2011/1890 1817/2012/1890 1803/1998/1890
f 1803/1998/1890 1817/2012/1890 1804/1999/1890
f 1817/2012/1890 1818/2013/1890 1804/1999/1890
f 1804/1999/1893 1818/2013/1893 1805/2000/1893
f 1818/2013/1890 1819/2014/1890 1805/2000/1890
f 1805/2000/1890 1819/2014/1890 1806/2001/1890
f 1819/2014/1893 1820/2015/1893 1806/2001/1893
f 1806/2001/1893 1820/2015/1893 1807/2002/1893
f 1820/2015/1890 1821/2016/1890 1807/2002/1890
f 1807/2002/1890 1821/2016/1890 1808/2003/1890
f 1821/2016/1893 1822/2017/1893 1808/2003/1893
f 1808/2003/1893 1822/2017/1893 1809/2004/1893
f 1822/2017/1890 1823/2018/1890 1809/2004/1890
f 1809/2004/1890 1823/2018/1890 1810/2005/1890
f 1823/2018/1893 1824/2019/1893 1810/2005/1893
f 1810/2005/1891 1824/2019/1891 1811/2006/1891
f 1824/2019/1896 1825/2020/1896 1811/2006/1896
f 1811/2006/20 1825/2020/20 1812/2007/20
f 1825/2020/1891 1826/2021/1891 1812/2007/1891
f 1812/2007/1893 1826/2021/1893 1813/2008/1893
f 1826/2021/1893 1827/2022/1893 1813/2008/1893
f 1813/2008/1899 1827/2022/1899 1814/2009/1899
f 1827/2022/1893 1828/2023/1893 1814/2009/1893
f 1814/2009/20 1828/2023/20 247/2010/20
f 1828/2023/20 248/2024/20 247/2010/20
f 359/694/1890 1829/1915/1890 1815/1914/1890
f 1829/1915/1895 1830/2025/1895 1815/1914/1895
f 1815/1914/1893 1830/2025/1893 1816/2011/1893
f 1830/2025/1893 1831/2026/1893 1816/2011/1893
f 1816/2011/1895 1831/2026/1895 1817/2012/1895
f 1831/2026/1890 1832/2027/1890 1817/2012/1890
f 1817/2012/1893 1832/2027/1893 1818/2013/1893
f 1832/2027/1893 1833/2028/1893 1818/2013/1893
f 1818/2013/1890 1833/2028/1890 1819/2014/1890
f 1833/2028/1890 1834/2029/1890 1819/2014/1890
f 1819/2014/1890 1834/2029/1890 1820/2015/1890
f 1834/2029/1893 1835/2030/1893 1820/2015/1893
f 1820/2015/1890 1835/2030/1890 1821/2016/1890
f 1835/2030/1890 1836/2031/1890 1821/2016/1890
f 1821/2016/1890 1836/2031/1890 1822/2017/1890
f 1836/2031/1893 1837/2032/1893 1822/2017/1893
f 1822/2017/1890 1837/2032/1890 1823/2018/1890
f 1837/2032/20 1838/2033/20 1823/2018/20
f 1823/2018/1890 1838/2033/1890 1824/2019/1890
f 1838/2033/1893 1839/2034/1893 1824/2019/1893
f 1824/2019/1891 1839/2034/1891 1825/2020/1891
f 1839/2034/1893 1840/2035/1893 1825/2020/1893
f 1825/2020/20 1840/2035/20 1826/2021/20
f 1840/2035/1892 1841/2036/1892 1826/2021/1892
f 1826/2021/1890 1841/2036/1890 1827/2022/1890
f 1841/2036/1890 1842/2037/1890 1827/2022/1890
f 1827/2022/1890 1842/2037/1890 1828/2023/1890
f 1842/2037/1893 1843/2038/1893 1828/2023/1893
f 1828/2023/20 1843/2038/20 248/2024/20
f 1843/2038/1892 249/2039/1892 248/2024/1892
f 358/709/1890 1844/1916/1890 1829/1915/1890
f 1844/1916/1890 1845/2040/1890 1829/1915/1890
f 1829/1915/1890 1845/2040/1890 1830/2025/1890
f 1845/2040/1893 1846/2041/1893 1830/2025/1893
f 1830/2025/1890 1846/2041/1890 1831/2026/1890
f 1846/2041/1890 1847/2042/1890 1831/2026/1890
f 1831/2026/1890 1847/2042/1890 1832/2027/1890
f 1847/2042/1893 1848/2043/1893 1832/2027/1893
f 1832/2027/1890 1848/2043/1890 1833/2028/1890
f 1848/2043/1890 1849/2044/1890 1833/2028/1890
f 1833/2028/1893 1849/2044/1893 1834/2029/1893
f 1849/2044/1890 1850/2045/1890 1834/2029/1890
f 1834/2029/1890 1850/2045/1890 1835/2030/1890
f 1850/2045/1890 1851/2046/1890 1835/2030/1890
f 1835/2030/1890 1851/2046/1890 1836/2031/1890
f 1851/2046/1893 1852/2047/1893 1836/2031/1893
f 1836/2031/1890 1852/2047/1890 1837/2032/1890
f 1852/2047/1890 1853/2048/1890 1837/2032/1890
f 1837/2032/1893 1853/2048/1893 1838/2033/1893
f 1853/2048/1893 1854/2049/1893 1838/2033/1893
f 1838/2033/1890 1854/2049/1890 1839/2034/1890
f 1854/2049/1890 1855/2050/1890 1839/2034/1890
f 1839/2034/1890 1855/2050/1890 1840/2035/1890
f 1855/2050/1893 1856/2051/1893 1840/2035/1893
f 1840/2035/1892 1856/2051/1892 1841/2036/1892
f 1856/2051/1890 1857/2052/1890 1841/2036/1890
f 1841/2036/1890 1857/2052/1890 1842/2037/1890
f 1857/2052/1892 1858/2053/1892 1842/2037/1892
f 1842/2037/1890 1858/2053/1890 1843/2038/1890
f 1858/2053/1892 1859/2054/1892 1843/2038/1892
f 1843/2038/1892 1859/2054/1892 249/2039/1892
f 1859/2054/1893 250/2055/1893 249/2039/1893
f 357/725/1890 1860/1917/1890 1844/1916/1890
f 1860/1917/1890 1861/2056/1890 1844/1916/1890
f 1844/1916/1890 1861/2056/1890 1845/2040/1890
f 1861/2056/1893 1862/2057/1893 1845/2040/1893
f 1845/2040/1893 1862/2057/1893 1846/2041/1893
f 1862/2057/1899 1863/2058/1899 1846/2041/1899
f 1846/2041/1893 1863/2058/1893 1847/2042/1893
f 1863/2058/1890 1864/2059/1890 1847/2042/1890
f 1847/2042/1890 1864/2059/1890 1848/2043/1890
f 1864/2059/1890 1865/2060/1890 1848/2043/1890
f 1848/2043/1890 1865/2060/1890 1849/2044/1890
f 1865/2060/1893 1866/2061/1893 1849/2044/1893
f 1849/2044/1893 1866/2061/1893 1850/2045/1893
f 1866/2061/1890 1867/2062/1890 1850/2045/1890
f 1850/2045/1895 1867/2062/1895 1851/2046/1895
f 1867/2062/1893 1868/2063/1893 1851/2046/1893
f 1851/2046/1893 1868/2063/1893 1852/2047/1893
f 1868/2063/1890 1869/2064/1890 1852/2047/1890
f 1852/2047/1890 1869/2064/1890 1853/2048/1890
f 1869/2064/1890 1870/2065/1890 1853/2048/1890
f 1853/2048/1890 1870/2065/1890 1854/2049/1890
f 1870/2065/1893 1871/2066/1893 1854/2049/1893
f 1854/2049/1897 1871/2066/1897 1855/2050/1897
f 1871/2066/1893 1872/2067/1893 1855/2050/1893
f 1855/2050/1893 1872/2067/1893 1856/2051/1893
f 1872/2067/1891 1873/2068/1891 1856/2051/1891
f 1856/2051/1890 1873/2068/1890 1857/2052/1890
f 1873/2068/1892 1874/2069/1892 1857/2052/1892
f 1857/2052/1891 1874/2069/1891 1858/2053/1891
f 1874/2069/1893 1875/2070/1893 1858/2053/1893
f 1858/2053/1891 1875/2070/1891 1859/2054/1891
f 1875/2070/1893 1876/2071/1893 1859/2054/1893
f 1859/2054/1893 1876/2071/1893 250/2055/1893
f 1876/2071/1898 251/2072/1898 250/2055/1898
f 356/742/1890 1877/1918/1890 1860/1917/1890
f 1877/1918/1893 1878/2073/1893 1860/1917/1893
f 1860/1917/1890 1878/2073/1890 1861/2056/1890
f 1878/2073/1890 1879/2074/1890 1861/2056/1890
f 1861/2056/1893 1879/2074/1893 1862/2057/1893
f 1879/2074/1890 1880/2075/1890 1862/2057/1890
f 1862/2057/1890 1880/2075/1890 1863/2058/1890
f 1880/2075/1890 1881/2076/1890 1863/2058/1890
f 1863/2058/1893 1881/2076/1893 1864/2059/1893
f 1881/2076/1890 1882/2077/1890 1864/2059/1890
f 1864/2059/1890 1882/2077/1890 1865/2060/1890
f 1882/2077/1890 1883/2078/1890 1865/2060/1890
f 1865/2060/1893 1883/2078/1893 1866/2061/1893
f 1883/2078/1890 1884/2079/1890 1866/2061/1890
f 1866/2061/1890 1884/2079/1890 1867/2062/1890
f 1884/2079/1890 1885/2080/1890 1867/2062/1890
f 1867/2062/1890 1885/2080/1890 1868/2063/1890
f 1885/2080/1893 1886/2081/1893 1868/2063/1893
f 1868/2063/1890 1886/2081/1890 1869/2064/1890
f 1886/2081/1890 1887/2082/1890 1869/2064/1890
f 1869/2064/1893 1887/2082/1893 1870/2065/1893
f 1887/2082/1890 1888/2083/1890 1870/2065/1890
f 1870/2065/1890 1888/2083/1890 1871/2066/1890
f 1888/2083/1890 1889/2084/1890 1871/2066/1890
f 1871/2066/1893 1889/2084/1893 1872/2067/1893
f 1889/2084/1890 1890/2085/1890 1872/2067/1890
f 1872/2067/1898 1890/2085/1898 1873/2068/1898
f 1890/2085/1893 1891/2086/1893 1873/2068/1893
f 1873/2068/1896 1891/2086/1896 1874/2069/1896
f 1891/2086/1891 1892/2087/1891 1874/2069/1891
f 1874/2069/1893 1892/2087/1893 1875/2070/1893
f 1892/2087/1890 1893/2088/1890 1875/2070/1890
f 1875/2070/1895 1893/2088/1895 1876/2071/1895
f 1893/2088/1893 1894/2089/1893 1876/2071/1893
f 1876/2071/20 1894/2089/20 251/2072/20
f 1894/2089/20 252/2090/20 251/2072/20
f 355/760/1893 1895/1919/1893 1877/1918/1893
f 1895/1919/1890 1896/2091/1890 1877/1918/1890
f 1877/1918/1890 1896/2091/1890 1878/2073/1890
f 1896/2091/1890 1897/2092/1890 1878/2073/1890
f 1878/2073/1890 1897/2092/1890 1879/2074/1890
f 1897/2092/1893 1898/2093/1893 1879/2074/1893
f 1879/2074/1890 1898/2093/1890 1880/2075/1890
f 1898/2093/1890 1899/2094/1890 1880/2075/1890
f 1880/2075/1893 1899/2094/1893 1881/2076/1893
f 1899/2094/1890 1900/2095/1890 1881/2076/1890
f 1881/2076/1890 1900/2095/1890 1882/2077/1890
f 1900/2095/1899 1901/2096/1899 1882/2077/1899
f 1882/2077/1893 1901/2096/1893 1883/2078/1893
f 1901/2096/1890 1902/2097/1890 1883/2078/1890
f 1883/2078/1893 1902/2097/1893 1884/2079/1893
f 1902/2097/1899 1903/2098/1899 1884/2079/1899
f 1884/2079/1893 1903/2098/1893 1885/2080/1893
f 1903/2098/1893 1904/2099/1893 1885/2080/1893
f 1885/2080/1895 1904/2099/1895 1886/2081/1895
f 1904/2099/1890 1905/2100/1890 1886/2081/1890
f 1886/2081/1893 1905/2100/1893 1887/2082/1893
f 1905/2100/1893 1906/2101/1893 1887/2082/1893
f 1887/2082/1890 1906/2101/1890 1888/2083/1890
f 1906/2101/1899 1907/2102/1899 1888/2083/1899
f 1888/2083/1893 1907/2102/1893 1889/2084/1893
f 1907/2102/1893 1908/2103/1893 1889/2084/1893
f 1889/2084/1895 1908/2103/1895 1890/2085/1895
f 1908/2103/1890 1909/2104/1890 1890/2085/1890
f 1890/2085/1893 1909/2104/1893 1891/2086/1893
f 1909/2104/1893 1910/2105/1893 1891/2086/1893
f 1891/2086/1891 1910/2105/1891 1892/2087/1891
f 1910/2105/1893 1911/2106/1893 1892/2087/1893
f 1892/2087/1890 1911/2106/1890 1893/2088/1890
f 1911/2106/1890 1912/2107/1890 1893/2088/1890
f 1893/2088/1890 1912/2107/1890 1894/2089/1890
f 1912/2107/1890 1913/2108/1890 1894/2089/1890
f 1894/2089/1901 1913/2108/1901 252/2090/1901
f 1913/2108/1898 253/2109/1898 252/2090/1898
f 354/81/1893 233/80/1893 1895/1919/1893
f 233/80/1898 232/2110/1898 1895/1919/1898
f 1895/1919/1890 232/2110/1890 1896/2091/1890
f 232/2110/1893 231/2111/1893 1896/2091/1893
f 1896/2091/1893 231/2111/1893 1897/2092/1893
f 231/2111/1890 230/2112/1890 1897/2092/1890
f 1897/2092/1895 230/2112/1895 1898/2093/1895
f 230/2112/1893 229/2113/1893 1898/2093/1893
f 1898/2093/1893 229/2113/1893 1899/2094/1893
f 229/2113/1890 228/2114/1890 1899/2094/1890
f 1899/2094/1890 228/2114/1890 1900/2095/1890
f 228/2114/1890 227/2115/1890 1900/2095/1890
f 1900/2095/1893 227/2115/1893 1901/2096/1893
f 227/2115/1890 226/2116/1890 1901/2096/1890
f 1901/2096/1890 226/2116/1890 1902/2097/1890
f 226/2116/1893 225/2117/1893 1902/2097/1893
f 1902/2097/1890 225/2117/1890 1903/2098/1890
f 225/2117/1890 224/2118/1890 1903/2098/1890
f 1903/2098/1890 224/2118/1890 1904/2099/1890
f 224/2118/1893 223/2119/1893 1904/2099/1893
f 1904/2099/1890 223/2119/1890 1905/2100/1890
f 223/2119/1890 222/2120/1890 1905/2100/1890
f 1905/2100/1890 222/2120/1890 1906/2101/1890
f 222/2120/1893 221/2121/1893 1906/2101/1893
f 1906/2101/1890 221/2121/1890 1907/2102/1890
f 221/2121/1890 220/2122/1890 1907/2102/1890
f 1907/2102/1890 220/2122/1890 1908/2103/1890
f 220/2122/1893 219/2123/1893 1908/2103/1893
f 1908/2103/1890 219/2123/1890 1909/2104/1890
f 219/2123/1890 218/2124/1890 1909/2104/1890
f 1909/2104/1890 218/2124/1890 1910/2105/1890
f 218/2124/1893 217/2125/1893 1910/2105/1893
f 1910/2105/1893 217/2125/1893 1911/2106/1893
f 217/2125/1895 216/2126/1895 1911/2106/1895
f 1911/2106/1890 216/2126/1890 1912/2107/1890
f 216/2126/1893 215/2127/1893 1912/2107/1893
f 1912/2107/1893 215/2127/1893 1913/2108/1893
f 215/2127/1890 214/2128/1890 1913/2108/1890
f 1913/2108/1892 214/2128/1892 253/2109/1892
f 214/2128/1893 51/2129/1893 253/2109/1893
o Cube.001
v 1.097718 -0.101886 -0.016392
v 1.097718 -0.090661 -0.183897
v 1.097718 -0.123670 -0.090561
v 1.097718 -0.119923 -0.149738
v 1.097718 -0.058535 -0.196497
v 1.097718 0.063575 -0.081289
v 1.097718 -0.013853 -0.191341
v 1.097718 0.029127 -0.150490
v 1.097718 0.074742 0.190139
v 1.097718 -0.063902 0.067747
v 1.097718 0.029856 0.183925
v 1.097718 -0.019820 0.140183
v 1.097718 0.092920 0.006238
v 1.097718 0.074454 0.190252
v 1.097718 0.109838 0.089328
v 1.097718 0.103146 0.155179
v 1.081763 0.086070 0.215116
v 1.081763 0.118269 0.175756
v 1.081763 0.125999 0.099694
v 1.081763 0.107189 0.007311
v 1.081763 -0.016493 -0.216767
v 1.081763 -0.067002 -0.222595
v 1.081763 0.035675 -0.167183
v 1.081763 0.075525 -0.087129
v 1.081763 -0.073636 0.078234
v 1.081763 -0.024624 0.158771
v 1.081763 0.032755 0.209296
v 1.081763 0.083127 0.216270
v 1.081763 -0.139821 -0.098351
v 1.081763 -0.114621 -0.012551
v 1.081763 -0.135273 -0.170180
v 1.081763 -0.102195 -0.208792
v 1.124961 0.050897 0.130060
v 1.124961 0.070622 0.105949
v 1.124961 0.075222 0.060681
v 1.124961 0.063592 0.003561
v 1.124961 -0.009808 -0.132262
v 1.124961 -0.040524 -0.135806
v 1.124961 0.019738 -0.104180
v 1.124961 0.043419 -0.056608
v 1.124961 -0.044214 0.045845
v 1.124961 -0.013910 0.095640
v 1.124961 0.020239 0.125710
v 1.124961 0.051096 0.129982
v 1.124961 -0.085301 -0.062982
v 1.124961 -0.070326 -0.011996
v 1.124961 -0.082725 -0.103663
v 1.124961 -0.062609 -0.127144
v -1.004509 -0.141350 -0.035924
v -1.004224 -0.133583 -0.015007
v -1.004367 -0.137772 -0.025352
v -1.006594 -0.114454 -0.221917
v -1.006528 -0.132202 -0.209390
v -1.006575 -0.123966 -0.216556
v -1.005609 -0.162069 -0.120391
v -1.005338 -0.159695 -0.098501
v -1.005476 -0.161694 -0.109358
v -1.006362 -0.150624 -0.188188
v -1.006167 -0.158732 -0.168588
v -1.006277 -0.156037 -0.178950
v -1.006528 -0.045403 -0.243434
v -1.006594 -0.066935 -0.240555
v -1.006575 -0.056315 -0.243089
v -1.004224 0.087760 -0.101821
v -1.004509 0.079237 -0.122441
v -1.004367 0.083800 -0.112256
v -1.006167 0.001792 -0.231548
v -1.006362 -0.017479 -0.240409
v -1.006277 -0.007229 -0.237315
v -1.005338 0.050147 -0.180804
v -1.005609 0.037006 -0.198471
v -1.005476 0.044231 -0.190125
v -1.000069 0.072126 0.253905
v -1.000000 0.093620 0.251337
v -1.000020 0.083011 0.253781
v -1.002496 -0.077569 0.108435
v -1.002213 -0.067112 0.128162
v -1.002354 -0.072592 0.118432
v -1.000442 0.024641 0.241189
v -1.000246 0.044135 0.250075
v -1.000332 0.033836 0.246844
v -1.001317 -0.029938 0.188945
v -1.001050 -0.015690 0.205857
v -1.001181 -0.023348 0.197850
v -1.002213 0.136347 0.048362
v -1.002496 0.130605 0.026786
v -1.002354 0.133751 0.037501
v -1.000000 0.102215 0.247966
v -1.000069 0.119723 0.235237
v -1.000020 0.111656 0.242546
v -1.001050 0.151457 0.140299
v -1.001317 0.150409 0.118210
v -1.001181 0.151630 0.129221
v -1.000246 0.137646 0.213399
v -1.000442 0.145901 0.193629
v -1.000332 0.143003 0.204027
v 1.000000 0.072828 -0.139469
v 1.000000 0.081378 -0.118856
v 1.009929 0.077543 -0.124320
v 1.000000 0.077401 -0.129286
v 1.000000 -0.074075 -0.259003
v 1.000000 -0.052547 -0.261840
v 1.010016 -0.064071 -0.258127
v 1.000000 -0.063456 -0.261526
v 1.000000 0.030224 -0.216221
v 1.000000 0.043350 -0.198533
v 1.009976 0.038029 -0.203495
v 1.000000 0.037437 -0.207859
v 1.000000 -0.024546 -0.258699
v 1.000000 -0.005300 -0.249771
v 1.010008 -0.013806 -0.252472
v 1.000000 -0.014305 -0.255567
v 1.000000 0.119626 0.235266
v 1.000000 0.102125 0.248001
v 1.010090 0.109271 0.240363
v 1.000000 0.111564 0.242579
v 1.000000 0.130143 0.026592
v 1.000000 0.135927 0.048157
v 1.010049 0.130440 0.033523
v 1.000000 0.133310 0.037301
v 1.000000 0.145777 0.193617
v 1.000000 0.137549 0.213394
v 1.010086 0.141385 0.201167
v 1.000000 0.142895 0.204018
v 1.000000 0.150155 0.118118
v 1.000000 0.151244 0.140205
v 1.010072 0.149133 0.125459
v 1.000000 0.151397 0.129127
v 1.000000 -0.066943 0.127726
v 1.000000 -0.077362 0.107979
v 1.010049 -0.072867 0.113264
v 1.000000 -0.072404 0.117985
v 1.000000 0.093710 0.251301
v 1.000000 0.072218 0.253860
v 1.010090 0.083277 0.250558
v 1.000000 0.083102 0.253742
v 1.000000 -0.015597 0.205643
v 1.000000 -0.029813 0.188704
v 1.010072 -0.024074 0.193393
v 1.000000 -0.023240 0.197622
v 1.000000 0.044205 0.250005
v 1.000000 0.024725 0.241095
v 1.010086 0.033079 0.243647
v 1.000000 0.033910 0.246764
v 1.000000 -0.139476 -0.227745
v 1.000000 -0.121760 -0.240300
v 1.010016 -0.128500 -0.232857
v 1.000000 -0.131262 -0.234931
v 1.000000 -0.140482 -0.031838
v 1.000000 -0.148225 -0.052768
v 1.009929 -0.141385 -0.038453
v 1.000000 -0.144656 -0.042191
v 1.000000 -0.165920 -0.186774
v 1.000000 -0.157874 -0.206405
v 1.010008 -0.161518 -0.194537
v 1.000000 -0.163256 -0.197146
v 1.000000 -0.166763 -0.116123
v 1.000000 -0.169162 -0.138018
v 1.009976 -0.166233 -0.123380
v 1.000000 -0.168767 -0.126982
vt 0.646396 0.181342
vt 0.641509 0.786460
vt 0.627188 0.784581
vt 0.631479 0.181207
vt 0.415289 0.789296
vt 0.419549 0.792407
vt 0.425460 0.816468
vt 0.408935 0.819028
vt 0.403902 0.793813
vt 0.406622 0.789989
vt 0.472662 0.181140
vt 0.466757 0.790262
vt 0.445023 0.789591
vt 0.450849 0.181195
vt 0.576430 0.783867
vt 0.576635 0.180973
vt 0.585509 0.180977
vt 0.584771 0.783403
vt 0.624937 0.813895
vt 0.624035 0.787792
vt 0.645592 0.790489
vt 0.651384 0.816386
vt 0.752005 0.789563
vt 0.754394 0.792847
vt 0.747076 0.817320
vt 0.715530 0.817819
vt 0.725390 0.794034
vt 0.730189 0.790547
vt 0.555373 0.786291
vt 0.554728 0.181002
vt 0.569648 0.180977
vt 0.569813 0.784468
vt 0.954295 0.726655
vt 0.934288 0.727767
vt 0.926142 0.714003
vt 0.940075 0.713513
vt 0.605683 0.813396
vt 0.608678 0.786992
vt 0.612374 0.783493
vt 0.620632 0.783964
vt 0.675210 0.789723
vt 0.680048 0.181668
vt 0.721599 0.182045
vt 0.723268 0.790634
vt 0.420422 0.181242
vt 0.411503 0.181223
vt 0.673201 0.181603
vt 0.668299 0.789306
vt 0.648194 0.787240
vt 0.653268 0.181407
vt 0.443970 0.181211
vt 0.438251 0.789417
vt 0.422085 0.789089
vt 0.427408 0.181243
vt 0.728449 0.182111
vt 0.750247 0.182330
vt 0.796939 0.182670
vt 0.800143 0.182672
vt 0.800309 0.789412
vt 0.797307 0.789006
vt 0.781637 0.788204
vt 0.780636 0.182604
vt 0.789535 0.182650
vt 0.790203 0.788419
vt 0.673029 0.793092
vt 0.682607 0.817951
vt 0.758779 0.789219
vt 0.757120 0.182397
vt 0.773662 0.182553
vt 0.774892 0.788308
vt 0.521071 0.181074
vt 0.521550 0.789378
vt 0.473654 0.790300
vt 0.479515 0.181127
vt 0.624492 0.181151
vt 0.615619 0.181090
vt 0.605902 0.783293
vt 0.591276 0.783233
vt 0.592553 0.180992
vt 0.608575 0.181052
vt 0.791867 0.818376
vt 0.790820 0.818112
vt 0.793250 0.792158
vt 0.802524 0.793426
vt 0.471528 0.793659
vt 0.481282 0.817145
vt 0.450475 0.816579
vt 0.442710 0.792823
vt 0.777627 0.791631
vt 0.773204 0.816593
vt 0.591426 0.814104
vt 0.588491 0.787003
vt 0.513949 0.817419
vt 0.523695 0.792724
vt 0.571776 0.814259
vt 0.572954 0.787748
vt 0.545101 0.816285
vt 0.551217 0.790317
vt 0.528462 0.788982
vt 0.548647 0.787037
vt 0.969242 0.648335
vt 0.957901 0.640521
vt 0.964507 0.634183
vt 0.977324 0.642970
vt 0.937997 0.638213
vt 0.941416 0.631406
vt 0.912297 0.640941
vt 0.912794 0.634401
vt 0.846706 0.661915
vt 0.840426 0.673861
vt 0.830837 0.672894
vt 0.838007 0.659105
vt 0.862000 0.652753
vt 0.856673 0.647745
vt 0.884578 0.646229
vt 0.882849 0.640105
vt 0.908928 0.722948
vt 0.937164 0.734831
vt 0.908885 0.729506
vt 0.961109 0.733753
vt 0.965553 0.718089
vt 0.976763 0.724000
vt 0.859772 0.707034
vt 0.881738 0.715395
vt 0.879511 0.721356
vt 0.854050 0.711588
vt 0.845279 0.696648
vt 0.836387 0.698737
vt 0.839983 0.684238
vt 0.830378 0.684437
vt 0.965681 0.717866
vt 0.977324 0.722870
vt 0.847522 0.275160
vt 0.851105 0.257922
vt 0.857780 0.245909
vt 0.866128 0.241570
vt 0.867612 0.241518
vt 0.875579 0.246532
vt 0.881246 0.259061
vt 0.883401 0.276544
vt 0.883401 0.295723
vt 0.881186 0.311628
vt 0.875418 0.322513
vt 0.866957 0.326479
vt 0.859796 0.326250
vt 0.851695 0.321604
vt 0.846844 0.310288
vt 0.845945 0.294263
vt 0.950352 0.658460
vt 0.942555 0.652951
vt 0.889863 0.705463
vt 0.908596 0.710680
vt 0.948161 0.708784
vt 0.928708 0.651273
vt 0.874642 0.699636
vt 0.910955 0.653139
vt 0.864516 0.692274
vt 0.865513 0.667852
vt 0.861170 0.676277
vt 0.860881 0.683517
vt 0.876209 0.661350
vt 0.891857 0.656795
vt 0.948330 0.708476
vt 0.671696 0.789655
vt 0.675080 0.789985
vt 0.608988 0.783301
vt 0.611933 0.783303
vt 0.644728 0.786881
vt 0.647870 0.787273
vt 0.623716 0.784135
vt 0.626531 0.784278
vt 0.793465 0.788501
vt 0.796552 0.788577
vt 0.726764 0.790701
vt 0.730244 0.790761
vt 0.778086 0.788128
vt 0.781053 0.787967
vt 0.755377 0.789410
vt 0.758686 0.789268
vt 0.470154 0.790367
vt 0.473541 0.790469
vt 0.803886 0.789895
vt 0.803446 0.789835
vt 0.804024 0.789913
vt 0.441573 0.789485
vt 0.444836 0.789549
vt 0.418550 0.789034
vt 0.421578 0.788800
vt 0.587971 0.783221
vt 0.591019 0.783048
vt 0.525032 0.789311
vt 0.528495 0.789253
vt 0.572925 0.784073
vt 0.575767 0.783723
vt 0.552006 0.786714
vt 0.555279 0.786414
vt 0.676620 0.181637
vt 0.649849 0.181373
vt 0.644787 0.786890
vt 0.628025 0.181176
vt 0.623910 0.784147
vt 0.612085 0.181067
vt 0.609096 0.783302
vt 0.476087 0.181131
vt 0.447425 0.181204
vt 0.423953 0.181250
vt 0.418717 0.789021
vt 0.804024 0.182675
vt 0.804024 0.789913
vt 0.403194 0.790264
vt 0.407972 0.181216
vt 0.725027 0.182077
vt 0.753669 0.182365
vt 0.778249 0.788118
vt 0.777113 0.182586
vt 0.793592 0.788505
vt 0.793058 0.182668
vt 0.524499 0.181069
vt 0.527919 0.181061
vt 0.552067 0.786708
vt 0.551275 0.181007
vt 0.547855 0.181015
vt 0.573119 0.784047
vt 0.573102 0.180973
vt 0.588082 0.783215
vt 0.589043 0.180980
vn -0.0042 0.6857 -0.7279
vn 0.4282 -0.1236 0.8952
vn 0.0002 -0.8536 0.5209
vn -0.0087 -0.7561 -0.6544
vn 0.3620 0.6412 -0.6767
vn 0.2377 0.9518 -0.1937
vn -0.0042 -0.9977 -0.0677
vn 0.8078 -0.3895 0.4424
vn 0.4455 0.1013 -0.8895
vn 0.0003 0.9484 -0.3170
vn 0.0000 -0.1359 0.9907
vn -0.0009 0.8949 -0.4463
vn 0.0001 -0.6596 0.7516
vn 0.0002 0.9801 -0.1983
vn 0.0000 0.3651 0.9310
vn 0.0000 0.7732 0.6341
vn 0.2476 0.8671 -0.4322
vn 0.0001 0.9947 0.1027
vn 0.0003 -0.9111 0.4123
vn -0.0087 0.1096 -0.9939
vn -0.0099 -0.3651 -0.9309
vn 0.4074 0.3335 0.8502
vn 0.2377 -0.8297 0.5051
vn 0.3363 0.9369 0.0956
vn 0.4074 -0.3335 -0.8502
vn 0.4282 0.6992 0.5725
vn 0.1878 0.9313 -0.3122
vn 0.1878 -0.8952 0.4041
vn 0.4455 -0.6790 -0.5835
vn 0.3363 -0.6221 0.7070
vn 0.3620 -0.9302 -0.0603
vn 0.2476 -0.9297 0.2726
vn 0.8403 0.4196 0.3432
vn 0.7317 0.6782 0.0689
vn 0.6533 0.7419 -0.1511
vn 0.8425 0.0617 -0.5351
vn 0.7212 0.4772 -0.5021
vn 0.6403 0.6876 -0.3423
vn 0.6533 -0.6467 0.3936
vn 0.7317 -0.4505 0.5116
vn 0.8403 -0.0743 0.5369
vn 0.6403 -0.7370 0.2165
vn 0.7212 -0.6913 -0.0438
vn 0.8425 -0.4091 -0.3504
vn 0.8641 -0.1838 -0.4686
vn 0.6371 0.7308 -0.2450
vn 0.8641 0.1838 0.4686
vn 0.6371 -0.7025 0.3172
vn 1.0000 -0.0000 0.0000
vn 0.9003 0.3369 0.2756
vn 0.7034 -0.6479 0.2925
vn 0.9003 -0.0597 0.4312
vn 0.8078 0.5864 0.0596
vn 0.7293 -0.6564 0.1928
vn 0.7193 0.6808 -0.1386
vn 0.8267 -0.5614 -0.0356
vn 0.9058 0.0486 -0.4210
vn 0.9058 -0.3218 -0.2757
vn 0.8267 0.3876 -0.4078
vn 0.9180 -0.1448 -0.3691
vn 0.7293 0.6125 -0.3049
vn 0.7034 0.6740 -0.2260
vn 0.7193 -0.5935 0.3612
vn -0.9215 -0.1419 -0.3616
vn 0.1884 0.8959 -0.4024
vn 0.1626 0.9219 -0.3515
vn 0.3013 -0.2204 -0.9277
vn 0.3197 -0.0273 -0.9471
vn 0.2341 0.7362 -0.6350
vn 0.1811 0.8306 -0.5266
vn 0.2707 0.2815 -0.9206
vn 0.2270 0.5271 -0.8189
vn 0.3008 0.6408 0.7064
vn 0.2906 0.4766 0.8297
vn 0.1650 0.9458 -0.2797
vn 0.1862 0.9551 -0.2303
vn 0.2146 0.9412 0.2608
vn 0.2607 0.8387 0.4782
vn 0.1795 0.9775 -0.1103
vn 0.2239 0.9745 0.0134
vn 0.1862 -0.8570 0.4805
vn 0.1650 -0.8838 0.4379
vn 0.2906 0.2146 0.9325
vn 0.3008 0.0103 0.9536
vn 0.2239 -0.7055 0.6724
vn 0.1795 -0.7919 0.5837
vn 0.2607 -0.2899 0.9209
vn 0.2146 -0.5130 0.8311
vn 0.3197 -0.6239 -0.7131
vn 0.3013 -0.4691 -0.8302
vn 0.1626 -0.9151 0.3690
vn 0.1884 -0.9306 0.3140
vn 0.2270 -0.9433 -0.2422
vn 0.2707 -0.8323 -0.4838
vn 0.1811 -0.9671 0.1784
vn 0.2341 -0.9716 0.0348
vn -0.0000 0.9346 -0.3556
vn -0.0006 0.9124 -0.4093
vn -0.0032 0.7566 -0.6538
vn -0.0019 0.8444 -0.5357
vn -0.0077 0.2907 -0.9568
vn -0.0057 0.5399 -0.8417
vn -0.0098 -0.2316 -0.9728
vn -0.0093 -0.0302 -0.9995
vn 0.0002 -0.8956 0.4448
vn 0.0002 -0.8718 0.4899
vn 0.0001 -0.7233 0.6906
vn 0.0001 -0.8044 0.5941
vn 0.0000 -0.2998 0.9540
vn 0.0001 -0.5246 0.8514
vn 0.0000 0.2244 0.9745
vn 0.0000 0.0111 0.9999
vn 0.0002 0.9592 -0.2827
vn 0.0002 0.9724 -0.2334
vn 0.0001 0.9999 0.0147
vn 0.0001 0.9938 -0.1112
vn 0.0000 0.8684 0.4958
vn 0.0001 0.9635 0.2677
vn 0.0000 0.4980 0.8672
vn 0.0000 0.6717 0.7409
vn -0.0000 -0.9272 0.3747
vn -0.0006 -0.9474 0.3202
vn -0.0032 -0.9994 0.0349
vn -0.0019 -0.9834 0.1813
vn -0.0077 -0.8637 -0.5040
vn -0.0057 -0.9682 -0.2502
vn -0.0098 -0.4915 -0.8709
vn -0.0093 -0.6574 -0.7535
vn -0.0009 -0.9597 0.2811
usemtl knife2
s off
f 1984/2130/1902 2018/2131/1902 2023/2132/1902 1980/2133/1902
f 2054/2134/1903 2056/2135/1903 1940/2136/1903 1941/2137/1903 2048/2138/1903 2047/2139/1903
f 1990/2140/1904 2042/2141/1904 2051/2142/1904 1995/2143/1904
f 2067/2144/1905 1971/2145/1905 1966/2146/1905 2058/2147/1905
f 1934/2148/1906 2024/2149/1906 2023/2132/1906 2018/2131/1906 2020/2150/1906 1936/2151/1906
f 2038/2152/1907 2040/2153/1907 1932/2154/1907 1933/2155/1907 2032/2156/1907 2031/2157/1907
f 2071/2158/1908 1968/2159/1908 1972/2160/1908 2066/2161/1908
f 1924/2162/1909 1925/2163/1909 1955/2164/1909 1956/2165/1909
f 1935/2166/1910 2016/2167/1910 2015/2168/1910 2022/2169/1910 2024/2149/1910 1934/2148/1910
f 2011/2170/1911 1977/2171/1911 1999/2172/1911 2030/2173/1911
f 1993/2174/1912 2054/2134/1912 2047/2139/1912 1986/2175/1912
f 1978/2176/1913 2010/2177/1913 2019/2178/1913 1983/2179/1913
f 1996/2180/1914 2050/2181/1914 2055/2182/1914 1992/2183/1914
f 2031/2157/1915 1998/2184/1915 2005/2185/1915 2038/2152/1915
f 2001/2186/1916 1987/2187/1916 2046/2188/1916 2027/2189/1916
f 2035/2190/1917 2007/2191/1917 2002/2192/1917 2026/2193/1917
f 1936/2151/1918 2020/2150/1918 2019/2178/1918 2010/2177/1918 2012/2194/1918 1937/2195/1918
f 2039/2196/1919 2004/2197/1919 2008/2198/1919 2034/2199/1919
f 1963/2200/1920 2062/2201/1920 2043/2202/1920 1989/2203/1920
f 1981/2204/1921 2022/2169/1921 2015/2168/1921 1974/2205/1921
f 2014/2206/1922 2059/2207/1922 1965/2208/1922 1975/2209/1922
f 1941/2210/1923 1930/2211/1923 2028/2212/1923 2027/2189/1923 2046/2188/1923 2048/2213/1923
f 2042/2141/1924 2044/2214/1924 1938/2215/1924 1939/2216/1924 2052/2217/1924 2051/2142/1924
f 2034/2199/1925 2036/2218/1925 1931/2219/1925 1932/2154/1925 2040/2153/1925 2039/2196/1925
f 1935/2166/1926 1945/2220/1926 2060/2221/1926 2059/2207/1926 2014/2206/1926 2016/2167/1926
f 2026/2193/1927 2028/2212/1927 1930/2211/1927 1931/2219/1927 2036/2218/1927 2035/2190/1927
f 1933/2155/1928 1937/2195/1928 2012/2194/1928 2011/2170/1928 2030/2173/1928 2032/2156/1928
f 1943/2222/1929 1938/2215/1929 2044/2214/1929 2043/2202/1929 2062/2201/1929 2064/2223/1929
f 1944/2224/1930 2068/2225/1930 2067/2144/1930 2058/2147/1930 2060/2221/1930 1945/2220/1930
f 2050/2181/1931 2052/2217/1931 1939/2216/1931 1940/2136/1931 2056/2135/1931 2055/2182/1931
f 1942/2226/1932 2072/2227/1932 2071/2158/1932 2066/2161/1932 2068/2225/1932 1944/2224/1932
f 1943/2222/1933 2064/2223/1933 2063/2228/1933 2070/2229/1933 2072/2227/1933 1942/2226/1933
f 1927/2230/1934 1929/2231/1934 1931/2232/1934 1930/2233/1934
f 1929/2231/1935 1928/2234/1935 1932/2235/1935 1931/2232/1935
f 1928/2234/1936 1926/2236/1936 1933/2237/1936 1932/2235/1936
f 1920/2238/1937 1918/2239/1937 1935/2240/1937 1934/2241/1937
f 1921/2242/1938 1920/2238/1938 1934/2241/1938 1936/2243/1938
f 1919/2244/1939 1921/2242/1939 1936/2243/1939 1937/2245/1939
f 1923/2246/1940 1925/2163/1940 1939/2247/1940 1938/2248/1940
f 1925/2163/1941 1924/2162/1941 1940/2249/1941 1939/2247/1941
f 1924/2162/1942 1922/2250/1942 1941/2251/1942 1940/2249/1942
f 1916/2252/1943 1914/2253/1943 1943/2254/1943 1942/2255/1943
f 1917/2256/1944 1916/2252/1944 1942/2255/1944 1944/2257/1944
f 1915/2258/1945 1917/2256/1945 1944/2257/1945 1945/2259/1945
f 1918/2239/1946 1915/2258/1946 1945/2259/1946 1935/2240/1946
f 1926/2236/1947 1919/2244/1947 1937/2245/1947 1933/2237/1947
f 1922/2250/1948 1927/2260/1948 1930/2261/1948 1941/2251/1948
f 1914/2253/1949 1923/2246/1949 1938/2248/1949 1943/2254/1949
f 1949/2262/1950 1948/2263/1950 1947/2264/1950 1946/2265/1950 1957/2266/1950 1956/2267/1950 1955/2268/1950 1954/2269/1950 1959/2270/1950 1958/2271/1950 1960/2272/1950 1961/2273/1950 1951/2274/1950 1950/2275/1950 1952/2276/1950 1953/2277/1950
f 1929/2231/1951 1927/2230/1951 1946/2278/1951 1947/2279/1951
f 1923/2246/1952 1914/2253/1952 1959/2280/1952 1954/2281/1952
f 1922/2250/1953 1924/2162/1953 1956/2165/1953 1957/2282/1953
f 1928/2234/1954 1929/2231/1954 1947/2279/1954 1948/2283/1954
f 1914/2253/1955 1916/2252/1955 1958/2284/1955 1959/2280/1955
f 1926/2236/1956 1928/2234/1956 1948/2283/1956 1949/2285/1956
f 1916/2252/1957 1917/2256/1957 1960/2286/1957 1958/2284/1957
f 1918/2239/1958 1920/2238/1958 1950/2287/1958 1951/2288/1958
f 1917/2256/1959 1915/2258/1959 1961/2289/1959 1960/2286/1959
f 1920/2238/1960 1921/2242/1960 1952/2290/1960 1950/2287/1960
f 1915/2258/1961 1918/2239/1961 1951/2288/1961 1961/2289/1961
f 1921/2242/1962 1919/2244/1962 1953/2291/1962 1952/2290/1962
f 1919/2244/1963 1926/2236/1963 1949/2285/1963 1953/2291/1963
f 1925/2163/1964 1923/2246/1964 1954/2281/1964 1955/2164/1964
f 1927/2260/1965 1922/2250/1965 1957/2282/1965 1946/2292/1965
f 2010/2177/1966 2013/2293/1966 2012/2194/1966
f 2013/2293/1967 2011/2294/1967 2012/2194/1967
f 2014/2206/1968 2017/2295/1968 2016/2167/1968
f 2017/2295/1969 2015/2296/1969 2016/2167/1969
f 2018/2131/1970 2021/2297/1970 2020/2150/1970
f 2021/2297/1971 2019/2298/1971 2020/2150/1971
f 2022/2169/1972 2025/2299/1972 2024/2149/1972
f 2025/2299/1973 2023/2300/1973 2024/2149/1973
f 2026/2193/1974 2029/2301/1974 2028/2212/1974
f 2029/2301/1975 2027/2302/1975 2028/2212/1975
f 2030/2173/1976 2033/2303/1976 2032/2156/1976
f 2033/2303/1977 2031/2304/1977 2032/2156/1977
f 2034/2199/1978 2037/2305/1978 2036/2218/1978
f 2037/2305/1979 2035/2306/1979 2036/2218/1979
f 2038/2152/1980 2041/2307/1980 2040/2153/1980
f 2041/2307/1981 2039/2308/1981 2040/2153/1981
f 2042/2141/1982 2045/2309/1982 2044/2214/1982
f 2045/2309/1983 2043/2310/1983 2044/2214/1983
f 2046/2188/1984 2049/2311/1984 2048/2312/1984
f 2049/2311/1985 2047/2313/1985 2048/2312/1985
f 2050/2181/1986 2053/2314/1986 2052/2217/1986
f 2053/2314/1987 2051/2315/1987 2052/2217/1987
f 2054/2134/1988 2057/2316/1988 2056/2135/1988
f 2057/2316/1989 2055/2317/1989 2056/2135/1989
f 2058/2147/1990 2061/2318/1990 2060/2221/1990
f 2061/2318/1991 2059/2319/1991 2060/2221/1991
f 2062/2201/1992 2065/2320/1992 2064/2223/1992
f 2065/2320/1993 2063/2321/1993 2064/2223/1993
f 2066/2161/1994 2069/2322/1994 2068/2225/1994
f 2069/2322/1995 2067/2323/1995 2068/2225/1995
f 2070/2229/1996 2073/2324/1996 2072/2227/1996
f 2073/2324/1997 2071/2325/1997 2072/2227/1997
f 1977/2171/1998 2011/2170/1998 2013/2293/1998 1979/2326/1998
f 1979/2326/1999 2013/2293/1999 2010/2177/1999 1978/2176/1999
f 2018/2131/2000 1984/2130/2000 1985/2327/2000 2021/2328/2000
f 2021/2328/2001 1985/2327/2001 1983/2179/2001 2019/2178/2001
f 2022/2169/2002 1981/2204/2002 1982/2329/2002 2025/2330/2002
f 2025/2330/2003 1982/2329/2003 1980/2133/2003 2023/2132/2003
f 2014/2206/2004 1975/2209/2004 1976/2331/2004 2017/2332/2004
f 2017/2332/2005 1976/2331/2005 1974/2205/2005 2015/2168/2005
f 1989/2203/2006 2043/2202/2006 2045/2309/2006 1991/2333/2006
f 1991/2333/2007 2045/2309/2007 2042/2141/2007 1990/2140/2007
f 2050/2181/2008 1996/2180/2008 1997/2334/2008 2053/2314/2008
f 2053/2314/2009 1997/2334/2009 1995/2143/2009 2051/2142/2009
f 2054/2134/2010 1993/2174/2010 1994/2335/2010 2057/2336/2010
f 2057/2336/2011 1994/2335/2011 1992/2183/2011 2055/2182/2011
f 2046/2188/2012 1987/2187/2012 1988/2337/2012 2049/2338/2012
f 2049/2339/2013 1988/2340/2013 1986/2175/2013 2047/2139/2013
f 2030/2173/2014 1999/2172/2014 2000/2341/2014 2033/2303/2014
f 2033/2303/2015 2000/2341/2015 1998/2184/2015 2031/2157/2015
f 2004/2197/2016 2039/2196/2016 2041/2307/2016 2006/2342/2016
f 2006/2342/2017 2041/2307/2017 2038/2152/2017 2005/2185/2017
f 2007/2191/2018 2035/2190/2018 2037/2343/2018 2009/2344/2018
f 2009/2344/2019 2037/2343/2019 2034/2199/2019 2008/2198/2019
f 2001/2186/2020 2027/2189/2020 2029/2345/2020 2003/2346/2020
f 2003/2346/2021 2029/2345/2021 2026/2193/2021 2002/2192/2021
f 2062/2201/2022 1963/2200/2022 1964/2347/2022 2065/2320/2022
f 2065/2320/2023 1964/2347/2023 1962/2348/2023 2063/2228/2023
f 1968/2159/2024 2071/2158/2024 2073/2349/2024 1970/2350/2024
f 1970/2350/2025 2073/2349/2025 2070/2229/2025 1969/2351/2025
f 1971/2145/2026 2067/2144/2026 2069/2352/2026 1973/2353/2026
f 1973/2353/2027 2069/2352/2027 2066/2161/2027 1972/2160/2027
f 1965/2208/2028 2059/2207/2028 2061/2354/2028 1967/2355/2028
f 1967/2355/2029 2061/2354/2029 2058/2147/2029 1966/2146/2029
f 2063/2228/2030 1962/2348/2030 1969/2351/2030 2070/2229/2030
